{
"type": "FeatureCollection",
"name": "gp_catchment",
"crs": { "type": "name", "properties": { "name": "urn:ogc:def:crs:OGC:1.3:CRS84" } },
"features": [
{ "type": "Feature", "properties": { "ODSCode": "N81001", "Name": "AUDLEM MEDICAL PRACTICE", "ICBCode": "QYG", "Region": "Y62", "stroke.opacity": "1.0", "stroke.width": "2.0", "fill.opacity": "0", "OBJECTID": 1030, "stroke": "#0000ff", "fill": "#555555" }, "geometry": { "type": "Polygon", "coordinates": [ [ [ -2.5076300308, 53.051119984700001 ], [ -2.5186200221, 53.049879990400001 ], [ -2.5337200203, 53.050289983600003 ], [ -2.5529499813, 53.032129994400002 ], [ -2.5872800032, 53.010650024699999 ], [ -2.5955200173, 52.9858599887 ], [ -2.5920900013, 52.970969965899997 ], [ -2.5762900084, 52.959809989299998 ], [ -2.5708000152, 52.949469992600001 ], [ -2.5515700122, 52.945740001300003 ], [ -2.5399000129, 52.940360003400002 ], [ -2.5244500109, 52.934360001800002 ], [ -2.5193000089, 52.934570002 ], [ -2.5179300093, 52.934980004099998 ], [ -2.509690015, 52.9366400121 ], [ -2.4973300141, 52.941599994100002 ], [ -2.4753600161, 52.949049989400002 ], [ -2.4527000173, 52.956079996600003 ], [ -2.4073800042, 52.978419992699997 ], [ -2.4211100111, 53.013959992700002 ], [ -2.4664300083, 53.039559991200001 ], [ -2.4849700136, 53.0428599902 ], [ -2.4980200079, 53.050289986499997 ], [ -2.5076300308, 53.051119984700001 ] ] ] } },
{ "type": "Feature", "properties": { "ODSCode": "N81002", "Name": "KENMORE MEDICAL CENTRE", "ICBCode": "QYG", "Region": "Y62", "stroke.opacity": "1.0", "stroke.width": "2.0", "fill.opacity": "0", "OBJECTID": 2076, "stroke": "#0000ff", "fill": "#555555" }, "geometry": { "type": "Polygon", "coordinates": [ [ [ -2.2300100229, 53.3468109907 ], [ -2.2299632207, 53.346790042499997 ], [ -2.2299460219, 53.346925990700001 ], [ -2.2303200228, 53.347639990700003 ], [ -2.2321900241, 53.348929992099997 ], [ -2.2360200248, 53.348879993600001 ], [ -2.2373700265, 53.348629994100001 ], [ -2.2377780263, 53.348193994600003 ], [ -2.238722027, 53.347758994899998 ], [ -2.239680028, 53.347859995199997 ], [ -2.2408680269, 53.347630995800003 ], [ -2.2421120259, 53.347860995399998 ], [ -2.2422840252, 53.348936995300001 ], [ -2.2423270278, 53.350064995799997 ], [ -2.2431850294, 53.3513449967 ], [ -2.2445000272, 53.352499996500001 ], [ -2.2449450215, 53.354931995500003 ], [ -2.2461890163, 53.355776995600003 ], [ -2.2483350125, 53.355930994399998 ], [ -2.2501800083, 53.355443994700003 ], [ -2.2521970058, 53.355110994100002 ], [ -2.2529700053, 53.354726994300002 ], [ -2.2540430049, 53.354444994399998 ], [ -2.2555020041, 53.353983994899998 ], [ -2.2564890024, 53.3534719958 ], [ -2.2571750024, 53.352702995800001 ], [ -2.2588050008, 53.351959995800001 ], [ -2.2597509996, 53.351652995800002 ], [ -2.2604370007, 53.349731994300001 ], [ -2.2620300069, 53.345989994200004 ], [ -2.2745130003, 53.343583001799999 ], [ -2.2775170044, 53.341942997300002 ], [ -2.2767450034, 53.339226999700003 ], [ -2.2738270009, 53.337075004900001 ], [ -2.2699639998, 53.337075007599999 ], [ -2.2666170004, 53.335972995100001 ], [ -2.2662729988, 53.334204996899999 ], [ -2.2683330039, 53.3333849976 ], [ -2.2699600044, 53.333080006800003 ], [ -2.2777700113, 53.3288699995 ], [ -2.2794910142, 53.325028998299999 ], [ -2.2778500057, 53.319919991299997 ], [ -2.276299998, 53.317599984899999 ], [ -2.2765499959, 53.314359984799999 ], [ -2.2748569897, 53.313031982600002 ], [ -2.2730599829, 53.3121899816 ], [ -2.2587800165, 53.310489994900003 ], [ -2.2553300307, 53.311519002 ], [ -2.2517100171, 53.311639993900002 ], [ -2.2481200316, 53.313467996299998 ], [ -2.2455880392, 53.3138519966 ], [ -2.2445580415, 53.312724000800003 ], [ -2.2412400529, 53.313040002 ], [ -2.2398600546, 53.313280000900001 ], [ -2.2370300324, 53.313089996400002 ], [ -2.2325420159, 53.311902991499998 ], [ -2.2299100137, 53.314609987600001 ], [ -2.2317700071, 53.3191849894 ], [ -2.2287650083, 53.321337990400004 ], [ -2.2265340106, 53.321850991200002 ], [ -2.2201500083, 53.320649991700002 ], [ -2.2139800092, 53.321069990799998 ], [ -2.2104000085, 53.320159991399997 ], [ -2.2085200088, 53.3193199898 ], [ -2.1975230121, 53.319081989300003 ], [ -2.1828460049, 53.328822991899997 ], [ -2.1840050024, 53.329616993800002 ], [ -2.1852490025, 53.329693993699998 ], [ -2.1839620036, 53.329693993399999 ], [ -2.1892800065, 53.330549996199998 ], [ -2.192930007, 53.330589996800001 ], [ -2.1950300079, 53.332389998 ], [ -2.1966970008, 53.333704998100004 ], [ -2.197801988, 53.334377998 ], [ -2.1988099883, 53.334689996 ], [ -2.2000549897, 53.334966995099997 ], [ -2.2008489876, 53.334838994800002 ], [ -2.203269988, 53.335239993800002 ], [ -2.2118779881, 53.335446989799998 ], [ -2.2141739914, 53.335972991299997 ], [ -2.2166199944, 53.336241991199998 ], [ -2.2197499984, 53.337539990899998 ], [ -2.2156330118, 53.344094991699997 ], [ -2.2234440194, 53.345375989099999 ], [ -2.2271350205, 53.346246990399997 ], [ -2.2288080209, 53.346272991299998 ], [ -2.2299632207, 53.346790042499997 ], [ -2.2299670218, 53.346759990499997 ], [ -2.2300100229, 53.3468109907 ] ] ] } },
{ "type": "Feature", "properties": { "ODSCode": "N81005", "Name": "HELSBY HEALTH CENTRE", "ICBCode": "QYG", "Region": "Y62", "stroke.opacity": "1.0", "stroke.width": "2.0", "fill.opacity": "0", "OBJECTID": 5743, "stroke": "#0000ff", "fill": "#555555" }, "geometry": { "type": "Polygon", "coordinates": [ [ [ -2.8670900033, 53.285229996299996 ], [ -2.8651999969, 53.2819499963 ], [ -2.8638300025, 53.2719899959 ], [ -2.8547299998, 53.265009993900001 ], [ -2.8547300099, 53.256999993 ], [ -2.8473500359, 53.250729982899998 ], [ -2.8418500064, 53.235319992699999 ], [ -2.8293200072, 53.232859996800002 ], [ -2.8507800068, 53.218269989600003 ], [ -2.8430600149, 53.215699994600001 ], [ -2.8307000077, 53.208709993900001 ], [ -2.7986000152, 53.208549994099997 ], [ -2.7455500112, 53.208709991100001 ], [ -2.732849997, 53.209939991600002 ], [ -2.7228899881, 53.214050002 ], [ -2.7115599975, 53.213640001199998 ], [ -2.7053800178, 53.229669988700003 ], [ -2.7115600197, 53.234399991 ], [ -2.7088200289, 53.236449989 ], [ -2.702040016, 53.236199989699998 ], [ -2.6955999513, 53.234909992399999 ], [ -2.6844399727, 53.2306999925 ], [ -2.6732800328, 53.2291600195 ], [ -2.6650400177, 53.228749993400001 ], [ -2.6671000189, 53.242719990300003 ], [ -2.6756901673, 53.249500062800003 ], [ -2.6772301265, 53.257820044699997 ], [ -2.6801500665, 53.262950020200002 ], [ -2.6930198535, 53.271779986699997 ], [ -2.7024699992, 53.279999992 ], [ -2.7081299784, 53.282659992500001 ], [ -2.7141400154, 53.288309991200002 ], [ -2.716540028, 53.289849991200001 ], [ -2.7164600156, 53.291669992099997 ], [ -2.7168800159, 53.293439992 ], [ -2.7183000304, 53.297129991299997 ], [ -2.7188200389, 53.298029991100002 ], [ -2.7203200583, 53.300259987899999 ], [ -2.7274800415, 53.303619988900003 ], [ -2.7293300377, 53.306239990500004 ], [ -2.7313000359, 53.307339991799999 ], [ -2.7350800418, 53.3055699891 ], [ -2.7414300329, 53.305239991400001 ], [ -2.7486400215, 53.311389995600003 ], [ -2.7779999953, 53.299899990500002 ], [ -2.7960200052, 53.293339988100001 ], [ -2.8179900158, 53.291279989400003 ], [ -2.8396199527, 53.287379989900003 ], [ -2.8490599852, 53.284769989399997 ], [ -2.8670900033, 53.285229996299996 ] ] ] } },
{ "type": "Feature", "properties": { "ODSCode": "N81006", "Name": "BUNBURY MEDICAL PRACTICE", "ICBCode": "QYG", "Region": "Y62", "stroke.opacity": "1.0", "stroke.width": "2.0", "fill.opacity": "0", "OBJECTID": 3571, "stroke": "#0000ff", "fill": "#555555" }, "geometry": { "type": "Polygon", "coordinates": [ [ [ -2.5725860067, 53.195565016899998 ], [ -2.5624240041, 53.197498013199997 ], [ -2.5593340156, 53.199019997800001 ], [ -2.560158012, 53.200459980700003 ], [ -2.5611190107, 53.202639984 ], [ -2.5629730104, 53.2043669886 ], [ -2.5653080098, 53.204366991199997 ], [ -2.5688100098, 53.204983995699997 ], [ -2.5723110121, 53.205888996399999 ], [ -2.5763630114, 53.207163997 ], [ -2.5808940099, 53.208520996799997 ], [ -2.5834350082, 53.209465996900001 ], [ -2.5874860077, 53.210822997 ], [ -2.5902330063, 53.211522996200003 ], [ -2.5921550037, 53.212344995700001 ], [ -2.5944900026, 53.212961995199997 ], [ -2.5969619992, 53.213742995 ], [ -2.5999149981, 53.214482994699999 ], [ -2.6034159991, 53.215798993699998 ], [ -2.6052019984, 53.216373994100003 ], [ -2.6105580045, 53.218799992 ], [ -2.6128920085, 53.2199929919 ], [ -2.6143340115, 53.220814991200001 ], [ -2.6157070129, 53.2219249909 ], [ -2.6171490145, 53.222910990899997 ], [ -2.618317017, 53.223897990899999 ], [ -2.6198270046, 53.225952992099998 ], [ -2.6197590064, 53.227145992 ], [ -2.6228480031, 53.226569991300003 ], [ -2.6284099972, 53.226199988 ], [ -2.6480480097, 53.215511021799998 ], [ -2.6518940083, 53.214236019399998 ], [ -2.6550520058, 53.2132910208 ], [ -2.6578670058, 53.211646011200003 ], [ -2.6739350429, 53.210987952 ], [ -2.6802520263, 53.205230963699996 ], [ -2.6902770363, 53.200789014599998 ], [ -2.6924740309, 53.2014880105 ], [ -2.6989970115, 53.1982799974 ], [ -2.7148590119, 53.194042988699998 ], [ -2.7213820089, 53.193301984100003 ], [ -2.7267380057, 53.193466984300002 ], [ -2.7318190027, 53.193425985700003 ], [ -2.736488002, 53.1949069872 ], [ -2.7397840041, 53.196510987300002 ], [ -2.742325005, 53.197538986799998 ], [ -2.7439040054, 53.197291985699998 ], [ -2.7461010043, 53.195728985700001 ], [ -2.7487790033, 53.194165986400002 ], [ -2.753448003, 53.190874991199998 ], [ -2.7580490052, 53.188899993100001 ], [ -2.7608640088, 53.186595992800001 ], [ -2.7644350113, 53.1830989917 ], [ -2.765602005, 53.1790659929 ], [ -2.7729490039, 53.179477990599999 ], [ -2.7757640022, 53.1774609912 ], [ -2.7794040025, 53.173797990399997 ], [ -2.7835920064, 53.173303991700003 ], [ -2.7885360064, 53.171657993700002 ], [ -2.782906006, 53.167253994900001 ], [ -2.7861330011, 53.163466994099998 ], [ -2.7784419992, 53.162684996499998 ], [ -2.7793349938, 53.158443995799999 ], [ -2.7755579977, 53.155355995800001 ], [ -2.7726749997, 53.154243995100003 ], [ -2.7819439989, 53.148272989600002 ], [ -2.7870939899, 53.145225983400003 ], [ -2.7898409789, 53.144731978599999 ], [ -2.7955399853, 53.146255978299997 ], [ -2.8015819999, 53.144072978099999 ], [ -2.8043979798, 53.144607972499998 ], [ -2.809272967, 53.146584969400003 ], [ -2.8114699778, 53.146955973300003 ], [ -2.8123629815, 53.1440729734 ], [ -2.8119759847, 53.142203973 ], [ -2.8088179915, 53.1376319783 ], [ -2.8077880081, 53.132832986899999 ], [ -2.8065180057, 53.126343989 ], [ -2.8057970024, 53.121378989599997 ], [ -2.8042860034, 53.1206579889 ], [ -2.8015049998, 53.11950399 ], [ -2.7872920082, 53.109673993299999 ], [ -2.7791200039, 53.105366997399997 ], [ -2.7763400139, 53.099657008800001 ], [ -2.7770950052, 53.089534986300002 ], [ -2.7777810133, 53.084502989599997 ], [ -2.7756870123, 53.084688990300002 ], [ -2.7718080091, 53.084873991099997 ], [ -2.7670350061, 53.084977992299997 ], [ -2.7632590051, 53.084214991400003 ], [ -2.7628129888, 53.080914981 ], [ -2.7638079854, 53.080233979500001 ], [ -2.7652499913, 53.078047980699999 ], [ -2.7654220028, 53.0745419844 ], [ -2.7642890084, 53.072478986100002 ], [ -2.7625380129, 53.0683739905 ], [ -2.761748014, 53.067981990600003 ], [ -2.7575940083, 53.064413990799999 ], [ -2.754642003, 53.062618991299999 ], [ -2.7530619974, 53.060616991800003 ], [ -2.7517229959, 53.057356992599999 ], [ -2.75035, 53.054921992399997 ], [ -2.7480840038, 53.0536219942 ], [ -2.745681004, 53.049865995399998 ], [ -2.7359990174, 53.042807961199998 ], [ -2.7343850401, 53.044107934499998 ], [ -2.7340760422, 53.044850934899998 ], [ -2.7324970411, 53.046192952600002 ], [ -2.7308150475, 53.046542961 ], [ -2.7276910233, 53.0490199893 ], [ -2.7267640203, 53.049349992099998 ], [ -2.7247720181, 53.049618992 ], [ -2.7236740168, 53.050175996500002 ], [ -2.7210990254, 53.051351986599997 ], [ -2.720515026, 53.0513519848 ], [ -2.7198290304, 53.051723980399998 ], [ -2.7155710593, 53.0534159539 ], [ -2.7133050564, 53.053188956100001 ], [ -2.7114170561, 53.053229955900001 ], [ -2.7102160508, 53.052899959 ], [ -2.7093920196, 53.050773983 ], [ -2.7109370125, 53.047265961800001 ], [ -2.7091510103, 53.045593950899999 ], [ -2.7076410064, 53.044829946599997 ], [ -2.7059240073, 53.043240964600002 ], [ -2.7040010052, 53.043488963400002 ], [ -2.7053400098, 53.041444982500003 ], [ -2.7043790081, 53.040515981200002 ], [ -2.7023190074, 53.039318977400001 ], [ -2.6997100047, 53.037501972500003 ], [ -2.6978560059, 53.038740975700001 ], [ -2.6971350034, 53.038513974799997 ], [ -2.6942510037, 53.037171970499998 ], [ -2.6926720042, 53.036242967 ], [ -2.6906460083, 53.034653975700003 ], [ -2.6897540092, 53.034776973900001 ], [ -2.6881740118, 53.034446978200002 ], [ -2.6870070113, 53.034467977699997 ], [ -2.6852220111, 53.0347979728 ], [ -2.6846380124, 53.034508977800002 ], [ -2.6818230164, 53.033517989400004 ], [ -2.679557014, 53.032320988899997 ], [ -2.6772570125, 53.033269988 ], [ -2.6748880118, 53.033414987900002 ], [ -2.6732740099, 53.031989988399999 ], [ -2.6689480078, 53.031680989500003 ], [ -2.6675410068, 53.031969988100002 ], [ -2.6656870069, 53.031927986100001 ], [ -2.6639010052, 53.031163985799999 ], [ -2.6618410026, 53.029821984800002 ], [ -2.6565890035, 53.031618978499999 ], [ -2.6517130114, 53.033620980499997 ], [ -2.6510950011, 53.035251951500001 ], [ -2.6497219976, 53.036634947499998 ], [ -2.6513359983, 53.037584953600003 ], [ -2.6533959981, 53.039504964499997 ], [ -2.655283999, 53.042641983099998 ], [ -2.6578249971, 53.047286981799999 ], [ -2.6569659965, 53.0485039828 ], [ -2.6581329961, 53.050196983900001 ], [ -2.6581679966, 53.051785986100001 ], [ -2.6575159971, 53.053167987199998 ], [ -2.6560049957, 53.053147988299997 ], [ -2.6514729924, 53.053539988700003 ], [ -2.6470099995, 53.054921989500002 ], [ -2.6454990005, 53.054343988299998 ], [ -2.6428210035, 53.054447987499998 ], [ -2.6410020048, 53.054240987199996 ], [ -2.6386670078, 53.054674988499997 ], [ -2.6363750093, 53.055515988800003 ], [ -2.6313630114, 53.055102991600002 ], [ -2.6283420139, 53.053864994400001 ], [ -2.6263500135, 53.054607995399998 ], [ -2.6243590145, 53.054689993899999 ], [ -2.6213380182, 53.057165990500003 ], [ -2.6163250184, 53.059806989400002 ], [ -2.6115880155, 53.060302989199997 ], [ -2.6093900117, 53.061870990899997 ], [ -2.6091160107, 53.063108991 ], [ -2.6062320071, 53.0642229937 ], [ -2.6045150052, 53.064222994700003 ], [ -2.6035540061, 53.064717995800002 ], [ -2.5995710036, 53.065088996 ], [ -2.592430003, 53.064180994399997 ], [ -2.5846020055, 53.066904987500003 ], [ -2.5744400138, 53.067688985799997 ], [ -2.5729290132, 53.0685549851 ], [ -2.5721740137, 53.068678985399998 ], [ -2.562766986, 53.072721990399998 ], [ -2.5622179808, 53.0742069896 ], [ -2.5608439722, 53.075155988299997 ], [ -2.5605699705, 53.076310988499998 ], [ -2.5615309765, 53.077630987600003 ], [ -2.5624919818, 53.079321986899998 ], [ -2.5567929572, 53.080971987600002 ], [ -2.5518489562, 53.082785987900003 ], [ -2.5495829729, 53.082827987 ], [ -2.5408629825, 53.082621989099998 ], [ -2.5360569987, 53.081754990299999 ], [ -2.5300830115, 53.079981989399997 ], [ -2.5232850122, 53.078537989399997 ], [ -2.5226670144, 53.081012989 ], [ -2.5222550157, 53.082992988299999 ], [ -2.5203320172, 53.084889987499999 ], [ -2.5191650132, 53.088436985100003 ], [ -2.5183410152, 53.092353982699997 ], [ -2.5153880471, 53.093219968 ], [ -2.5128481885, 53.096889903099999 ], [ -2.5123672578, 53.098620869199998 ], [ -2.5120931455, 53.102083935400003 ], [ -2.5122989555, 53.109834004500001 ], [ -2.5118869635, 53.110741002899999 ], [ -2.5109249904, 53.113914998 ], [ -2.5121610161, 53.116881994499998 ], [ -2.5125730126, 53.119683992299997 ], [ -2.5136030091, 53.122856990499997 ], [ -2.514496006, 53.1248349894 ], [ -2.5145650065, 53.127059989099997 ], [ -2.5148390065, 53.128501989500002 ], [ -2.5143590073, 53.131014988899999 ], [ -2.5131910098, 53.133074989400001 ], [ -2.5127790099, 53.136905987699997 ], [ -2.5438159807, 53.1665129971 ], [ -2.5562439093, 53.181575995499998 ], [ -2.5607759451, 53.185609008599997 ], [ -2.5655139803, 53.189970011 ], [ -2.5725860067, 53.195565016899998 ] ] ] } },
{ "type": "Feature", "properties": { "ODSCode": "N81007", "Name": "HOLES LANE MEDICAL LTD.", "ICBCode": "QYG", "Region": "Y62", "stroke.opacity": "1.0", "stroke.width": "2.0", "fill.opacity": "0", "OBJECTID": 2266, "stroke": "#0000ff", "fill": "#555555" }, "geometry": { "type": "Polygon", "coordinates": [ [ [ -2.5958599971, 53.421809991899998 ], [ -2.5986100016, 53.418739989599999 ], [ -2.5972399555, 53.411779972700003 ], [ -2.5941500026, 53.405849989099998 ], [ -2.5948300429, 53.397049996 ], [ -2.5859100187, 53.392949994699997 ], [ -2.5872800099, 53.389269991 ], [ -2.590370009, 53.384969988 ], [ -2.591060004, 53.382509988300001 ], [ -2.5855600016, 53.378409985300003 ], [ -2.5821299868, 53.373909985700003 ], [ -2.5066000118, 53.3906999927 ], [ -2.5179299816, 53.404209960700001 ], [ -2.5347499702, 53.411369960499997 ], [ -2.5519200177, 53.4228299687 ], [ -2.5594699998, 53.424879965300001 ], [ -2.5649600057, 53.423649971899998 ], [ -2.5958599971, 53.421809991899998 ] ] ] } },
{ "type": "Feature", "properties": { "ODSCode": "N81008", "Name": "THE CEDARS MEDICAL CENTRE", "ICBCode": "QYG", "Region": "Y62", "stroke.opacity": "1.0", "stroke.width": "2.0", "fill.opacity": "0", "OBJECTID": 5228, "stroke": "#0000ff", "fill": "#555555" }, "geometry": { "type": "Polygon", "coordinates": [ [ [ -2.3091890114, 53.164474987 ], [ -2.3266890723, 53.154365477900001 ], [ -2.3465518537, 53.146320940199999 ], [ -2.3714667724, 53.119416229099997 ], [ -2.4005130041, 53.088028985299999 ], [ -2.3905560159, 53.053389983599999 ], [ -2.3263550189, 53.050190988799997 ], [ -2.3070226362, 53.0613859296 ], [ -2.2859517373, 53.064888816299998 ], [ -2.266292962, 53.060434274599999 ], [ -2.2546895142, 53.063426073700001 ], [ -2.2476940902, 53.069806054899999 ], [ -2.2395099818, 53.0772689466 ], [ -2.2528840071, 53.087013992 ], [ -2.2425840224, 53.098147002 ], [ -2.2135169462, 53.110457329100001 ], [ -2.1955490038, 53.129865985899997 ], [ -2.2693630132, 53.156842990400001 ], [ -2.3091890114, 53.164474987 ] ] ] } },
{ "type": "Feature", "properties": { "ODSCode": "N81009", "Name": "HEATH LANE MEDICAL CENTRE", "ICBCode": "QYG", "Region": "Y62", "stroke.opacity": "1.0", "stroke.width": "2.0", "fill.opacity": "0", "OBJECTID": 5813, "stroke": "#0000ff", "fill": "#555555" }, "geometry": { "type": "Polygon", "coordinates": [ [ [ -2.86554001, 53.1683899915 ], [ -2.853439996, 53.168229995700003 ], [ -2.8411699753, 53.167049993600003 ], [ -2.8299199917, 53.1662799928 ], [ -2.8193700021, 53.166739987200003 ], [ -2.815860014, 53.169879988399998 ], [ -2.8140800149, 53.173319987799999 ], [ -2.8164100139, 53.177649988600002 ], [ -2.8187400087, 53.180709988099998 ], [ -2.8223546911, 53.181768182699997 ], [ -2.8233134778, 53.183027025900003 ], [ -2.8215600053, 53.194929994900001 ], [ -2.8229900013, 53.209219991200001 ], [ -2.819380014, 53.217289995400002 ], [ -2.8181700189, 53.2212699942 ], [ -2.8166200197, 53.223419994 ], [ -2.8168800209, 53.224749993 ], [ -2.8178200236, 53.225249993200002 ], [ -2.8192500236, 53.2258199941 ], [ -2.8207400242, 53.225969995600003 ], [ -2.8220500258, 53.225869996199997 ], [ -2.8239100267, 53.225819996799999 ], [ -2.8255100269, 53.225039998100002 ], [ -2.8319900195, 53.222929998700003 ], [ -2.836730015, 53.221479998100001 ], [ -2.84645001, 53.218629992 ], [ -2.8675200056, 53.215639987099998 ], [ -2.8744299969, 53.217419986499998 ], [ -2.8786499957, 53.217429987899997 ], [ -2.8827099931, 53.217189988599998 ], [ -2.8850700108, 53.216329988799998 ], [ -2.887340009, 53.215569988 ], [ -2.8900100062, 53.2131299881 ], [ -2.8952400078, 53.211839989399998 ], [ -2.8952300072, 53.21072999 ], [ -2.8948800074, 53.209409990600001 ], [ -2.8934400065, 53.200839996299997 ], [ -2.8941099899, 53.198799993800002 ], [ -2.8934199657, 53.196559988300002 ], [ -2.887219969, 53.194749985500003 ], [ -2.8815299786, 53.192009988099997 ], [ -2.8793362819, 53.190309759199998 ], [ -2.8750020265, 53.191583132600002 ], [ -2.8712144787, 53.190476639400003 ], [ -2.8711699963, 53.1852299922 ], [ -2.873700009, 53.179759992800001 ], [ -2.8703900136, 53.173869992900002 ], [ -2.86554001, 53.1683899915 ] ] ] } },
{ "type": "Feature", "properties": { "ODSCode": "N81010", "Name": "NANTWICH HEALTH CENTRE", "ICBCode": "QYG", "Region": "Y62", "stroke.opacity": "1.0", "stroke.width": "2.0", "fill.opacity": "0", "OBJECTID": 3302, "stroke": "#0000ff", "fill": "#555555" }, "geometry": { "type": "Polygon", "coordinates": [ [ [ -2.5868000116, 53.115599994900002 ], [ -2.6013800073, 53.076189988499998 ], [ -2.6043000069, 53.071379992 ], [ -2.6044400053, 53.066559993399999 ], [ -2.598660004, 53.060059997300002 ], [ -2.5979800076, 53.0536199951 ], [ -2.5927700175, 53.040829990299997 ], [ -2.5881399991, 53.031479972 ], [ -2.5865399925, 53.028719949 ], [ -2.5854599968, 53.0259099608 ], [ -2.5826000075, 53.020590001099997 ], [ -2.5682300011, 53.018910049200002 ], [ -2.5651000068, 53.011730001399997 ], [ -2.5623100102, 53.010109994600001 ], [ -2.555930015, 53.009839987399999 ], [ -2.5486800155, 53.0101899844 ], [ -2.5394600041, 53.011109985300003 ], [ -2.5266100007, 53.008939992099997 ], [ -2.50825998, 53.0096499896 ], [ -2.5029000065, 53.013209989300002 ], [ -2.5009799999, 53.018620001199999 ], [ -2.4782500013, 53.022240001 ], [ -2.4714100013, 53.020849999600003 ], [ -2.4671200043, 53.021479998700002 ], [ -2.463560004, 53.021169998300003 ], [ -2.4630100029, 53.020969998600002 ], [ -2.4624100026, 53.0209699985 ], [ -2.4455099934, 53.024629996500003 ], [ -2.4378699998, 53.036759987799996 ], [ -2.4341400077, 53.040279978100003 ], [ -2.4331500318, 53.0416299667 ], [ -2.4322101111, 53.043399930299998 ], [ -2.4320401713, 53.0447299036 ], [ -2.4314501839, 53.045229897399999 ], [ -2.4314502038, 53.045679888499997 ], [ -2.4300801483, 53.046709917500003 ], [ -2.429140093, 53.047789946400002 ], [ -2.4278500575, 53.048509965599997 ], [ -2.426280011, 53.049869990099999 ], [ -2.4247199844, 53.0513800035 ], [ -2.4239399859, 53.051530003800003 ], [ -2.4242899813, 53.051890006699999 ], [ -2.4233399846, 53.051890005 ], [ -2.4228299662, 53.0538500157 ], [ -2.4201699898, 53.055510008500001 ], [ -2.4190500038, 53.056640003 ], [ -2.4187100116, 53.0576200008 ], [ -2.4179400161, 53.058189999500001 ], [ -2.417160017, 53.058959999 ], [ -2.4402499358, 53.075160019199998 ], [ -2.4402499545, 53.0788200139 ], [ -2.4411099559, 53.0808800147 ], [ -2.4420499699, 53.085360009299997 ], [ -2.4433399831, 53.088410003500002 ], [ -2.4441999911, 53.089900001300002 ], [ -2.4465200099, 53.092429994500002 ], [ -2.4469500109, 53.094259995599998 ], [ -2.4488400092, 53.095209995 ], [ -2.4486600082, 53.0961399953 ], [ -2.4484100103, 53.098559996600002 ], [ -2.4485800148, 53.101079994300001 ], [ -2.4595599954, 53.102479992600003 ], [ -2.4649900126, 53.101999988099998 ], [ -2.4687100477, 53.101339981199999 ], [ -2.4699400455, 53.101029988199997 ], [ -2.4739400367, 53.101780015700001 ], [ -2.4784500395, 53.102890040399998 ], [ -2.4832501086, 53.103919966600003 ], [ -2.4912400679, 53.105409966099998 ], [ -2.4995599771, 53.107059999400001 ], [ -2.5061299348, 53.108530013 ], [ -2.5161699595, 53.110620003199998 ], [ -2.5206299667, 53.111470001400001 ], [ -2.5250099759, 53.112389998200001 ], [ -2.5402500047, 53.115459963299998 ], [ -2.5515699776, 53.116079973600002 ], [ -2.5639299923, 53.115459978799997 ], [ -2.5738900103, 53.114429988300003 ], [ -2.5868000116, 53.115599994900002 ] ] ] } },
{ "type": "Feature", "properties": { "ODSCode": "N81011", "Name": "BEVAN GROUP PRACTICE", "ICBCode": "QYG", "Region": "Y62", "stroke.opacity": "1.0", "stroke.width": "2.0", "fill.opacity": "0", "OBJECTID": 513, "stroke": "#0000ff", "fill": "#555555" }, "geometry": { "type": "Polygon", "coordinates": [ [ [ -2.717570011, 53.390389986099997 ], [ -2.7236700184, 53.393819980700002 ], [ -2.7328500052, 53.397249986200002 ], [ -2.7343900084, 53.400529987 ], [ -2.764430016, 53.392749991300001 ], [ -2.7687800092, 53.387869989899997 ], [ -2.7702100076, 53.386939990400002 ], [ -2.7711500042, 53.385019991900002 ], [ -2.772070005, 53.384579992 ], [ -2.7769200062, 53.383099992799998 ], [ -2.7764500058, 53.382609993800003 ], [ -2.7773300063, 53.381349993500002 ], [ -2.7779500062, 53.380189993599998 ], [ -2.7765800058, 53.379339993599999 ], [ -2.7800100066, 53.373519993 ], [ -2.7822300169, 53.370069992700003 ], [ -2.7795199856, 53.361010003499999 ], [ -2.7733699909, 53.359360001 ], [ -2.7789799994, 53.349829972599998 ], [ -2.7751399874, 53.349299961500002 ], [ -2.7667799899, 53.351419977399999 ], [ -2.7630699903, 53.353229979399998 ], [ -2.7639999955, 53.354709983200003 ], [ -2.7646799953, 53.3550299841 ], [ -2.7657099969, 53.3553599846 ], [ -2.7673000057, 53.357299992599998 ], [ -2.7637000073, 53.358149992900003 ], [ -2.7511400146, 53.358549990299998 ], [ -2.7442400208, 53.35891998 ], [ -2.7428800083, 53.3556099774 ], [ -2.7376499975, 53.3524599717 ], [ -2.736579988, 53.350149971500002 ], [ -2.7368299816, 53.348039972599999 ], [ -2.7362499816, 53.347789972199998 ], [ -2.7343299981, 53.347789988899997 ], [ -2.7324199989, 53.348139986600003 ], [ -2.7314299959, 53.349369982900001 ], [ -2.7313099952, 53.350379982 ], [ -2.7316199953, 53.3515499819 ], [ -2.7325699981, 53.353879981399999 ], [ -2.7318899945, 53.355619981 ], [ -2.7303999856, 53.357439980300001 ], [ -2.7299099817, 53.3584499802 ], [ -2.7276999629, 53.358849979600002 ], [ -2.7249999557, 53.360979981 ], [ -2.722169938, 53.361169982500002 ], [ -2.7195699598, 53.361769988299997 ], [ -2.7165599819, 53.362239989899997 ], [ -2.7136599839, 53.362599984600003 ], [ -2.7129399838, 53.361869983 ], [ -2.7126599831, 53.361089981200003 ], [ -2.6997900041, 53.368369984799997 ], [ -2.69705001, 53.372729981699997 ], [ -2.6975100099, 53.375159982200003 ], [ -2.6971900005, 53.376749979300001 ], [ -2.6977199817, 53.381929987 ], [ -2.7051999958, 53.385749991099999 ], [ -2.7091699985, 53.385739989 ], [ -2.7127200033, 53.386229987 ], [ -2.7147700067, 53.388029986799999 ], [ -2.7141400066, 53.3894199876 ], [ -2.7126500073, 53.390329988200001 ], [ -2.7131400086, 53.390789988400002 ], [ -2.7148600093, 53.390499987299997 ], [ -2.7152900086, 53.3897899866 ], [ -2.7140000084, 53.389739987 ], [ -2.7145700074, 53.389229987599997 ], [ -2.714840008, 53.388559986700002 ], [ -2.7152000067, 53.387949986300001 ], [ -2.7153900066, 53.388109985200003 ], [ -2.7155300082, 53.3885899868 ], [ -2.7163500081, 53.389079985099997 ], [ -2.717570011, 53.390389986099997 ] ] ] } },
{ "type": "Feature", "properties": { "ODSCode": "N81012", "Name": "GUARDIAN STREET MED/CTR", "ICBCode": "QYG", "Region": "Y62", "stroke.opacity": "1.0", "stroke.width": "2.0", "fill.opacity": "0", "OBJECTID": 5673, "stroke": "#0000ff", "fill": "#555555" }, "geometry": { "type": "Polygon", "coordinates": [ [ [ -2.5972399967, 53.422219992899997 ], [ -2.5986099451, 53.414439967600003 ], [ -2.6047899311, 53.413619963499997 ], [ -2.6205800101, 53.416689988800002 ], [ -2.6274499847, 53.413649982700001 ], [ -2.6304300073, 53.412069992 ], [ -2.6351299447, 53.413789966099998 ], [ -2.642899986, 53.4147799904 ], [ -2.6449399975, 53.407359991900002 ], [ -2.6483100085, 53.404949987499997 ], [ -2.6485200066, 53.403809987899997 ], [ -2.6483099999, 53.402849990199996 ], [ -2.6543600052, 53.402229990599999 ], [ -2.6603199944, 53.402699988 ], [ -2.6637799991, 53.401839988399999 ], [ -2.6673200046, 53.401169991400003 ], [ -2.6677000091, 53.398149987799997 ], [ -2.6686500021, 53.396469984 ], [ -2.6704499858, 53.395099981800001 ], [ -2.671299985, 53.394029983899998 ], [ -2.6696499999, 53.393379985700001 ], [ -2.6698000034, 53.392109988100003 ], [ -2.6644900196, 53.390979981299999 ], [ -2.6644200175, 53.389379980199998 ], [ -2.6638800046, 53.383559986199998 ], [ -2.6633700029, 53.382519987099997 ], [ -2.6628200026, 53.381089989199999 ], [ -2.663610005, 53.378539993799997 ], [ -2.6573600051, 53.375959995899997 ], [ -2.6328600163, 53.383019991899999 ], [ -2.6194200072, 53.379999983700003 ], [ -2.6080500482, 53.387219998100001 ], [ -2.6054500296, 53.385269993599998 ], [ -2.6093800235, 53.382099992599997 ], [ -2.6076200179, 53.375749993500001 ], [ -2.5968900655, 53.368990002 ], [ -2.5773199954, 53.359770016 ], [ -2.5718299124, 53.360080006600001 ], [ -2.5698599316, 53.3606600066 ], [ -2.569599958, 53.363179999499998 ], [ -2.5704599581, 53.364729992500003 ], [ -2.5721699727, 53.367199984800003 ], [ -2.5684400022, 53.369589988100003 ], [ -2.5698399925, 53.370739987900002 ], [ -2.564709983, 53.372499984400001 ], [ -2.5485699981, 53.373239990599998 ], [ -2.5388699956, 53.376769994199996 ], [ -2.542559986, 53.377409991599997 ], [ -2.5429499836, 53.378759991 ], [ -2.5452199805, 53.38009999 ], [ -2.5491699816, 53.384149990899999 ], [ -2.5544099845, 53.393769987299997 ], [ -2.5468499766, 53.397479982500002 ], [ -2.5433299468, 53.398679973699998 ], [ -2.544709955, 53.401239974600003 ], [ -2.5524300172, 53.402829987399997 ], [ -2.5550900164, 53.403419984800003 ], [ -2.5610999896, 53.409239988899998 ], [ -2.5657399759, 53.415769982699999 ], [ -2.5972399967, 53.422219992899997 ] ] ] } },
{ "type": "Feature", "properties": { "ODSCode": "N81013", "Name": "HIGH STREET SURGERY", "ICBCode": "QYG", "Region": "Y62", "stroke.opacity": "1.0", "stroke.width": "2.0", "fill.opacity": "0", "OBJECTID": 2701, "stroke": "#0000ff", "fill": "#555555" }, "geometry": { "type": "Polygon", "coordinates": [ [ [ -2.1601900089, 53.290259985299997 ], [ -2.2116900047, 53.261519993100002 ], [ -2.2295400107, 53.209729991400003 ], [ -2.1691100187, 53.178059981099999 ], [ -2.122420009, 53.184229989800002 ], [ -2.0777900016, 53.2134299915 ], [ -2.0585600001, 53.259049996 ], [ -2.0750399997, 53.282049987199997 ], [ -2.1080000048, 53.293539989800003 ], [ -2.1601900089, 53.290259985299997 ] ] ] } },
{ "type": "Feature", "properties": { "ODSCode": "N81014", "Name": "BROOKFIELD SURGERY", "ICBCode": "QYG", "Region": "Y62", "stroke.opacity": "1.0", "stroke.width": "2.0", "fill.opacity": "0", "OBJECTID": 3504, "stroke": "#0000ff", "fill": "#555555" }, "geometry": { "type": "Polygon", "coordinates": [ [ [ -2.5038500099, 53.389879994 ], [ -2.5045400095, 53.384559991400003 ], [ -2.5096900173, 53.368579990400001 ], [ -2.5031700103, 53.351579986799997 ], [ -2.4853100091, 53.357109992700003 ], [ -2.4527000049, 53.352399987600002 ], [ -2.4372500294, 53.352599982599997 ], [ -2.4303800176, 53.363259996899998 ], [ -2.4101300244, 53.364069990399997 ], [ -2.4097800145, 53.372270006699999 ], [ -2.4228299638, 53.387009948 ], [ -2.4537300131, 53.412809988 ], [ -2.4619700024, 53.4029799901 ], [ -2.4760399596, 53.3962299425 ], [ -2.5038500099, 53.389879994 ] ] ] } },
{ "type": "Feature", "properties": { "ODSCode": "N81016", "Name": "MILLCROFT MEDICAL CENTRE", "ICBCode": "QYG", "Region": "Y62", "stroke.opacity": "1.0", "stroke.width": "2.0", "fill.opacity": "0", "OBJECTID": 4147, "stroke": "#0000ff", "fill": "#555555" }, "geometry": { "type": "Polygon", "coordinates": [ [ [ -2.4892600093, 53.061229986699999 ], [ -2.487890009, 53.059479985700001 ], [ -2.485830011, 53.059369985899998 ], [ -2.483080012, 53.060199986299999 ], [ -2.4801600103, 53.0608199861 ], [ -2.4777600097, 53.0610199861 ], [ -2.4751900104, 53.060099987599997 ], [ -2.4724400094, 53.059369987499998 ], [ -2.4684900047, 53.058649989099997 ], [ -2.4631700085, 53.057929988600002 ], [ -2.4581899979, 53.057519994800003 ], [ -2.4550999844, 53.0583400039 ], [ -2.4496100636, 53.058649965699999 ], [ -2.4468601692, 53.058759914200003 ], [ -2.4432601328, 53.057719930200001 ], [ -2.4403400792, 53.056279956799997 ], [ -2.4370799952, 53.055039996799998 ], [ -2.434329928, 53.0546300285 ], [ -2.4319298859, 53.0557600486 ], [ -2.4288399426, 53.056900024100003 ], [ -2.4247199831, 53.057830009100002 ], [ -2.4212800012, 53.058030003799999 ], [ -2.4178500186, 53.058649999700002 ], [ -2.4137300121, 53.058959997599999 ], [ -2.4109800089, 53.058759996500001 ], [ -2.4080700037, 53.058139994900003 ], [ -2.4041200005, 53.057519992700001 ], [ -2.4010299988, 53.057929989900003 ], [ -2.3998299994, 53.058449989400003 ], [ -2.3982800047, 53.0606099894 ], [ -2.3951900124, 53.063909990100001 ], [ -2.396910014, 53.064739991800003 ], [ -2.3988000145, 53.066079993400002 ], [ -2.3960500153, 53.070719997499999 ], [ -2.3936500169, 53.075259997499998 ], [ -2.3924400144, 53.077939995500003 ], [ -2.3866100134, 53.081239994 ], [ -2.3857500126, 53.083199995699999 ], [ -2.3860900024, 53.087939993799999 ], [ -2.3835200099, 53.107319995099999 ], [ -2.414760007, 53.121639991499997 ], [ -2.4367299948, 53.128649979899997 ], [ -2.4690100179, 53.130289995399998 ], [ -2.4772500368, 53.129060041099997 ], [ -2.4803400308, 53.123500029299997 ], [ -2.479480035, 53.118960044600001 ], [ -2.4769000369, 53.115250057300003 ], [ -2.4784500347, 53.113300066699999 ], [ -2.481710017, 53.111340029899999 ], [ -2.4865201198, 53.104129945399997 ], [ -2.4860001056, 53.098969935600003 ], [ -2.4861699895, 53.094949993199997 ], [ -2.4890900611, 53.091239976700003 ], [ -2.4932101531, 53.0877399564 ], [ -2.4999000161, 53.083709993399999 ], [ -2.5062600336, 53.0807199909 ], [ -2.5103800383, 53.079069989899999 ], [ -2.5074600514, 53.078149989700002 ], [ -2.5036800265, 53.075569993400002 ], [ -2.4995600199, 53.073089992900002 ], [ -2.4940700275, 53.069589988499999 ], [ -2.4911500149, 53.066699986 ], [ -2.4889200087, 53.064019987 ], [ -2.4892600093, 53.061229986699999 ] ] ] } },
{ "type": "Feature", "properties": { "ODSCode": "N81018", "Name": "TARPORLEY HEALTH CENTRE", "ICBCode": "QYG", "Region": "Y62", "stroke.opacity": "1.0", "stroke.width": "2.0", "fill.opacity": "0", "OBJECTID": 5708, "stroke": "#0000ff", "fill": "#555555" }, "geometry": { "type": "Polygon", "coordinates": [ [ [ -2.6571000071, 53.208649983900003 ], [ -2.7180100117, 53.242999986699999 ], [ -2.7428300061, 53.2378799918 ], [ -2.7912100214, 53.236449988 ], [ -2.826920019, 53.2169299989 ], [ -2.83722001, 53.2087099958 ], [ -2.8385899804, 53.195849998100002 ], [ -2.8423699897, 53.194409992600001 ], [ -2.8413400084, 53.190499984799999 ], [ -2.8440899795, 53.180269980299997 ], [ -2.843739979, 53.175819982599997 ], [ -2.8416799624, 53.171369985 ], [ -2.8530100065, 53.162619993299998 ], [ -2.8483100091, 53.155249992 ], [ -2.8621500159, 53.135729988500003 ], [ -2.8441700064, 53.126639988900003 ], [ -2.825820012, 53.113599988700003 ], [ -2.8149200045, 53.107079998300001 ], [ -2.8012799978, 53.100559986 ], [ -2.7652499921, 53.103339989399998 ], [ -2.7292100283, 53.107770008099997 ], [ -2.7087600085, 53.107599994099999 ], [ -2.6951400102, 53.102419991700003 ], [ -2.6615800155, 53.105049993500003 ], [ -2.6239100052, 53.1056999917 ], [ -2.610670004, 53.124369988700003 ], [ -2.5708900145, 53.1482099957 ], [ -2.5804100393, 53.1792900003 ], [ -2.585910013, 53.1996600059 ], [ -2.6571000071, 53.208649983900003 ] ] ] } },
{ "type": "Feature", "properties": { "ODSCode": "N81019", "Name": "CASTLEFIELDS HEALTH CENTRE", "ICBCode": "QYG", "Region": "Y62", "stroke.opacity": "1.0", "stroke.width": "2.0", "fill.opacity": "0", "OBJECTID": 2698, "stroke": "#0000ff", "fill": "#555555" }, "geometry": { "type": "Polygon", "coordinates": [ [ [ -2.7101899075, 53.310569986799997 ], [ -2.692988788, 53.312827909299997 ], [ -2.6748300101, 53.3116000152 ], [ -2.6422100146, 53.326769997600003 ], [ -2.6443341476, 53.327930073099999 ], [ -2.644380116, 53.328078453099998 ], [ -2.6314000297, 53.343580008300002 ], [ -2.6467650099, 53.348496863800001 ], [ -2.6468661422, 53.348650772799999 ], [ -2.6462460146, 53.349732004499998 ], [ -2.6501850045, 53.349590860100001 ], [ -2.6684800003, 53.354749989699997 ], [ -2.6837262062, 53.354749990499997 ], [ -2.6964600109, 53.356699989699997 ], [ -2.7116261092, 53.346926969099997 ], [ -2.711750255, 53.346890343299997 ], [ -2.7467499975, 53.344919996500003 ], [ -2.7621600133, 53.327849997900003 ], [ -2.7610900103, 53.326569994800003 ], [ -2.7604290718, 53.325875268700003 ], [ -2.7608386294, 53.3256328533 ], [ -2.7620300073, 53.326049993 ], [ -2.750020015, 53.316009992700003 ], [ -2.7426300458, 53.313029993699999 ], [ -2.7331900479, 53.3121099926 ], [ -2.7254700422, 53.313239992900002 ], [ -2.7424402746, 53.319188479700003 ], [ -2.7421059612, 53.319568713199999 ], [ -2.7101899075, 53.310569986799997 ] ] ] } },
{ "type": "Feature", "properties": { "ODSCode": "N81020", "Name": "PENKETH HEALTH CENTRE", "ICBCode": "QYG", "Region": "Y62", "stroke.opacity": "1.0", "stroke.width": "2.0", "fill.opacity": "0", "OBJECTID": 526, "stroke": "#0000ff", "fill": "#555555" }, "geometry": { "type": "Polygon", "coordinates": [ [ [ -2.6938694209, 53.364845455 ], [ -2.6841934265, 53.3667921483 ], [ -2.672169583, 53.369529891900001 ], [ -2.6721450659, 53.369612919799998 ], [ -2.6783402377, 53.368202521500002 ], [ -2.668380009, 53.370649992099999 ], [ -2.6614599873, 53.3740199999 ], [ -2.6595899963, 53.374819998500001 ], [ -2.6574900049, 53.375469995300001 ], [ -2.6534100135, 53.376879991899997 ], [ -2.6498499923, 53.3786499972 ], [ -2.6458199446, 53.3797600137 ], [ -2.6335600092, 53.383329992100002 ], [ -2.630870024, 53.383509992500002 ], [ -2.6297300227, 53.383079991499997 ], [ -2.6277620177, 53.382823990299997 ], [ -2.626808019, 53.3818819894 ], [ -2.6254600166, 53.381649987800003 ], [ -2.624490012, 53.3820099872 ], [ -2.6231000059, 53.382059985700003 ], [ -2.6223800045, 53.381989985700002 ], [ -2.6212400056, 53.381089985099997 ], [ -2.6199900066, 53.380329983700001 ], [ -2.618050005, 53.379459983300002 ], [ -2.6141700373, 53.383359993799999 ], [ -2.6149700437, 53.383969995400001 ], [ -2.6156300775, 53.3859500063 ], [ -2.6232784455, 53.387127131299998 ], [ -2.6225254311, 53.388325666199997 ], [ -2.6232833471, 53.388303781600001 ], [ -2.6246508516, 53.388324263599998 ], [ -2.6269247226, 53.388358285300001 ], [ -2.6268579515, 53.389954403300003 ], [ -2.6260839569, 53.391412645700001 ], [ -2.6256212186, 53.392755559299999 ], [ -2.6259717132, 53.394084788199997 ], [ -2.6241800105, 53.394033997199998 ], [ -2.6246735642, 53.396123126399999 ], [ -2.6270566496, 53.398293944199999 ], [ -2.63066921, 53.401506361499997 ], [ -2.630508299, 53.402651694200003 ], [ -2.6303446439, 53.403211388400003 ], [ -2.6298034273, 53.4037553824 ], [ -2.635236138, 53.403020765199997 ], [ -2.6409028036, 53.402979308100001 ], [ -2.642587433, 53.405027278600002 ], [ -2.6438394074, 53.4071407896 ], [ -2.645700987, 53.406449875200003 ], [ -2.6474789254, 53.4055428 ], [ -2.6487714638, 53.4026037796 ], [ -2.6532100089, 53.402129991599999 ], [ -2.6579900001, 53.402529989100003 ], [ -2.660169996, 53.402629988400001 ], [ -2.6623399947, 53.402109988 ], [ -2.6645000017, 53.401489989200002 ], [ -2.6658100026, 53.401349990200004 ], [ -2.6675890045, 53.401297990800003 ], [ -2.6675010068, 53.399655989899998 ], [ -2.670417985, 53.400116989499999 ], [ -2.6714369753, 53.400173988500001 ], [ -2.6723599669, 53.400013987100003 ], [ -2.67311996, 53.399679985399999 ], [ -2.6734859574, 53.399342984800001 ], [ -2.6739409527, 53.3984839839 ], [ -2.6744899484, 53.398179983299997 ], [ -2.675199942, 53.397059982599998 ], [ -2.6755399392, 53.396069981399997 ], [ -2.676629952, 53.3935869827 ], [ -2.676169979, 53.391649983299999 ], [ -2.6762300108, 53.387489973400001 ], [ -2.6752400189, 53.385284974800001 ], [ -2.6749020181, 53.384263978699998 ], [ -2.674813018, 53.384115979599997 ], [ -2.6746550176, 53.384057979600001 ], [ -2.6742950161, 53.383345981300003 ], [ -2.6744340189, 53.38262698 ], [ -2.6722170154, 53.382564984 ], [ -2.6714090134, 53.382440985099997 ], [ -2.6721240173, 53.3813189834 ], [ -2.6724960187, 53.380972983 ], [ -2.6724330192, 53.3807349832 ], [ -2.6728530213, 53.380064980599997 ], [ -2.6779576868, 53.376303300399996 ], [ -2.6805146193, 53.375721180699998 ], [ -2.6844091555, 53.3758576193 ], [ -2.6933698697, 53.377018765499997 ], [ -2.6977274144, 53.376711683499998 ], [ -2.6977868986, 53.372442915100002 ], [ -2.6969220963, 53.367854482799999 ], [ -2.6938694209, 53.364845455 ] ] ] } },
{ "type": "Feature", "properties": { "ODSCode": "N81022", "Name": "MIDDLEWOOD PARTNERSHIP", "ICBCode": "QYG", "Region": "Y62", "stroke.opacity": "1.0", "stroke.width": "2.0", "fill.opacity": "0", "OBJECTID": 5619, "stroke": "#0000ff", "fill": "#555555" }, "geometry": { "type": "Polygon", "coordinates": [ [ [ -2.1978290117, 53.308928997499997 ], [ -2.1985120155, 53.295660982900003 ], [ -2.1772200139, 53.291359982700001 ], [ -2.17072002, 53.2767599879 ], [ -2.1670100239, 53.274249982900002 ], [ -2.139200002, 53.273549985899997 ], [ -2.1282600146, 53.266439981300003 ], [ -2.1210900171, 53.264880003400002 ], [ -2.1186900122, 53.263490022600003 ], [ -2.1177900108, 53.263770020400003 ], [ -2.1169400109, 53.263860020099997 ], [ -2.1152300103, 53.264300016599996 ], [ -2.1142200115, 53.264370015300003 ], [ -2.1123800116, 53.264700012200002 ], [ -2.109720014, 53.265470003799997 ], [ -2.1065300155, 53.265979997499997 ], [ -2.105050017, 53.26649999 ], [ -2.1036500164, 53.267319985500002 ], [ -2.1022900156, 53.268449992199997 ], [ -2.1004500134, 53.269169997399999 ], [ -2.0992000099, 53.270450005299999 ], [ -2.0949600092, 53.271370011599998 ], [ -2.0908600081, 53.272160007899998 ], [ -2.0896800072, 53.27182001 ], [ -2.0874900089, 53.271600012100002 ], [ -2.0857800078, 53.27219001 ], [ -2.0816100054, 53.2745299961 ], [ -2.080430001, 53.277889991099997 ], [ -2.0784300012, 53.278869991 ], [ -2.076950001, 53.278969990500002 ], [ -2.0763300001, 53.279789989800001 ], [ -2.0752000001, 53.280389989299998 ], [ -2.0739799999, 53.281299988100002 ], [ -2.0729200008, 53.282609987 ], [ -2.0714800014, 53.283279986399997 ], [ -2.0703200007, 53.283589986199999 ], [ -2.067660003, 53.284409986599997 ], [ -2.0640600078, 53.284509986899998 ], [ -2.0618200122, 53.286459988 ], [ -2.0582200148, 53.289849990199997 ], [ -2.0578600143, 53.291889989300003 ], [ -2.0544000118, 53.2928999879 ], [ -2.0519500091, 53.293899986699998 ], [ -2.0498100094, 53.2971299851 ], [ -2.0455900101, 53.296949984599998 ], [ -2.0429200142, 53.298309984200003 ], [ -2.0406700103, 53.301649984900003 ], [ -1.9915180165, 53.313646992199999 ], [ -2.0046000154, 53.339721991600001 ], [ -1.9933939969, 53.368819988 ], [ -2.0514480032, 53.3683109973 ], [ -2.092330021, 53.374487987 ], [ -2.1132090128, 53.376672992899998 ], [ -2.137185013, 53.362503975700001 ], [ -2.1568669978, 53.3584059923 ], [ -2.1725440094, 53.354341990199998 ], [ -2.1743730069, 53.347749988799997 ], [ -2.1989670105, 53.3292329943 ], [ -2.1978290117, 53.308928997499997 ] ] ] } },
{ "type": "Feature", "properties": { "ODSCode": "N81024", "Name": "SWANLOW MEDICAL CENTRE", "ICBCode": "QYG", "Region": "Y62", "stroke.opacity": "1.0", "stroke.width": "2.0", "fill.opacity": "0", "OBJECTID": 6209, "stroke": "#0000ff", "fill": "#555555" }, "geometry": { "type": "Polygon", "coordinates": [ [ [ -2.6099400139, 53.228849991700002 ], [ -2.6411800184, 53.186489973800001 ], [ -2.6353500145, 53.184849982599999 ], [ -2.643590036, 53.178259950499999 ], [ -2.6483900143, 53.173939976100002 ], [ -2.6600600122, 53.169829991500002 ], [ -2.6576600139, 53.165919992399999 ], [ -2.6619500052, 53.1589199939 ], [ -2.6579999996, 53.156039994799997 ], [ -2.6501100039, 53.146359989 ], [ -2.6202400069, 53.1484199772 ], [ -2.6114800225, 53.149859978499997 ], [ -2.6002400065, 53.145839991199999 ], [ -2.6013600061, 53.141419988700001 ], [ -2.6044500346, 53.136889976900001 ], [ -2.5968900165, 53.133799983300001 ], [ -2.5903700168, 53.137499987600002 ], [ -2.5811000104, 53.1385299891 ], [ -2.5622199708, 53.128649995799996 ], [ -2.5560399343, 53.135029992299998 ], [ -2.5433300048, 53.1368899609 ], [ -2.5138100084, 53.122469989800003 ], [ -2.5107200129, 53.12040999 ], [ -2.5076300111, 53.121229987 ], [ -2.5086600088, 53.124529984200002 ], [ -2.4928700309, 53.141420028600002 ], [ -2.4942400322, 53.146150031 ], [ -2.4890900247, 53.149240014199997 ], [ -2.4846300071, 53.160559987 ], [ -2.4942400309, 53.165090052799997 ], [ -2.4873700178, 53.171470015799997 ], [ -2.4911500473, 53.175590038700001 ], [ -2.4865200235, 53.180530009800002 ], [ -2.4743300147, 53.186289997400003 ], [ -2.4818800025, 53.1928699837 ], [ -2.4837700124, 53.1955399868 ], [ -2.4822200288, 53.200269978199998 ], [ -2.4784500601, 53.199039968900003 ], [ -2.4863400035, 53.203559993900001 ], [ -2.4829100206, 53.2078799827 ], [ -2.4770700698, 53.208709958 ], [ -2.4787900665, 53.214259967499999 ], [ -2.4787900581, 53.216719976599997 ], [ -2.484279999, 53.2183699972 ], [ -2.4832499568, 53.2243300186 ], [ -2.4890899921, 53.227819999899999 ], [ -2.5004200086, 53.226800002 ], [ -2.5079700205, 53.225970006 ], [ -2.5134700133, 53.231319998799997 ], [ -2.5186200157, 53.228849991799997 ], [ -2.5237700267, 53.233989974399996 ], [ -2.5282300179, 53.233779979700003 ], [ -2.5368100076, 53.2309099864 ], [ -2.5399000075, 53.233169986699998 ], [ -2.5505400228, 53.2376899924 ], [ -2.5653100155, 53.237069994099997 ], [ -2.5714900205, 53.236249992799998 ], [ -2.5680500007, 53.230909994100003 ], [ -2.5745800126, 53.230289992700001 ], [ -2.5841900092, 53.226799990899998 ], [ -2.6017000043, 53.227209990299997 ], [ -2.6099400139, 53.228849991700002 ] ] ] } },
{ "type": "Feature", "properties": { "ODSCode": "N81025", "Name": "FIRDALE MEDICAL CENTRE", "ICBCode": "QYG", "Region": "Y62", "stroke.opacity": "1.0", "stroke.width": "2.0", "fill.opacity": "0", "OBJECTID": 2918, "stroke": "#0000ff", "fill": "#555555" }, "geometry": { "type": "Polygon", "coordinates": [ [ [ -2.4914900059, 53.253089991499998 ], [ -2.4935499422, 53.261519996099999 ], [ -2.4651205786, 53.2745419576 ], [ -2.497330038, 53.287379986600001 ], [ -2.4981900261, 53.292719992099997 ], [ -2.4959600184, 53.299489991199998 ], [ -2.5031600191, 53.305849992 ], [ -2.5392200112, 53.307699976499997 ], [ -2.5697700107, 53.306669990700001 ], [ -2.5762900167, 53.3048299875 ], [ -2.5831600204, 53.304209985100002 ], [ -2.5910599954, 53.290669996799998 ], [ -2.602040001, 53.2779399908 ], [ -2.5941500125, 53.2717799861 ], [ -2.5859099886, 53.259869982200001 ], [ -2.6102800151, 53.229259991600003 ], [ -2.6058200158, 53.229469992799999 ], [ -2.5883100301, 53.232349992400003 ], [ -2.5745800271, 53.235839991299997 ], [ -2.5656500142, 53.237889994699998 ], [ -2.5560400199, 53.238099993900001 ], [ -2.5457400171, 53.2405599931 ], [ -2.5320100165, 53.238299985700003 ], [ -2.5220500283, 53.234199979400003 ], [ -2.5141500271, 53.238919991099998 ], [ -2.5052300387, 53.2403599891 ], [ -2.4969900932, 53.243029969600002 ], [ -2.4894300476, 53.247139982199997 ], [ -2.4842800153, 53.2491899917 ], [ -2.4880600094, 53.250009993 ], [ -2.4876507848, 53.251231746899997 ], [ -2.4914900059, 53.253089991499998 ] ] ] } },
{ "type": "Feature", "properties": { "ODSCode": "N81027", "Name": "READESMOOR MEDICAL GROUP PRACTICE", "ICBCode": "QYG", "Region": "Y62", "stroke.opacity": "1.0", "stroke.width": "2.0", "fill.opacity": "0", "OBJECTID": 5731, "stroke": "#0000ff", "fill": "#555555" }, "geometry": { "type": "Polygon", "coordinates": [ [ [ -2.2333100391, 53.2263899951 ], [ -2.2394900137, 53.220419987500001 ], [ -2.2592400061, 53.224119987800002 ], [ -2.2985500009, 53.2004799909 ], [ -2.2942500002, 53.200689993200001 ], [ -2.3014600182, 53.189059983299998 ], [ -2.3076400039, 53.188449982199998 ], [ -2.3037000172, 53.1853599867 ], [ -2.3140000121, 53.164889983499997 ], [ -2.3236100031, 53.163289988599999 ], [ -2.31897002, 53.156629988200002 ], [ -2.2907400137, 53.124769990300003 ], [ -2.252880005, 53.112269992800002 ], [ -2.2089399945, 53.1154599686 ], [ -2.1909100056, 53.120919991199997 ], [ -2.1674000205, 53.119679993799998 ], [ -2.1674000106, 53.126279987499998 ], [ -2.0942699972, 53.1590199985 ], [ -2.1251700077, 53.187109989900001 ], [ -2.1442199768, 53.222479975 ], [ -2.2333100391, 53.2263899951 ] ] ] } },
{ "type": "Feature", "properties": { "ODSCode": "N81028", "Name": "CAUSEWAY MEDICAL CENTRE", "ICBCode": "QYG", "Region": "Y62", "stroke.opacity": "1.0", "stroke.width": "2.0", "fill.opacity": "0", "OBJECTID": 222, "stroke": "#0000ff", "fill": "#555555" }, "geometry": { "type": "MultiPolygon", "coordinates": [ [ [ [ -2.6415899695, 53.380050005299999 ], [ -2.6409563471, 53.3797916105 ], [ -2.6397199864, 53.379030001499999 ], [ -2.6380802345, 53.380265522199998 ], [ -2.6363421321, 53.381249529900003 ], [ -2.6360521801, 53.381253278300001 ], [ -2.6353929318, 53.380893434299999 ], [ -2.6350500102, 53.380359991699997 ], [ -2.6339700242, 53.379339991400002 ], [ -2.6331600311, 53.379509991699997 ], [ -2.6329087888, 53.380221844899999 ], [ -2.6326321898, 53.380322902499998 ], [ -2.6315700442, 53.380149992699998 ], [ -2.63062004, 53.380539991699997 ], [ -2.6302677528, 53.381242273300003 ], [ -2.6299423125, 53.381567711400002 ], [ -2.6298198969, 53.381621439 ], [ -2.6295162059, 53.381664822899999 ], [ -2.6292699688, 53.381590118399998 ], [ -2.6288700312, 53.381019991199999 ], [ -2.628310031, 53.380669989899999 ], [ -2.6270600266, 53.380849989200001 ], [ -2.6262500197, 53.381539987799997 ], [ -2.625898715, 53.382415638 ], [ -2.6250500083, 53.382839987499999 ], [ -2.6253840227, 53.384126923899998 ], [ -2.6249251659, 53.3851716482 ], [ -2.6238879448, 53.385798997599998 ], [ -2.6217800269, 53.386249995500002 ], [ -2.6186100231, 53.387119994899997 ], [ -2.6179200005, 53.3890099917 ], [ -2.6179029819, 53.389922378400001 ], [ -2.6173243764, 53.390684220700003 ], [ -2.6168600011, 53.391149992499997 ], [ -2.6166599991, 53.391709992899997 ], [ -2.6169000003, 53.393489992500001 ], [ -2.6177073732, 53.396081407700002 ], [ -2.6177446618, 53.397013910699997 ], [ -2.6173126985, 53.398129871099997 ], [ -2.6155200191, 53.400549998499997 ], [ -2.6198006897, 53.400589543800002 ], [ -2.6209000153, 53.400949998599998 ], [ -2.6239300257, 53.401220002400002 ], [ -2.6284100437, 53.400680008599998 ], [ -2.6285400457, 53.4002600094 ], [ -2.6279100426, 53.399560009 ], [ -2.6257278552, 53.398066017700003 ], [ -2.625596261, 53.395406183799999 ], [ -2.6258007901, 53.395271896399997 ], [ -2.627060035, 53.395130004 ], [ -2.6315720828, 53.394459736199998 ], [ -2.636255968, 53.393829422800003 ], [ -2.6504899978, 53.392489992100003 ], [ -2.6549100128, 53.391369985200001 ], [ -2.6477301459, 53.390512417099998 ], [ -2.6439279729, 53.389514248399998 ], [ -2.6438077562, 53.389364037900002 ], [ -2.6443555293, 53.3881497924 ], [ -2.6450899342, 53.387220012199997 ], [ -2.6453599301, 53.386580014 ], [ -2.6431412564, 53.383754661 ], [ -2.6427699552, 53.3823000067 ], [ -2.6420629761, 53.381506867799999 ], [ -2.6421299635, 53.380770006100001 ], [ -2.6415899695, 53.380050005299999 ] ] ], [ [ [ -2.598440016, 53.334969991299999 ], [ -2.5971136878, 53.335492085699997 ], [ -2.5950349234, 53.336178379899998 ], [ -2.5929424055, 53.3367094213 ], [ -2.5886105844, 53.337691711700003 ], [ -2.5834900368, 53.338589987200002 ], [ -2.5792822089, 53.339521281800003 ], [ -2.5786758625, 53.339620994400001 ], [ -2.5774400691, 53.339709967399997 ], [ -2.5762473393, 53.339855418100001 ], [ -2.5751100797, 53.3397299596 ], [ -2.5742100814, 53.339689956800001 ], [ -2.5724195799, 53.340106201300003 ], [ -2.5708900973, 53.3401999433 ], [ -2.568356692, 53.3406963113 ], [ -2.5667700222, 53.340859973699999 ], [ -2.5660300168, 53.341049976699999 ], [ -2.5647589097, 53.341674049399998 ], [ -2.5624752673, 53.342511502500003 ], [ -2.5600099561, 53.343279996299998 ], [ -2.5590499481, 53.343700000200002 ], [ -2.5580799397, 53.344380003300003 ], [ -2.556570033, 53.3455819558 ], [ -2.5561836065, 53.345795942899997 ], [ -2.5548639734, 53.346191333 ], [ -2.5531599753, 53.346530000199998 ], [ -2.5506086838, 53.347463070800003 ], [ -2.5496900107, 53.347649994800001 ], [ -2.5486900106, 53.347969994700001 ], [ -2.5469100093, 53.3486799955 ], [ -2.546160009, 53.349099995099998 ], [ -2.5457600095, 53.349509995600002 ], [ -2.5451500105, 53.350419996600003 ], [ -2.5458749011, 53.3508786672 ], [ -2.546112143, 53.351189394 ], [ -2.5465800105, 53.352399999500001 ], [ -2.5469200103, 53.352989999199998 ], [ -2.5474700104, 53.353709997700001 ], [ -2.5497200127, 53.355659996299998 ], [ -2.5515900102, 53.356199994199997 ], [ -2.5527099936, 53.356389993599997 ], [ -2.5556511891, 53.356675570100002 ], [ -2.557381767, 53.357133610600002 ], [ -2.5574971327, 53.357223554500003 ], [ -2.5575753368, 53.357547721 ], [ -2.5570505896, 53.359437852699998 ], [ -2.5565999559, 53.3605900019 ], [ -2.5565999565, 53.360790001600002 ], [ -2.5568799558, 53.362249997 ], [ -2.5579574422, 53.363328705 ], [ -2.5580305141, 53.363521655699998 ], [ -2.5580099598, 53.364189989899998 ], [ -2.5583299595, 53.364349990599997 ], [ -2.5585499601, 53.364349990400001 ], [ -2.5600299656, 53.364229992200002 ], [ -2.5612657841, 53.363982908799997 ], [ -2.5615336022, 53.3640377734 ], [ -2.5627160588, 53.3653208514 ], [ -2.5626999793, 53.366079987500001 ], [ -2.5630799821, 53.366329987 ], [ -2.5640145567, 53.366713234300001 ], [ -2.5644582055, 53.367002218400003 ], [ -2.565209993, 53.367729986199997 ], [ -2.5664199966, 53.368659987400001 ], [ -2.56691, 53.368829987600002 ], [ -2.5682531011, 53.369053602599998 ], [ -2.5685536804, 53.369144020299998 ], [ -2.5687654283, 53.369269502800002 ], [ -2.5694999935, 53.3703299871 ], [ -2.5700179991, 53.370656748599998 ], [ -2.5699788384, 53.370866198900003 ], [ -2.5692599976, 53.371149988100001 ], [ -2.5688073166, 53.373048538100001 ], [ -2.5676900032, 53.374159989100001 ], [ -2.5673556841, 53.374695200600001 ], [ -2.5665599937, 53.375649987499997 ], [ -2.5663999928, 53.375979986899999 ], [ -2.5664299927, 53.376229986699997 ], [ -2.5674999999, 53.377929988200002 ], [ -2.5700429496, 53.377879989500002 ], [ -2.5703889331, 53.377973938399997 ], [ -2.5706419714, 53.378209519800002 ], [ -2.5706300057, 53.378519988800001 ], [ -2.5708900072, 53.379380201300002 ], [ -2.5708900093, 53.380242018499999 ], [ -2.5706533639, 53.380693839099997 ], [ -2.5703200099, 53.381129989900003 ], [ -2.5706600111, 53.381349989599997 ], [ -2.5715700099, 53.381769989699997 ], [ -2.5728234883, 53.382045859599998 ], [ -2.573420011, 53.382279990100002 ], [ -2.57538001, 53.382869989500001 ], [ -2.5764800105, 53.383169989199999 ], [ -2.5770400101, 53.383289989600001 ], [ -2.5776054641, 53.383353416399999 ], [ -2.5808900084, 53.384099988099997 ], [ -2.5820000068, 53.384279987600003 ], [ -2.5831900071, 53.3843699878 ], [ -2.5858800069, 53.384509987100003 ], [ -2.5861874862, 53.384470889 ], [ -2.5867487266, 53.384489289599998 ], [ -2.5880709592, 53.384733167599997 ], [ -2.5892923477, 53.385087764799998 ], [ -2.5900420079, 53.385357454100003 ], [ -2.5901389049, 53.385481397900001 ], [ -2.5900929622, 53.385658604600003 ], [ -2.5897800103, 53.386179988800002 ], [ -2.5900100106, 53.386579989300003 ], [ -2.5904100113, 53.386639989 ], [ -2.5916300116, 53.386119988799997 ], [ -2.5912169711, 53.385618442199998 ], [ -2.5910711048, 53.385280741700001 ], [ -2.5920915253, 53.385751661599997 ], [ -2.5935748713, 53.384979643199998 ], [ -2.5976989063, 53.385379802599999 ], [ -2.5990466647, 53.385105815099998 ], [ -2.5997603557, 53.3813690737 ], [ -2.6022512168, 53.376879169699997 ], [ -2.6037168417, 53.375008931 ], [ -2.6041736192, 53.374594888700003 ], [ -2.6044700219, 53.374399994299999 ], [ -2.6049400292, 53.374019994900003 ], [ -2.6026000715, 53.371060000699998 ], [ -2.601080099, 53.370100004599998 ], [ -2.5983813696, 53.368593537400002 ], [ -2.5984161728, 53.368373478800002 ], [ -2.5994600879, 53.367980002099998 ], [ -2.6006700809, 53.367349999299996 ], [ -2.6014955484, 53.366500257799999 ], [ -2.6066200335, 53.363129993800001 ], [ -2.6076500284, 53.362269992800002 ], [ -2.6081700272, 53.361719992399998 ], [ -2.608271525, 53.3611539232 ], [ -2.609052486, 53.360069736 ], [ -2.6114661414, 53.358083182599998 ], [ -2.6128600162, 53.357089995700001 ], [ -2.6142800158, 53.355949999099998 ], [ -2.6128489938, 53.355671873299997 ], [ -2.6104900131, 53.354760000500001 ], [ -2.6069100118, 53.354160000599997 ], [ -2.6041919114, 53.354417503900002 ], [ -2.6039878869, 53.354362757 ], [ -2.6027300065, 53.353189999100003 ], [ -2.5990440296, 53.350294577299998 ], [ -2.599004796, 53.350216617800001 ], [ -2.5996797201, 53.344102677400002 ], [ -2.6001000186, 53.3418999955 ], [ -2.6002600111, 53.339409989 ], [ -2.598440016, 53.334969991299999 ] ] ] ] } },
{ "type": "Feature", "properties": { "ODSCode": "N81029", "Name": "SOUTH PARK SURGERY", "ICBCode": "QYG", "Region": "Y62", "stroke.opacity": "1.0", "stroke.width": "2.0", "fill.opacity": "0", "OBJECTID": 5678, "stroke": "#0000ff", "fill": "#555555" }, "geometry": { "type": "Polygon", "coordinates": [ [ [ -2.1449100151, 53.293639982 ], [ -2.1474500151, 53.292639981100002 ], [ -2.1482700128, 53.291079981499998 ], [ -2.1523100075, 53.288659988799999 ], [ -2.1536100074, 53.288709987899999 ], [ -2.1551700069, 53.288049989599998 ], [ -2.1580300076, 53.287029990900002 ], [ -2.1605000069, 53.285239993600001 ], [ -2.1640900125, 53.284269995899997 ], [ -2.1723600203, 53.274169988300002 ], [ -2.1735000286, 53.272049985300001 ], [ -2.1776500359, 53.26894 ], [ -2.1792600383, 53.2681600043 ], [ -2.1796600442, 53.267170007300003 ], [ -2.1829900242, 53.267919993699998 ], [ -2.1834400285, 53.266129994300002 ], [ -2.1825300483, 53.264290012899998 ], [ -2.1831100522, 53.262920018300001 ], [ -2.1836600471, 53.261300013499998 ], [ -2.1824500478, 53.260390014899997 ], [ -2.183280033, 53.259230002499997 ], [ -2.1852300175, 53.25728999 ], [ -2.1877000152, 53.254529988800002 ], [ -2.1887400114, 53.252649988199998 ], [ -2.1924400083, 53.2502699892 ], [ -2.1983700169, 53.2497399903 ], [ -2.1990800306, 53.246919992199999 ], [ -2.1941300366, 53.2465599903 ], [ -2.1926100444, 53.245069991100003 ], [ -2.192060031, 53.2426499914 ], [ -2.1901400244, 53.242289992899998 ], [ -2.1950600256, 53.240399992199997 ], [ -2.203750022, 53.239229995700001 ], [ -2.2098000368, 53.236989995899997 ], [ -2.209550009, 53.2317899954 ], [ -2.208020004, 53.2236599939 ], [ -2.2047800195, 53.218189991300001 ], [ -2.2016300217, 53.2174499897 ], [ -2.2014000219, 53.214749991300003 ], [ -2.1992600174, 53.2122899915 ], [ -2.1906900144, 53.213529989800001 ], [ -2.1822900098, 53.213639988099999 ], [ -2.1718600042, 53.210059987599998 ], [ -2.1671300092, 53.206609986499998 ], [ -2.1602600067, 53.206179984499997 ], [ -2.1574999926, 53.202759976 ], [ -2.1521599689, 53.201059965100001 ], [ -2.1494799994, 53.195599987900003 ], [ -2.1452500125, 53.193229992799999 ], [ -2.1310000079, 53.197289989200002 ], [ -2.1263500072, 53.193169990299999 ], [ -2.1182600103, 53.179579991799997 ], [ -2.1101700115, 53.1754499985 ], [ -2.1055099962, 53.169669966 ], [ -2.1034699957, 53.170089963800002 ], [ -2.1018499993, 53.1688099729 ], [ -2.0976499917, 53.1715399574 ], [ -2.0928799952, 53.172989963 ], [ -2.0895199942, 53.1721999548 ], [ -2.0889099975, 53.170699966400001 ], [ -2.0849399982, 53.170209966400002 ], [ -2.0832999966, 53.170789963200001 ], [ -2.0797799964, 53.171159960799997 ], [ -2.0781899974, 53.170439965 ], [ -2.0742099956, 53.171469958300001 ], [ -2.0706299987, 53.172999963199999 ], [ -2.0667300125, 53.175249993800001 ], [ -2.0624000098, 53.175079996 ], [ -2.0573800094, 53.176869991899999 ], [ -2.0598000093, 53.1797999725 ], [ -2.0574100072, 53.181689964599997 ], [ -2.0531400132, 53.1835899899 ], [ -2.0578100175, 53.1840899902 ], [ -2.0599700196, 53.185789989 ], [ -2.0624700186, 53.1868599887 ], [ -2.0626100201, 53.190929988500002 ], [ -2.0589300189, 53.192899988199997 ], [ -2.0556900208, 53.191789988099998 ], [ -2.0474900163, 53.196779987100001 ], [ -2.0474700137, 53.201949987500001 ], [ -2.0453800131, 53.2085499923 ], [ -2.0311700008, 53.210149985699999 ], [ -2.0250600176, 53.216009986300001 ], [ -2.0254800317, 53.218819978900001 ], [ -2.0240100354, 53.220489977200003 ], [ -2.0223800393, 53.223149977699997 ], [ -2.0228000417, 53.224169976100001 ], [ -2.0203900612, 53.2266099621 ], [ -2.0261900166, 53.234219981499997 ], [ -2.0286700205, 53.239109986199999 ], [ -2.0308800211, 53.240709989599999 ], [ -2.0314900215, 53.242309989799999 ], [ -2.0330500192, 53.244059988899998 ], [ -2.0313500146, 53.248549990100003 ], [ -2.0328600077, 53.2538799919 ], [ -2.0359000064, 53.256739990699998 ], [ -2.0469900001, 53.258579991799998 ], [ -2.0532999967, 53.259960011099999 ], [ -2.0580700001, 53.258989995199997 ], [ -2.0640200019, 53.260970023100001 ], [ -2.0678400069, 53.2607400196 ], [ -2.07240001, 53.264760012399996 ], [ -2.0805600175, 53.2666299913 ], [ -2.0821200065, 53.274509997099997 ], [ -2.0816500042, 53.2757999922 ], [ -2.0803200008, 53.278679991 ], [ -2.0774500001, 53.279199990499997 ], [ -2.0752100002, 53.280969988499997 ], [ -2.0737999996, 53.282099987 ], [ -2.0728100011, 53.283019986399999 ], [ -2.0709400066, 53.286129986100001 ], [ -2.0739700075, 53.287129986099998 ], [ -2.0764700073, 53.288169986299998 ], [ -2.0784500094, 53.290229987499998 ], [ -2.0789100097, 53.292619989800002 ], [ -2.0832800073, 53.296879993399997 ], [ -2.0844000086, 53.298669994900003 ], [ -2.0874900086, 53.297589995300001 ], [ -2.0899300106, 53.298439997 ], [ -2.0925500083, 53.298569996799998 ], [ -2.1022100044, 53.298209993199997 ], [ -2.1037500024, 53.298259992200002 ], [ -2.1042300022, 53.297849992099998 ], [ -2.1067100051, 53.297109990300001 ], [ -2.1086900046, 53.295949990099999 ], [ -2.110130005, 53.294539987900002 ], [ -2.1098500047, 53.293639988400002 ], [ -2.1107800037, 53.293099988400002 ], [ -2.1124000024, 53.292549986799997 ], [ -2.1153000023, 53.291769984600002 ], [ -2.1182200015, 53.291939982199999 ], [ -2.1207000042, 53.291279983099997 ], [ -2.1219500038, 53.291549983300001 ], [ -2.1258500062, 53.290989983800003 ], [ -2.1307500076, 53.2912599848 ], [ -2.1329600103, 53.2918699847 ], [ -2.1349100123, 53.293949983899999 ], [ -2.1449100151, 53.293639982 ] ] ] } },
{ "type": "Feature", "properties": { "ODSCode": "N81030", "Name": "PRINCEWAY SURGERIES", "ICBCode": "QYG", "Region": "Y62", "stroke.opacity": "1.0", "stroke.width": "2.0", "fill.opacity": "0", "OBJECTID": 1093, "stroke": "#0000ff", "fill": "#555555" }, "geometry": { "type": "Polygon", "coordinates": [ [ [ -2.825550011, 53.259049988699999 ], [ -2.8270100168, 53.257229988299997 ], [ -2.8274300379, 53.252739990400002 ], [ -2.828290024, 53.246419992900002 ], [ -2.8305200139, 53.244259992400004 ], [ -2.8269200107, 53.241589994400002 ], [ -2.8241700099, 53.237279994300003 ], [ -2.806660015, 53.237589989600004 ], [ -2.8022000069, 53.234299992099999 ], [ -2.7973900099, 53.231109987899998 ], [ -2.795250012, 53.221809983299998 ], [ -2.7941300084, 53.211689991199997 ], [ -2.8023699875, 53.207160004 ], [ -2.7980800111, 53.200269995200003 ], [ -2.7867500053, 53.197289994199998 ], [ -2.7821200062, 53.195079994 ], [ -2.7767900052, 53.194929990600002 ], [ -2.7534499979, 53.205209991700002 ], [ -2.7252999909, 53.212199998700001 ], [ -2.7137899991, 53.212819999700002 ], [ -2.7040099969, 53.215489999699997 ], [ -2.6971400253, 53.212920009199998 ], [ -2.6873600586, 53.212970016600003 ], [ -2.6779200366, 53.211379969399999 ], [ -2.6676200133, 53.2110699873 ], [ -2.6566300068, 53.211790011300003 ], [ -2.6459000143, 53.216520002199999 ], [ -2.6293399948, 53.225999988300003 ], [ -2.6229900024, 53.226849990799998 ], [ -2.6102800151, 53.228949991500002 ], [ -2.5865900003, 53.258639986200002 ], [ -2.6010100007, 53.279579993699997 ], [ -2.5927700058, 53.292309986900001 ], [ -2.5790400136, 53.3083099901 ], [ -2.5859100122, 53.319389991800001 ], [ -2.5811000125, 53.327799988499997 ], [ -2.5723500717, 53.333329964 ], [ -2.5953500243, 53.333029995399997 ], [ -2.6064200157, 53.332049996099997 ], [ -2.6181799946, 53.329639988499999 ], [ -2.6360300066, 53.328099996200002 ], [ -2.64685002, 53.325749997499997 ], [ -2.6536700403, 53.322409995599998 ], [ -2.6591200886, 53.3184700021 ], [ -2.6641400562, 53.314930004300003 ], [ -2.6712200122, 53.311800006600002 ], [ -2.6780900079, 53.310930010299998 ], [ -2.6847799995, 53.3117000019 ], [ -2.6955999269, 53.313130006800002 ], [ -2.7052498483, 53.311309983599998 ], [ -2.7138799571, 53.307029988300002 ], [ -2.7223300503, 53.301929988 ], [ -2.7270800499, 53.299379988 ], [ -2.7368000208, 53.295079985599997 ], [ -2.7685500105, 53.279999993200001 ], [ -2.825550011, 53.259049988699999 ] ] ] } },
{ "type": "Feature", "properties": { "ODSCode": "N81031", "Name": "DRS ADEY AND DANCY", "ICBCode": "QYG", "Region": "Y62", "stroke.opacity": "1.0", "stroke.width": "2.0", "fill.opacity": "0", "OBJECTID": 3955, "stroke": "#0000ff", "fill": "#555555" }, "geometry": { "type": "Polygon", "coordinates": [ [ [ -2.6097700141, 53.228489991700002 ], [ -2.6268500158, 53.233169986699998 ], [ -2.6677900175, 53.242519989500003 ], [ -2.7174000176, 53.244569988 ], [ -2.7319000068, 53.245649996700003 ], [ -2.7396300053, 53.245649996 ], [ -2.7519000047, 53.243339989799999 ], [ -2.7549100052, 53.242979990499997 ], [ -2.768040024, 53.2324499968 ], [ -2.7749900197, 53.225459986399997 ], [ -2.7839200043, 53.212969990399998 ], [ -2.7858099875, 53.207209994400003 ], [ -2.7918100062, 53.199139995800003 ], [ -2.8000500096, 53.191219991700002 ], [ -2.8010000131, 53.18669999 ], [ -2.7999700144, 53.183099991 ], [ -2.7906100052, 53.1749699943 ], [ -2.7921600059, 53.172449994399997 ], [ -2.7860600011, 53.1634499938 ], [ -2.7837499952, 53.1539799902 ], [ -2.7773999969, 53.1508399931 ], [ -2.7535300108, 53.141569986699999 ], [ -2.7430600126, 53.1312699896 ], [ -2.7325100207, 53.125249995200001 ], [ -2.7232399956, 53.116029985300003 ], [ -2.7135400056, 53.105929993799997 ], [ -2.6956799921, 53.098709991500002 ], [ -2.661780014, 53.105519993800002 ], [ -2.6475300084, 53.105719988200001 ], [ -2.5994700065, 53.117929993700002 ], [ -2.5918300138, 53.122109995 ], [ -2.5672799935, 53.133019990900003 ], [ -2.5580099447, 53.1396699971 ], [ -2.5471099823, 53.149289994599997 ], [ -2.545909978, 53.154439994500002 ], [ -2.5488299692, 53.1641199986 ], [ -2.5732000504, 53.1764100081 ], [ -2.5798100245, 53.188239999399997 ], [ -2.5865900043, 53.197500041600001 ], [ -2.595090001, 53.213279995800001 ], [ -2.6097700141, 53.228489991700002 ] ] ] } },
{ "type": "Feature", "properties": { "ODSCode": "N81032", "Name": "ASHFIELDS PRIMARY CARE CENTRE", "ICBCode": "QYG", "Region": "Y62", "stroke.opacity": "1.0", "stroke.width": "2.0", "fill.opacity": "0", "OBJECTID": 2382, "stroke": "#0000ff", "fill": "#555555" }, "geometry": { "type": "Polygon", "coordinates": [ [ [ -2.4005100114, 53.1084499886 ], [ -2.370130011, 53.1029899949 ], [ -2.3418000065, 53.102059991300003 ], [ -2.3309900038, 53.103199993200001 ], [ -2.3191500025, 53.105769990399999 ], [ -2.3092300056, 53.108989988700003 ], [ -2.3027500054, 53.115719990400002 ], [ -2.2959700071, 53.127719992199999 ], [ -2.2825800021, 53.137809995399998 ], [ -2.2714199994, 53.142649982599998 ], [ -2.2694100016, 53.143939981099997 ], [ -2.2680800046, 53.145639981899997 ], [ -2.265070017, 53.158509992900001 ], [ -2.2631800234, 53.180119999600002 ], [ -2.2698800248, 53.182910002699998 ], [ -2.2723700211, 53.182350000600003 ], [ -2.2734800193, 53.183840000700002 ], [ -2.2762300151, 53.1859099992 ], [ -2.2788000138, 53.189529998799998 ], [ -2.2849800091, 53.190769998900002 ], [ -2.2875600073, 53.193769994199997 ], [ -2.2951100067, 53.193889986199999 ], [ -2.3012900092, 53.195239986499999 ], [ -2.3035900077, 53.194889986600003 ], [ -2.3041700036, 53.197009987599998 ], [ -2.307210001, 53.197239986500001 ], [ -2.3094200006, 53.197149985599999 ], [ -2.3102599974, 53.198909985500002 ], [ -2.3119399968, 53.197909985099997 ], [ -2.3205200125, 53.194589994300003 ], [ -2.3273800034, 53.191999986699997 ], [ -2.3373400035, 53.190629985500003 ], [ -2.3490100093, 53.189479986199999 ], [ -2.376480008, 53.187729988500003 ], [ -2.396910006, 53.180419991800001 ], [ -2.4200800054, 53.1714699897 ], [ -2.4293500103, 53.1660199887 ], [ -2.4369000105, 53.161389985200003 ], [ -2.4612800112, 53.157059986900002 ], [ -2.4584100072, 53.150579987900002 ], [ -2.4521000122, 53.143679994700001 ], [ -2.4394800124, 53.133999990200003 ], [ -2.4272099933, 53.124939981 ], [ -2.4176800098, 53.112989990400003 ], [ -2.4077200141, 53.111959991600003 ], [ -2.4005100114, 53.1084499886 ] ] ] } },
{ "type": "Feature", "properties": { "ODSCode": "N81033", "Name": "ALDERLEY EDGE MEDICAL CENTRE", "ICBCode": "QYG", "Region": "Y62", "stroke.opacity": "1.0", "stroke.width": "2.0", "fill.opacity": "0", "OBJECTID": 5931, "stroke": "#0000ff", "fill": "#555555" }, "geometry": { "type": "Polygon", "coordinates": [ [ [ -2.2815370712, 53.289991676699998 ], [ -2.2823520004, 53.289094991100001 ], [ -2.2815520002, 53.289368991400003 ], [ -2.2796619954, 53.289093990200001 ], [ -2.2769739915, 53.288410990099997 ], [ -2.2713099838, 53.289915986899999 ], [ -2.2654760046, 53.289196993799997 ], [ -2.2661630045, 53.286837996099997 ], [ -2.2689089934, 53.284544997399998 ], [ -2.2689079987, 53.2811929963 ], [ -2.2625800162, 53.275429993899998 ], [ -2.253680018, 53.274999994700003 ], [ -2.2531800181, 53.272769992599997 ], [ -2.2479100109, 53.270119990300003 ], [ -2.2379499999, 53.2659799889 ], [ -2.235850002, 53.265309988600002 ], [ -2.2342600027, 53.264029988799997 ], [ -2.2312500027, 53.264119988499999 ], [ -2.2245600058, 53.263389987 ], [ -2.217610006, 53.262759992600003 ], [ -2.2061940055, 53.262064991 ], [ -2.2001310138, 53.261448988799998 ], [ -2.1941300334, 53.266880005099999 ], [ -2.1865600185, 53.2678199904 ], [ -2.1796700398, 53.267899005799997 ], [ -2.1745490292, 53.271612987700003 ], [ -2.1731470265, 53.272518985799998 ], [ -2.1717170212, 53.273955987199997 ], [ -2.1667380243, 53.274229981700003 ], [ -2.1560730054, 53.276096992 ], [ -2.1509179995, 53.277666992599997 ], [ -2.1429130043, 53.2796519889 ], [ -2.1374150063, 53.283484993800002 ], [ -2.1314050067, 53.286768990399999 ], [ -2.1338800066, 53.286708990900003 ], [ -2.135468008, 53.287195988 ], [ -2.1375990069, 53.2877259869 ], [ -2.1384010081, 53.287982986400003 ], [ -2.1401580075, 53.288171985200002 ], [ -2.1425630116, 53.291248981800003 ], [ -2.1432930132, 53.292437981299997 ], [ -2.1440450739, 53.2932327161 ], [ -2.1445622264, 53.293407413700002 ], [ -2.1457530151, 53.293096982400002 ], [ -2.1461903796, 53.2943498363 ], [ -2.1469130161, 53.2946349829 ], [ -2.1488180804, 53.295929778599998 ], [ -2.1536630151, 53.294532987300002 ], [ -2.1520040155, 53.294532987700002 ], [ -2.1487440186, 53.295421984699999 ], [ -2.1538350129, 53.292617986 ], [ -2.1597300112, 53.291351985600002 ], [ -2.1660220112, 53.293540985200003 ], [ -2.1699150085, 53.296618989400002 ], [ -2.1762020092, 53.2996289887 ], [ -2.179639011, 53.304483990400001 ], [ -2.1831890091, 53.3076309932 ], [ -2.1869700095, 53.309749994100002 ], [ -2.1934900082, 53.3142599906 ], [ -2.2031000137, 53.319179988899997 ], [ -2.20851001, 53.321129991399999 ], [ -2.2142600088, 53.320829991 ], [ -2.2264500097, 53.320619989800001 ], [ -2.2295400117, 53.3155699872 ], [ -2.239490051, 53.312980001900002 ], [ -2.2444700426, 53.310390008600002 ], [ -2.2580300098, 53.309239991699997 ], [ -2.2698809766, 53.306911978400002 ], [ -2.2742279863, 53.305475981900003 ], [ -2.2782969961, 53.304321985900003 ], [ -2.2787159952, 53.304364986099998 ], [ -2.2794809962, 53.304575986800003 ], [ -2.280009998, 53.3046299867 ], [ -2.2814410009, 53.305041988200003 ], [ -2.282324003, 53.305218989399997 ], [ -2.2841510069, 53.3054799911 ], [ -2.2844520096, 53.305464991299999 ], [ -2.2850490084, 53.305635991099997 ], [ -2.2856000084, 53.3057089912 ], [ -2.2861790089, 53.3059459909 ], [ -2.2869480094, 53.306157990300001 ], [ -2.2874560084, 53.30640799 ], [ -2.2877310099, 53.306437990399999 ], [ -2.2880460106, 53.306554990400002 ], [ -2.2881640106, 53.306699990399999 ], [ -2.2887080111, 53.307024990400002 ], [ -2.2890900105, 53.307375990499999 ], [ -2.289727011, 53.307764989699997 ], [ -2.2906530091, 53.308088989 ], [ -2.2915290093, 53.308182989300001 ], [ -2.2919470082, 53.308182989199999 ], [ -2.2923520091, 53.308293987900001 ], [ -2.2929351715, 53.308537032499999 ], [ -2.2941080095, 53.308826988500002 ], [ -2.2934093378, 53.308729740899999 ], [ -2.2950810096, 53.309366988599997 ], [ -2.2953800878, 53.309610701700002 ], [ -2.2955600086, 53.309689988300001 ], [ -2.2971720078, 53.310979988900002 ], [ -2.2990320055, 53.311287988899998 ], [ -2.3003480069, 53.3106209878 ], [ -2.3002340074, 53.308996985299999 ], [ -2.2996890096, 53.307715985599998 ], [ -2.2984020123, 53.306364985499997 ], [ -2.2982580129, 53.304877986800001 ], [ -2.2969150128, 53.303543986699999 ], [ -2.2962280131, 53.302535986400002 ], [ -2.2935090119, 53.301337987700002 ], [ -2.2929360083, 53.295422990299997 ], [ -2.2889320058, 53.293984991099997 ], [ -2.2874404192, 53.2936819126 ], [ -2.2845890025, 53.295044991099999 ], [ -2.2842381123, 53.293031151 ], [ -2.2806899989, 53.292309988100001 ], [ -2.2841124839, 53.2923100828 ], [ -2.2838980026, 53.291078990599999 ], [ -2.2875590051, 53.289470992200002 ], [ -2.2860150042, 53.2893689912 ], [ -2.2815370712, 53.289991676699998 ] ] ] } },
{ "type": "Feature", "properties": { "ODSCode": "N81034", "Name": "BOUGHTON MEDICAL GROUP", "ICBCode": "QYG", "Region": "Y62", "stroke.opacity": "1.0", "stroke.width": "2.0", "fill.opacity": "0", "OBJECTID": 5721, "stroke": "#0000ff", "fill": "#555555" }, "geometry": { "type": "Polygon", "coordinates": [ [ [ -2.9191880051, 53.184435988899999 ], [ -2.9154969966, 53.186904987399998 ], [ -2.9093170096, 53.191841989300002 ], [ -2.9059699879, 53.194052988800003 ], [ -2.9031800015, 53.193075990300002 ], [ -2.9022790157, 53.191892990299998 ], [ -2.9026220119, 53.190452989 ], [ -2.9027080075, 53.189064988399998 ], [ -2.9039100041, 53.1879849874 ], [ -2.9045110009, 53.186647986399997 ], [ -2.9039100028, 53.185618986199998 ], [ -2.9030510035, 53.1847449853 ], [ -2.9018490051, 53.183818984399998 ], [ -2.9000040032, 53.183432985300001 ], [ -2.8966999998, 53.1838699877 ], [ -2.8931820014, 53.184178988 ], [ -2.8903489918, 53.185515990799999 ], [ -2.8863999757, 53.187727996 ], [ -2.8809499692, 53.189218995799997 ], [ -2.8786749765, 53.190632991100003 ], [ -2.8755099809, 53.191944988400003 ], [ -2.8724529807, 53.1916359887 ], [ -2.8706069817, 53.190504988900003 ], [ -2.8697059879, 53.1881899893 ], [ -2.8702209958, 53.186004990699999 ], [ -2.8706930102, 53.181478992899997 ], [ -2.8734830106, 53.178828993400003 ], [ -2.8792760093, 53.173607988599997 ], [ -2.8825470087, 53.171163986899998 ], [ -2.879632009, 53.166430989600002 ], [ -2.8758490062, 53.163033990400002 ], [ -2.8739500017, 53.154799991499999 ], [ -2.842369995, 53.160359993900002 ], [ -2.8296699921, 53.167559992699999 ], [ -2.8224600062, 53.174559987099997 ], [ -2.8166200082, 53.1831999881 ], [ -2.8087200106, 53.192869993899997 ], [ -2.8083799747, 53.202950003799998 ], [ -2.814220005, 53.211999992300001 ], [ -2.8300100225, 53.224329999299997 ], [ -2.849240006, 53.230289987299997 ], [ -2.8670900261, 53.231319987799999 ], [ -2.8868300079, 53.232755994400001 ], [ -2.8977300011, 53.232806994100002 ], [ -2.9027080062, 53.232447993 ], [ -2.907771006, 53.231779989400003 ], [ -2.9226610106, 53.225999988600002 ], [ -2.9262640119, 53.223018983300001 ], [ -2.9186300034, 53.2177259861 ], [ -2.9179000023, 53.216903986799998 ], [ -2.9166560013, 53.216492987499997 ], [ -2.9141670004, 53.215387989200003 ], [ -2.9110390011, 53.212611990699997 ], [ -2.9082440043, 53.211069990600002 ], [ -2.9068280067, 53.2092449923 ], [ -2.9054550073, 53.207214992700003 ], [ -2.9036090076, 53.205312994700002 ], [ -2.9036100044, 53.2024079949 ], [ -2.9043820027, 53.201507993299998 ], [ -2.9051540027, 53.200736992400003 ], [ -2.9060990034, 53.200453992699998 ], [ -2.9076860047, 53.2001969911 ], [ -2.9094029947, 53.199194989 ], [ -2.9098319902, 53.198628988199999 ], [ -2.9109479835, 53.1978069878 ], [ -2.9120639759, 53.196880985699998 ], [ -2.91319497, 53.195697985 ], [ -2.9168719752, 53.195492983900003 ], [ -2.9267449742, 53.195646984699998 ], [ -2.9324029702, 53.195595987200001 ], [ -2.9288009874, 53.194155987499997 ], [ -2.9269980013, 53.192869988 ], [ -2.9258830066, 53.192226989 ], [ -2.9250240081, 53.191198989 ], [ -2.9219770041, 53.189115988499999 ], [ -2.9216340028, 53.188395988300002 ], [ -2.9213329998, 53.186929988499998 ], [ -2.9203460085, 53.184075988799997 ], [ -2.9191880051, 53.184435988899999 ] ] ] } },
{ "type": "Feature", "properties": { "ODSCode": "N81035", "Name": "FIR PARK MEDICAL CENTRE", "ICBCode": "QYG", "Region": "Y62", "stroke.opacity": "1.0", "stroke.width": "2.0", "fill.opacity": "0", "OBJECTID": 5758, "stroke": "#0000ff", "fill": "#555555" }, "geometry": { "type": "Polygon", "coordinates": [ [ [ -2.7122537097, 53.356904077099998 ], [ -2.7107085519, 53.358133503 ], [ -2.69732266, 53.364996941699999 ], [ -2.6977015956, 53.373651521299998 ], [ -2.696887013, 53.384224252400003 ], [ -2.7110099907, 53.382049985 ], [ -2.7000633644, 53.383981073500003 ], [ -2.7014901041, 53.385171341 ], [ -2.7107400001, 53.385999988800002 ], [ -2.7174700093, 53.386309983499999 ], [ -2.7194592506, 53.387577282599999 ], [ -2.7196100129, 53.387649980399999 ], [ -2.7240078407, 53.391006792100001 ], [ -2.7235300176, 53.3892099786 ], [ -2.7243524473, 53.391109196199999 ], [ -2.7289117095, 53.391320333499998 ], [ -2.731604968, 53.392388788799998 ], [ -2.7352954081, 53.394090562 ], [ -2.7349202321, 53.392216085199998 ], [ -2.7362394305, 53.390622974199999 ], [ -2.7377629017, 53.391173167300003 ], [ -2.7389322904, 53.3916018356 ], [ -2.7372479756, 53.393284518 ], [ -2.7407454989, 53.396035489100001 ], [ -2.7420969342, 53.393911464399999 ], [ -2.7412600065, 53.393229985700003 ], [ -2.7421100074, 53.393919985300002 ], [ -2.7407891336, 53.395997077799997 ], [ -2.7465900078, 53.394469990799998 ], [ -2.7502100091, 53.394589995099999 ], [ -2.7543200101, 53.394549995799998 ], [ -2.7558600111, 53.394459994899997 ], [ -2.7575300117, 53.394209994900002 ], [ -2.7577200123, 53.392559995500001 ], [ -2.7644300156, 53.392539991 ], [ -2.7637500137, 53.390379991899998 ], [ -2.7627200084, 53.388519993199999 ], [ -2.7648627096, 53.386399883099998 ], [ -2.7840821872, 53.3769286928 ], [ -2.7839964325, 53.375238973800002 ], [ -2.784343619, 53.367199115200002 ], [ -2.7846908059, 53.359157739799997 ], [ -2.7530800138, 53.371279987 ], [ -2.7891525127, 53.357313691500003 ], [ -2.7699291077, 53.344402788899998 ], [ -2.746066329, 53.350244307200001 ], [ -2.7326795128, 53.346452883600001 ], [ -2.7299316481, 53.3527034273 ], [ -2.7204919665, 53.354035386900001 ], [ -2.7179172507, 53.355059941900002 ], [ -2.7122537097, 53.356904077099998 ] ] ] } },
{ "type": "Feature", "properties": { "ODSCode": "N81036", "Name": "SPRINGFIELDS MEDICAL CENTRE", "ICBCode": "QYG", "Region": "Y62", "stroke.opacity": "1.0", "stroke.width": "2.0", "fill.opacity": "0", "OBJECTID": 722, "stroke": "#0000ff", "fill": "#555555" }, "geometry": { "type": "Polygon", "coordinates": [ [ [ -2.5682210055, 53.423752982099998 ], [ -2.5783500047, 53.423139985399999 ], [ -2.5982699962, 53.422829993800001 ], [ -2.5989499811, 53.415979980700001 ], [ -2.5981799387, 53.414209965700003 ], [ -2.6005799411, 53.414169966300001 ], [ -2.6068499371, 53.413389966 ], [ -2.6086099328, 53.413599966200003 ], [ -2.6098799731, 53.4109099828 ], [ -2.6097699849, 53.410169987300002 ], [ -2.6097500009, 53.408989994199999 ], [ -2.6100400025, 53.408849995799997 ], [ -2.6111100013, 53.408989994400002 ], [ -2.6118299955, 53.409419992700002 ], [ -2.611869991, 53.409719991300001 ], [ -2.6130299898, 53.409859991200001 ], [ -2.6140999848, 53.410209989599998 ], [ -2.6163999817, 53.410539989699998 ], [ -2.6201199913, 53.410289993100001 ], [ -2.6219599876, 53.411019990100002 ], [ -2.6236299752, 53.412559982799998 ], [ -2.6247699845, 53.412219986099998 ], [ -2.6258499944, 53.411799989599999 ], [ -2.6268199989, 53.411639991100003 ], [ -2.6281700021, 53.411809991399998 ], [ -2.6282000096, 53.4111099944 ], [ -2.6284900191, 53.410159999 ], [ -2.628470026, 53.409450002900002 ], [ -2.6305200305, 53.409560003499998 ], [ -2.6317900353, 53.409560003899998 ], [ -2.6335299921, 53.409339987400003 ], [ -2.6373499713, 53.409129980199999 ], [ -2.6420599897, 53.407869988400002 ], [ -2.6443699947, 53.407469990599999 ], [ -2.6472400037, 53.405589989399999 ], [ -2.6480700069, 53.4045899861 ], [ -2.6485800049, 53.403629988200002 ], [ -2.6484799998, 53.4027499906 ], [ -2.6517800109, 53.402149992799998 ], [ -2.6538600077, 53.402099992 ], [ -2.6582499988, 53.402649989399997 ], [ -2.660269996, 53.402659988499998 ], [ -2.6646300017, 53.401389989 ], [ -2.6672400042, 53.401059991099999 ], [ -2.6681200077, 53.397009985700002 ], [ -2.6698399907, 53.395489982100003 ], [ -2.6710499855, 53.394319983199999 ], [ -2.6716499828, 53.393999984099999 ], [ -2.6683000088, 53.3927499885 ], [ -2.6667600071, 53.382099990699999 ], [ -2.6730300223, 53.379849980800003 ], [ -2.6718000224, 53.378849982600002 ], [ -2.6696500186, 53.377839986799998 ], [ -2.666800013, 53.377129991499999 ], [ -2.66575001, 53.376799993100001 ], [ -2.664320005, 53.376579995299998 ], [ -2.6632800019, 53.376359996300003 ], [ -2.6606799951, 53.375659999 ], [ -2.6571500039, 53.374789995500002 ], [ -2.637319992, 53.367049995599999 ], [ -2.6369799932, 53.366509995800001 ], [ -2.6367999944, 53.366069996 ], [ -2.6366299943, 53.365969995299999 ], [ -2.6367999944, 53.365969995199997 ], [ -2.6364599946, 53.365559994900003 ], [ -2.6361199933, 53.364739994200001 ], [ -2.6350899946, 53.363309994799998 ], [ -2.6257300019, 53.364789989899997 ], [ -2.623718295, 53.365207398499997 ], [ -2.6291570043, 53.365098991399996 ], [ -2.6253819992, 53.3663279895 ], [ -2.6212259717, 53.366519224900003 ], [ -2.625038002, 53.367352989300002 ], [ -2.6180605146, 53.367012992900001 ], [ -2.6174909951, 53.3673529872 ], [ -2.6168204576, 53.366952525800002 ], [ -2.6155939033, 53.366892704500003 ], [ -2.6136300154, 53.36729999 ], [ -2.613579008, 53.366870715099999 ], [ -2.612072485, 53.366720886300001 ], [ -2.6065100403, 53.366942992399999 ], [ -2.6065639747, 53.366830418399999 ], [ -2.5973993212, 53.3684719974 ], [ -2.5969685604, 53.3686189545 ], [ -2.5975870774, 53.368582002899998 ], [ -2.5966416224, 53.368730490099999 ], [ -2.5958750532, 53.368992001700001 ], [ -2.5927840137, 53.368786998700003 ], [ -2.5852309522, 53.371244987700003 ], [ -2.563597972, 53.375545982299997 ], [ -2.5608469511, 53.375750977099997 ], [ -2.5577559175, 53.377593968 ], [ -2.5601549427, 53.379948975 ], [ -2.5594669389, 53.380563974 ], [ -2.5598109473, 53.382099976699998 ], [ -2.5591209457, 53.383225976699997 ], [ -2.5596369522, 53.383942978500002 ], [ -2.5613499702, 53.385477981900003 ], [ -2.5623769789, 53.386194983499998 ], [ -2.5647730015, 53.388549988400001 ], [ -2.5647670052, 53.390801989 ], [ -2.5630469993, 53.3925419881 ], [ -2.5633960044, 53.3945899892 ], [ -2.5640890079, 53.39643199 ], [ -2.5639350069, 53.396329990300003 ], [ -2.5634070063, 53.399399988699997 ], [ -2.564783023, 53.406461992700002 ], [ -2.5668450089, 53.4179219914 ], [ -2.5682210055, 53.423752982099998 ] ] ] } },
{ "type": "Feature", "properties": { "ODSCode": "N81037", "Name": "THE BEECHES MEDICAL CTR", "ICBCode": "QYG", "Region": "Y62", "stroke.opacity": "1.0", "stroke.width": "2.0", "fill.opacity": "0", "OBJECTID": 3604, "stroke": "#0000ff", "fill": "#555555" }, "geometry": { "type": "Polygon", "coordinates": [ [ [ -2.7655099636, 53.347729955799998 ], [ -2.7613399891, 53.352519978300002 ], [ -2.7587435608, 53.356139862799999 ], [ -2.758450002, 53.356279987 ], [ -2.7608640426, 53.359367272100002 ], [ -2.7607526321, 53.359544459 ], [ -2.7552100131, 53.360999989699998 ], [ -2.7556125922, 53.362413698300003 ], [ -2.7554907407, 53.3625495896 ], [ -2.7472700194, 53.364729982599997 ], [ -2.7472900177, 53.369479983200002 ], [ -2.7474000155, 53.371039984 ], [ -2.7487300155, 53.3764699866 ], [ -2.7551700143, 53.375549988400003 ], [ -2.7721177303, 53.372607338 ], [ -2.7737000138, 53.372759992699997 ], [ -2.7820700122, 53.371549993099997 ], [ -2.7825000151, 53.370349992900003 ], [ -2.7809027145, 53.370063521699997 ], [ -2.7807603238, 53.369880832299998 ], [ -2.7817700209, 53.368479992300003 ], [ -2.7826300243, 53.366639990099998 ], [ -2.78165018, 53.366458249099999 ], [ -2.7815145461, 53.366265093499997 ], [ -2.7899299991, 53.356469966399999 ], [ -2.7791668516, 53.356244760300001 ], [ -2.7789538026, 53.356104443100001 ], [ -2.7795800048, 53.349959980400001 ], [ -2.7655099636, 53.347729955799998 ] ] ] } },
{ "type": "Feature", "properties": { "ODSCode": "N81038", "Name": "LAUREL BANK SURGERY", "ICBCode": "QYG", "Region": "Y62", "stroke.opacity": "1.0", "stroke.width": "2.0", "fill.opacity": "0", "OBJECTID": 2906, "stroke": "#0000ff", "fill": "#555555" }, "geometry": { "type": "Polygon", "coordinates": [ [ [ -2.8776964984, 53.0754922566 ], [ -2.8749951501, 53.0734251636 ], [ -2.8759112515, 53.071972740200003 ], [ -2.8773627539, 53.071008875399997 ], [ -2.8778779608, 53.0699124936 ], [ -2.8768774772, 53.069146831700003 ], [ -2.870897131, 53.070585034099999 ], [ -2.86898888, 53.06947707 ], [ -2.8675400081, 53.066619984699997 ], [ -2.8654760222, 53.06629604 ], [ -2.8674803103, 53.065212044299997 ], [ -2.8702905712, 53.064536135300003 ], [ -2.8698576843, 53.063926236699999 ], [ -2.8680981584, 53.063488870100002 ], [ -2.8656622976, 53.063285058799998 ], [ -2.8640666481, 53.063470533 ], [ -2.8629045861, 53.062581079499999 ], [ -2.8624383274, 53.061661508699999 ], [ -2.8613226328, 53.0608075086 ], [ -2.861591569, 53.060235066799997 ], [ -2.8623548208, 53.05992388 ], [ -2.8633004304, 53.060072316400003 ], [ -2.8643627857, 53.060446714599998 ], [ -2.8654253401, 53.0605786092 ], [ -2.8663639681, 53.060256584 ], [ -2.8679739073, 53.059600190700003 ], [ -2.868946924, 53.059510175200003 ], [ -2.8696580122, 53.059923145399999 ], [ -2.8704061724, 53.059457854599998 ], [ -2.872062111, 53.059059524699997 ], [ -2.872015173, 53.057952470399997 ], [ -2.871567251, 53.057321300700004 ], [ -2.8698096498, 53.056884345900002 ], [ -2.8672488758, 53.057323267599998 ], [ -2.8652074697, 53.058679291300002 ], [ -2.8621435454, 53.058198317600002 ], [ -2.8607452999, 53.057278405700004 ], [ -2.861953241, 53.0564759986 ], [ -2.8633670034, 53.056455774699998 ], [ -2.8652185729, 53.057108357700002 ], [ -2.8666606194, 53.056792655899997 ], [ -2.8672233316, 53.055900155499998 ], [ -2.8673379173, 53.055405512299998 ], [ -2.8661717897, 53.054960166800001 ], [ -2.8651153355, 53.055322658900003 ], [ -2.8634596338, 53.0549110197 ], [ -2.8606455629, 53.054833261900001 ], [ -2.8593363531, 53.054670731 ], [ -2.8593027229, 53.053877513899998 ], [ -2.8597801008, 53.052519097299999 ], [ -2.8605401008, 53.051970774399997 ], [ -2.8613648724, 53.051958974500003 ], [ -2.8626461602, 53.053235323300001 ], [ -2.8655021226, 53.052903273299997 ], [ -2.8662363469, 53.052506058 ], [ -2.8656259621, 53.051898009399999 ], [ -2.8675633492, 53.051233193 ], [ -2.8684392113, 53.0506512993 ], [ -2.8679305738, 53.049647854 ], [ -2.8667740869, 53.049901081900003 ], [ -2.8658283829, 53.050286744300003 ], [ -2.8648537612, 53.051518505499999 ], [ -2.8640210659, 53.051775331899997 ], [ -2.8631993783, 53.052110406399997 ], [ -2.8635980925, 53.049330017700001 ], [ -2.8632737411, 53.048690128200001 ], [ -2.8645473986, 53.048253040900001 ], [ -2.86652782, 53.047021047800001 ], [ -2.8676522648, 53.046490328600001 ], [ -2.8679445977, 53.045867878700001 ], [ -2.8695565812, 53.045591508699999 ], [ -2.8698933279, 53.045348515 ], [ -2.8697259007, 53.044422648 ], [ -2.8675560307, 53.0450919978 ], [ -2.8651424228, 53.045505808800002 ], [ -2.8666562236, 53.044132663399999 ], [ -2.8659923576, 53.043670056099998 ], [ -2.8651644991, 53.043464177799997 ], [ -2.8640407116, 53.043433118 ], [ -2.8627604785, 53.0440374095 ], [ -2.8620091412, 53.043850564 ], [ -2.8606996989, 53.0429887843 ], [ -2.8632721917, 53.041774486400001 ], [ -2.8663703129, 53.040818716499999 ], [ -2.8660750813, 53.040236160799999 ], [ -2.8643786566, 53.039588062100002 ], [ -2.8626088658, 53.039147896 ], [ -2.8618286543, 53.038370446400002 ], [ -2.8626938323, 53.0374634203 ], [ -2.866049859, 53.038298130800001 ], [ -2.8673674792, 53.037845849699998 ], [ -2.8671583627, 53.037188807600003 ], [ -2.8661812695, 53.036440475600003 ], [ -2.8657372529, 53.035564240799999 ], [ -2.8654911934, 53.034530625 ], [ -2.8656649856, 53.033780047500002 ], [ -2.8673781305, 53.034363162200002 ], [ -2.8705225076, 53.034450090500002 ], [ -2.8719810069, 53.0340990511 ], [ -2.8716478958, 53.033052319799999 ], [ -2.8708097241, 53.032216993799999 ], [ -2.8709317851, 53.031365387599998 ], [ -2.8705045451, 53.031117100700001 ], [ -2.868790604, 53.031071221200001 ], [ -2.8666377245, 53.031321654099997 ], [ -2.8660888123, 53.030238285599999 ], [ -2.8668138707, 53.029478016600002 ], [ -2.8677665628, 53.029184029500001 ], [ -2.8690963313, 53.0293814228 ], [ -2.8704029157, 53.0284382384 ], [ -2.8712162332, 53.027492911300001 ], [ -2.869632222, 53.026717942 ], [ -2.86832041, 53.026942947800002 ], [ -2.8668132795, 53.026901276499999 ], [ -2.8652716805, 53.026312146199999 ], [ -2.8649367374, 53.025651007199997 ], [ -2.8659348238, 53.025678604399999 ], [ -2.8677888709, 53.025272406 ], [ -2.8684757265, 53.024182210799999 ], [ -2.8697324697, 53.023346743099999 ], [ -2.8709854366, 53.023381390099999 ], [ -2.8724166719, 53.024808049299999 ], [ -2.8744117007, 53.025763111099998 ], [ -2.8761547541, 53.024819515499999 ], [ -2.8762396259, 53.0228990381 ], [ -2.8753367384, 53.022374229100002 ], [ -2.8736329484, 53.022327115 ], [ -2.8726136833, 53.0222989297 ], [ -2.871773399, 53.021896637499999 ], [ -2.8722455749, 53.021151067600002 ], [ -2.8734899391, 53.020021690199997 ], [ -2.8752391832, 53.020239025099997 ], [ -2.8768066906, 53.019970119600003 ], [ -2.8775715191, 53.019002789300004 ], [ -2.8789318312, 53.018098363 ], [ -2.8804899587, 53.0184251381 ], [ -2.8812829001, 53.019543491 ], [ -2.8824140685, 53.019824953899999 ], [ -2.8838300024, 53.019247120499998 ], [ -2.8844187781, 53.018312473199998 ], [ -2.8842554809, 53.017408871900003 ], [ -2.8888058415, 53.015467279399999 ], [ -2.8918226047, 53.015483614799997 ], [ -2.8919528533, 53.006777957899999 ], [ -2.8917254992, 53.001408437099997 ], [ -2.8906667886, 52.995547521399999 ], [ -2.8813537128, 52.9910858549 ], [ -2.8723967319, 52.987924039 ], [ -2.8665126547, 52.983818277200001 ], [ -2.8589775801, 52.983186640699998 ], [ -2.8480778478, 52.977963303 ], [ -2.8378772711, 52.972966749299999 ], [ -2.8285534855, 52.969788541100002 ], [ -2.8124475642, 52.967254970799999 ], [ -2.7927298385, 52.963114625800003 ], [ -2.7794072671, 52.9627457104 ], [ -2.7688702954, 52.961862005500002 ], [ -2.7613429178, 52.9599864391 ], [ -2.7525449177, 52.962267458 ], [ -2.7419791082, 52.964082382599997 ], [ -2.7315911773, 52.965866722100003 ], [ -2.7237870961, 52.965978603300002 ], [ -2.7184580534, 52.966055006399998 ], [ -2.7076589007, 52.967909872299998 ], [ -2.7090872687, 52.973918789300001 ], [ -2.7044815083, 52.978754209599998 ], [ -2.6976156302, 52.9811141351 ], [ -2.6942583026, 52.9822680726 ], [ -2.6916442011, 52.983075627300003 ], [ -2.6916825494, 52.983982016299997 ], [ -2.6895915087, 52.987286542299998 ], [ -2.6952897372, 52.995328392899999 ], [ -2.6918775194, 52.998909027400003 ], [ -2.6900558179, 53.004098970299999 ], [ -2.6887953305, 53.0095462775 ], [ -2.6878176152, 53.011629788699999 ], [ -2.6877603779, 53.0222204373 ], [ -2.6817907744, 53.027637877 ], [ -2.6821888, 53.037031823699998 ], [ -2.6767757381, 53.0427064159 ], [ -2.6721276608, 53.045794933 ], [ -2.6668079827, 53.054233509699998 ], [ -2.6654405302, 53.056391039099999 ], [ -2.6633474553, 53.058289082899996 ], [ -2.6620367214, 53.061079060099999 ], [ -2.6613983374, 53.063834321100003 ], [ -2.6611681913, 53.069036767500002 ], [ -2.6634057372, 53.072188823300003 ], [ -2.6617855959, 53.0747574695 ], [ -2.6611455196, 53.076577896 ], [ -2.6631527345, 53.082878369500001 ], [ -2.6654708185, 53.086142762800002 ], [ -2.6683452989, 53.087811070699999 ], [ -2.7047000318, 53.093199990400002 ], [ -2.7403999967, 53.1057699825 ], [ -2.7721790062, 53.1097103273 ], [ -2.7952201708, 53.110346183300003 ], [ -2.8102289475, 53.11013174 ], [ -2.8491959122, 53.105606990799998 ], [ -2.8492644207, 53.092955371899997 ], [ -2.8576494356, 53.082367033899999 ], [ -2.8626890299, 53.080638903299999 ], [ -2.8653569492, 53.080055142399999 ], [ -2.8680742711, 53.079217593400003 ], [ -2.8707482472, 53.078393388499997 ], [ -2.8730895399, 53.077395805199998 ], [ -2.8753554169, 53.076459578200001 ], [ -2.8776964984, 53.0754922566 ] ] ] } },
{ "type": "Feature", "properties": { "ODSCode": "N81039", "Name": "OAKLANDS", "ICBCode": "QYG", "Region": "Y62", "stroke.opacity": "1.0", "stroke.width": "2.0", "fill.opacity": "0", "OBJECTID": 4096, "stroke": "#0000ff", "fill": "#555555" }, "geometry": { "type": "Polygon", "coordinates": [ [ [ -2.4724400197, 53.249909987 ], [ -2.4880600167, 53.235679989799998 ], [ -2.4933799694, 53.223510019099997 ], [ -2.4909800975, 53.190499987199999 ], [ -2.4660900169, 53.169109992899998 ], [ -2.4338200125, 53.1580899868 ], [ -2.4175100054, 53.169619989600001 ], [ -2.4163100137, 53.183609987799997 ], [ -2.3994000122, 53.2084499873 ], [ -2.4075500165, 53.233479985300001 ], [ -2.4724400197, 53.249909987 ] ] ] } },
{ "type": "Feature", "properties": { "ODSCode": "N81040", "Name": "HIGH STREET PRACTICE WINSFORD", "ICBCode": "QYG", "Region": "Y62", "stroke.opacity": "1.0", "stroke.width": "2.0", "fill.opacity": "0", "OBJECTID": 3929, "stroke": "#0000ff", "fill": "#555555" }, "geometry": { "type": "Polygon", "coordinates": [ [ [ -2.6140600129, 53.221659991300001 ], [ -2.6418700244, 53.184019966599998 ], [ -2.6386900255, 53.181199969399998 ], [ -2.6363800227, 53.178059976599997 ], [ -2.6116599988, 53.170959994900002 ], [ -2.5811000259, 53.175999998400002 ], [ -2.5977500207, 53.160669999200003 ], [ -2.5852199852, 53.152949976899997 ], [ -2.5701099997, 53.164479988099998 ], [ -2.5570699233, 53.160770001800003 ], [ -2.5467699866, 53.145529992299998 ], [ -2.5316600359, 53.1459499702 ], [ -2.5313200116, 53.1337999701 ], [ -2.5213600096, 53.128849984699997 ], [ -2.4959600241, 53.141420018700003 ], [ -2.4918400299, 53.146770027700001 ], [ -2.4849700129, 53.150479991300003 ], [ -2.4925200241, 53.160360045099999 ], [ -2.5000800044, 53.157479999899998 ], [ -2.4932100283, 53.151710040399998 ], [ -2.5000800183, 53.146769995900002 ], [ -2.5186200231, 53.158299982499997 ], [ -2.5024800199, 53.166739978099997 ], [ -2.4877200208, 53.172300018599998 ], [ -2.4911500541, 53.177650036700001 ], [ -2.484280009, 53.182169998200003 ], [ -2.4736400015, 53.182279999499997 ], [ -2.463000004, 53.178679997300002 ], [ -2.452010002, 53.185049994700002 ], [ -2.4609400206, 53.196569994299999 ], [ -2.4784500568, 53.200479963200003 ], [ -2.4914899806, 53.207270011600002 ], [ -2.495779976, 53.207880016200001 ], [ -2.5007599906, 53.208090003499997 ], [ -2.513809975, 53.211380019300002 ], [ -2.512779999, 53.215080007799997 ], [ -2.5148400168, 53.220009996500004 ], [ -2.5211900171, 53.223099989399998 ], [ -2.5209300189, 53.226489987599997 ], [ -2.5234200195, 53.228229981699997 ], [ -2.5282300146, 53.231929982399997 ], [ -2.5337200067, 53.230289988599999 ], [ -2.5553500199, 53.238299993200002 ], [ -2.5855600298, 53.232139993 ], [ -2.5799000115, 53.227719991900003 ], [ -2.5869400072, 53.226799992099998 ], [ -2.6003299989, 53.220839991600002 ], [ -2.6085700042, 53.2198099915 ], [ -2.6140600129, 53.221659991300001 ] ] ] } },
{ "type": "Feature", "properties": { "ODSCode": "N81041", "Name": "HELSBY STREET MED/CTR", "ICBCode": "QYG", "Region": "Y62", "stroke.opacity": "1.0", "stroke.width": "2.0", "fill.opacity": "0", "OBJECTID": 355, "stroke": "#0000ff", "fill": "#555555" }, "geometry": { "type": "Polygon", "coordinates": [ [ [ -2.5622199847, 53.3382499919 ], [ -2.5563799316, 53.3390700096 ], [ -2.5518852928, 53.341336903 ], [ -2.5457400043, 53.342559992699996 ], [ -2.5351000033, 53.344809992899997 ], [ -2.5306300049, 53.346039991399998 ], [ -2.5251532878, 53.347676022599998 ], [ -2.5186200137, 53.348909988400003 ], [ -2.5148400131, 53.351779990499999 ], [ -2.5131200108, 53.3538299931 ], [ -2.5127727574, 53.356302937199999 ], [ -2.5110600101, 53.359360013699998 ], [ -2.511059654, 53.362233489600001 ], [ -2.5107208859, 53.365501585 ], [ -2.5096892177, 53.368381893500001 ], [ -2.5079700164, 53.372469990799999 ], [ -2.5066000118, 53.377589990899999 ], [ -2.5062583397, 53.3810859636 ], [ -2.505230009, 53.384759992299998 ], [ -2.5052300116, 53.389059992900002 ], [ -2.5062600105, 53.392339992499998 ], [ -2.5072900049, 53.39519999 ], [ -2.5103800009, 53.398269987 ], [ -2.5172399802, 53.404209959100001 ], [ -2.5206765781, 53.406257935399999 ], [ -2.5237700004, 53.408299981299997 ], [ -2.5285643989, 53.4099380619 ], [ -2.5293262281, 53.410241018599997 ], [ -2.5290249186, 53.410596835600003 ], [ -2.5326899652, 53.411579955800001 ], [ -2.5327600018, 53.411502693 ], [ -2.5330897604, 53.4114568655 ], [ -2.5381682113, 53.413610722900003 ], [ -2.5409316085, 53.415671295199999 ], [ -2.5440199463, 53.418129969399999 ], [ -2.5481399839, 53.420379975800003 ], [ -2.5550084069, 53.422009575399997 ], [ -2.5591300089, 53.4230399494 ], [ -2.5618700068, 53.423239960399997 ], [ -2.56837833, 53.423239982299997 ], [ -2.5728600088, 53.423859983100002 ], [ -2.5779625058, 53.423047549899998 ], [ -2.582130003, 53.423649987 ], [ -2.587279999, 53.423449988599998 ], [ -2.5962099968, 53.422629992399997 ], [ -2.5975800001, 53.420379991 ], [ -2.5985998375, 53.416726397399998 ], [ -2.5986810274, 53.416649676600002 ], [ -2.6059789157, 53.4136120179 ], [ -2.6061271342, 53.413593062399997 ], [ -2.6090113973, 53.413918777699998 ], [ -2.6157799712, 53.415259979200002 ], [ -2.6161294453, 53.415163339800003 ], [ -2.6178399817, 53.415769982 ], [ -2.6196945271, 53.415769984299999 ], [ -2.6216100049, 53.416079988600004 ], [ -2.6228100093, 53.4160799896 ], [ -2.6245300092, 53.4156699901 ], [ -2.6245037923, 53.415508227 ], [ -2.6246116173, 53.415388127600004 ], [ -2.6269300013, 53.414649987799997 ], [ -2.6272750153, 53.413743047 ], [ -2.6279599905, 53.412909985200002 ], [ -2.6277459634, 53.412828770499999 ], [ -2.6276761993, 53.412649860400002 ], [ -2.6278799945, 53.412449987 ], [ -2.6282200017, 53.411889991300001 ], [ -2.6286500126, 53.411019995499998 ], [ -2.628477044, 53.410984288599998 ], [ -2.6283467474, 53.410799466199997 ], [ -2.62882002, 53.410199999900001 ], [ -2.6286500265, 53.409380003300001 ], [ -2.6283178871, 53.408432410800003 ], [ -2.6285600362, 53.407640007 ], [ -2.6280478021, 53.4067566095 ], [ -2.6278800346, 53.4057500049 ], [ -2.6272800338, 53.403900003 ], [ -2.6267220241, 53.403900002699999 ], [ -2.6265357479, 53.403828101 ], [ -2.6251300273, 53.401910002900003 ], [ -2.6239716391, 53.400855739599997 ], [ -2.6239300288, 53.399710003499997 ], [ -2.6231085036, 53.398802316900003 ], [ -2.6208380119, 53.393399860400002 ], [ -2.6212273436, 53.391890352 ], [ -2.6216099863, 53.3907999905 ], [ -2.6217799966, 53.389829992199999 ], [ -2.6215572472, 53.389676356800003 ], [ -2.622639998, 53.383119985 ], [ -2.6226400138, 53.380669985099999 ], [ -2.6223000317, 53.377586282199999 ], [ -2.6223000155, 53.372269986900001 ], [ -2.6205867387, 53.369002838199997 ], [ -2.6202399951, 53.365919988100003 ], [ -2.6181799998, 53.3634330625 ], [ -2.6181800046, 53.361819989399997 ], [ -2.6178400099, 53.3593599903 ], [ -2.6157800147, 53.356899996700001 ], [ -2.6113067704, 53.356289479799997 ], [ -2.6023900125, 53.354849997599999 ], [ -2.5985103676, 53.354358000399998 ], [ -2.5983621833, 53.354133470100003 ], [ -2.5989500225, 53.353630000599999 ], [ -2.5958690129, 53.352602996400002 ], [ -2.5934815732, 53.351589155399999 ], [ -2.5893400541, 53.348499996599998 ], [ -2.5869240268, 53.347671048899997 ], [ -2.5814469833, 53.3446138511 ], [ -2.5790400641, 53.342969973400002 ], [ -2.5708000919, 53.338459947799997 ], [ -2.570800095, 53.339463362499998 ], [ -2.5704555385, 53.339596069300001 ], [ -2.5670200272, 53.338659976400002 ], [ -2.5622199847, 53.3382499919 ] ] ] } },
{ "type": "Feature", "properties": { "ODSCode": "N81043", "Name": "HASLINGTON SURGERY", "ICBCode": "QYG", "Region": "Y62", "stroke.opacity": "1.0", "stroke.width": "2.0", "fill.opacity": "0", "OBJECTID": 1243, "stroke": "#0000ff", "fill": "#555555" }, "geometry": { "type": "Polygon", "coordinates": [ [ [ -2.40430724, 53.125762023900002 ], [ -2.4248955398, 53.106495779600003 ], [ -2.4150178168, 53.096137192 ], [ -2.4161314273, 53.077115050899998 ], [ -2.4140732224, 53.072474237 ], [ -2.4116687127, 53.070205188499997 ], [ -2.4087520147, 53.067213992900001 ], [ -2.3912430137, 53.065150991099998 ], [ -2.3354536587, 53.068657997599999 ], [ -2.3445538771, 53.092168538599999 ], [ -2.3375133067, 53.126070939199998 ], [ -2.40430724, 53.125762023900002 ] ] ] } },
{ "type": "Feature", "properties": { "ODSCode": "N81044", "Name": "HUNGERFORD MEDICAL CENTRE", "ICBCode": "QYG", "Region": "Y62", "stroke.opacity": "1.0", "stroke.width": "2.0", "fill.opacity": "0", "OBJECTID": 5817, "stroke": "#0000ff", "fill": "#555555" }, "geometry": { "type": "Polygon", "coordinates": [ [ [ -2.4784500383, 53.126380049300003 ], [ -2.4808500289, 53.123700023399998 ], [ -2.476390035, 53.115050054599998 ], [ -2.4849700286, 53.1074199858 ], [ -2.4866899344, 53.092790021799999 ], [ -2.5096900414, 53.078969989599997 ], [ -2.4897800126, 53.066389986399997 ], [ -2.4890900093, 53.061229986400001 ], [ -2.48669001, 53.0593699856 ], [ -2.4808500097, 53.060609986700001 ], [ -2.4574999919, 53.0581399983 ], [ -2.4454901577, 53.058339919300003 ], [ -2.4351899542, 53.054830016300002 ], [ -2.427289962, 53.057310017299997 ], [ -2.4121900105, 53.058959996699997 ], [ -2.4066900026, 53.057719994400003 ], [ -2.4001699998, 53.058139989799997 ], [ -2.3826600162, 53.068249992200002 ], [ -2.3727000149, 53.11030999 ], [ -2.3785400141, 53.121019993399997 ], [ -2.4341600026, 53.131119982599998 ], [ -2.4784500383, 53.126380049300003 ] ] ] } },
{ "type": "Feature", "properties": { "ODSCode": "N81045", "Name": "PEELHOUSE MEDICAL PLAZA", "ICBCode": "QYG", "Region": "Y62", "stroke.opacity": "1.0", "stroke.width": "2.0", "fill.opacity": "0", "OBJECTID": 684, "stroke": "#0000ff", "fill": "#555555" }, "geometry": { "type": "Polygon", "coordinates": [ [ [ -2.7400200262, 53.364099974299997 ], [ -2.7334100178, 53.364969982200002 ], [ -2.7327349206, 53.370155507900002 ], [ -2.73252815, 53.370274122300003 ], [ -2.7249878303, 53.3704364361 ], [ -2.7207532303, 53.369613939700002 ], [ -2.7206089803, 53.369472345200002 ], [ -2.7219099683, 53.364639986299998 ], [ -2.7098899637, 53.370759978199999 ], [ -2.709987085, 53.370909545099998 ], [ -2.7099612791, 53.371024262699997 ], [ -2.68940648, 53.385412911499998 ], [ -2.7030740311, 53.386941078900001 ], [ -2.7127688876, 53.390605226399998 ], [ -2.7231989495, 53.393608001300002 ], [ -2.7466082974, 53.402445966599998 ], [ -2.7545154432, 53.3960321976 ], [ -2.7496546203, 53.389079701 ], [ -2.7383228328, 53.389540322800002 ], [ -2.7331301701, 53.3786120639 ], [ -2.7386000186, 53.373109980400002 ], [ -2.7400200262, 53.364099974299997 ] ] ] } },
{ "type": "Feature", "properties": { "ODSCode": "N81046", "Name": "PARK MEDICAL CENTRE", "ICBCode": "QYG", "Region": "Y62", "stroke.opacity": "1.0", "stroke.width": "2.0", "fill.opacity": "0", "OBJECTID": 1940, "stroke": "#0000ff", "fill": "#555555" }, "geometry": { "type": "Polygon", "coordinates": [ [ [ -2.9568670292, 53.231830976 ], [ -2.9626180208, 53.2298279818 ], [ -2.9750620073, 53.223763977899999 ], [ -2.9673370045, 53.219036991 ], [ -2.9570400086, 53.214256987200002 ], [ -2.9482820035, 53.210607984900001 ], [ -2.9455360037, 53.2063919868 ], [ -2.9427900034, 53.2027939902 ], [ -2.939442997, 53.199759990899999 ], [ -2.9353209741, 53.196726987300003 ], [ -2.9296589818, 53.194669986599997 ], [ -2.9262270026, 53.192715988400003 ], [ -2.9222740045, 53.1890129887 ], [ -2.9021150107, 53.189681988 ], [ -2.8970480023, 53.1887049889 ], [ -2.8939559934, 53.185824990299999 ], [ -2.8912930005, 53.176102989500002 ], [ -2.8887560053, 53.171266987899998 ], [ -2.8902920046, 53.158814990700002 ], [ -2.8834080058, 53.154902993 ], [ -2.8667400166, 53.126999984199998 ], [ -2.8070100072, 53.133999985700001 ], [ -2.7671800137, 53.137709987699999 ], [ -2.7603100095, 53.147179986899999 ], [ -2.7630600073, 53.188339991799999 ], [ -2.7644300065, 53.196159987 ], [ -2.7932700078, 53.250009998300001 ], [ -2.824170011, 53.259869988600002 ], [ -2.8430570212, 53.256381988500003 ], [ -2.8650300128, 53.255354992699999 ], [ -2.8887180092, 53.253506985100003 ], [ -2.9005640125, 53.249808976600001 ], [ -2.9110340146, 53.247343977500002 ], [ -2.9199610156, 53.245083984300003 ], [ -2.9319750161, 53.242823992700004 ], [ -2.9383270147, 53.241077988299999 ], [ -2.9445060183, 53.2386119815 ], [ -2.9518890155, 53.234399989300002 ], [ -2.9568670292, 53.231830976 ] ] ] } },
{ "type": "Feature", "properties": { "ODSCode": "N81047", "Name": "THE KILTEARN MEDICAL CTR.", "ICBCode": "QYG", "Region": "Y62", "stroke.opacity": "1.0", "stroke.width": "2.0", "fill.opacity": "0", "OBJECTID": 3534, "stroke": "#0000ff", "fill": "#555555" }, "geometry": { "type": "Polygon", "coordinates": [ [ [ -2.4225900064, 53.070159990400001 ], [ -2.4228100063, 53.070329990300003 ], [ -2.4295700088, 53.077719988600002 ], [ -2.4470499024, 53.080660036499999 ], [ -2.4558799774, 53.082719998599998 ], [ -2.4565999518, 53.083260009900002 ], [ -2.4630698171, 53.084420076100002 ], [ -2.468800048, 53.084869972500002 ], [ -2.4792005004, 53.088339762799997 ], [ -2.4873099429, 53.092760019099998 ], [ -2.4857500264, 53.096399973600001 ], [ -2.4853100965, 53.105029955699997 ], [ -2.4673500191, 53.1203299911 ], [ -2.4633100137, 53.130029991400001 ], [ -2.4515300133, 53.142899993199997 ], [ -2.4858400107, 53.154169994 ], [ -2.5536099225, 53.131139997699997 ], [ -2.5846500107, 53.111309993299997 ], [ -2.5918300213, 53.103179993099999 ], [ -2.5961000189, 53.083639987300003 ], [ -2.6293200686, 53.080299942700002 ], [ -2.6472200547, 53.071969955900002 ], [ -2.6227600136, 53.061669988699997 ], [ -2.6139000121, 53.046039991299999 ], [ -2.5756400053, 53.031569971700002 ], [ -2.5999100063, 53.016969995 ], [ -2.5992100045, 53.004060015599997 ], [ -2.5881700047, 52.998609993599999 ], [ -2.5797399986, 52.996749985100003 ], [ -2.5704700034, 53.001089987699999 ], [ -2.5283800169, 53.000279994700001 ], [ -2.5137399898, 53.009999990799997 ], [ -2.492730014, 53.015649991099998 ], [ -2.4839600016, 53.010039993100001 ], [ -2.471210006, 53.006749992499998 ], [ -2.4415199646, 53.029840009200001 ], [ -2.4184599408, 53.0303900201 ], [ -2.3931700114, 53.042659991199997 ], [ -2.3815000059, 53.058899981800003 ], [ -2.3827000164, 53.068029991700001 ], [ -2.4039300076, 53.072029999100003 ], [ -2.4225900064, 53.070159990400001 ] ] ] } },
{ "type": "Feature", "properties": { "ODSCode": "N81048", "Name": "FEARNHEAD CROSS MED.CTR.", "ICBCode": "QYG", "Region": "Y62", "stroke.opacity": "1.0", "stroke.width": "2.0", "fill.opacity": "0", "OBJECTID": 4609, "stroke": "#0000ff", "fill": "#555555" }, "geometry": { "type": "Polygon", "coordinates": [ [ [ -2.5957100155, 53.431169992100003 ], [ -2.5953500171, 53.431969991400003 ], [ -2.595840017, 53.432099992200001 ], [ -2.5974500158, 53.431909993700003 ], [ -2.5977900169, 53.432469994 ], [ -2.5977300182, 53.433559993800003 ], [ -2.6016800181, 53.433529996200001 ], [ -2.5986500135, 53.430949994899997 ], [ -2.6006300137, 53.430849996200003 ], [ -2.6026000126, 53.430639996300002 ], [ -2.6073480818, 53.429971037 ], [ -2.6085700139, 53.429899990499997 ], [ -2.610630015, 53.430039989900003 ], [ -2.6125800169, 53.430089988299997 ], [ -2.6146200183, 53.430209986 ], [ -2.6166300162, 53.428479983899997 ], [ -2.6137800123, 53.426439984300004 ], [ -2.6149800155, 53.4270099835 ], [ -2.6168300142, 53.425879981400001 ], [ -2.6177300144, 53.42595998 ], [ -2.6187200157, 53.425629981 ], [ -2.6195700214, 53.425059983200001 ], [ -2.6224100347, 53.425249988700003 ], [ -2.6214600306, 53.423649989 ], [ -2.6222800352, 53.422859991899998 ], [ -2.6222100324, 53.422359991900002 ], [ -2.6227900342, 53.421409993300003 ], [ -2.6224300321, 53.420949992399997 ], [ -2.6218900288, 53.420719992 ], [ -2.620350018, 53.419279989499998 ], [ -2.6200500163, 53.419299988699997 ], [ -2.6194700144, 53.419779987 ], [ -2.6186300105, 53.419739986 ], [ -2.6176900067, 53.419599984400001 ], [ -2.6168900055, 53.419569985700001 ], [ -2.6162900065, 53.419839985300001 ], [ -2.6151100053, 53.419689986100003 ], [ -2.6147700055, 53.419249986399997 ], [ -2.6140400059, 53.419009986399999 ], [ -2.6133900051, 53.418269987 ], [ -2.6127300056, 53.417269987700003 ], [ -2.6119800066, 53.417229987100001 ], [ -2.611060004, 53.4169099876 ], [ -2.6096400049, 53.416859987 ], [ -2.6082399938, 53.416369983599999 ], [ -2.607259979, 53.415709979200003 ], [ -2.6074499579, 53.414739973499998 ], [ -2.6078799483, 53.4142999707 ], [ -2.6084799386, 53.4138299683 ], [ -2.6089299463, 53.412729971600001 ], [ -2.6098299739, 53.410869983399998 ], [ -2.6097699946, 53.409509991500002 ], [ -2.6096600062, 53.408689995400003 ], [ -2.6092499967, 53.407189991599999 ], [ -2.6082399898, 53.405849987899998 ], [ -2.6077899815, 53.404589984499999 ], [ -2.6086299983, 53.402779989700001 ], [ -2.6103700079, 53.401699993400001 ], [ -2.6124300129, 53.401109996700001 ], [ -2.6137800191, 53.400549997699997 ], [ -2.6149200245, 53.399839998799997 ], [ -2.6158200247, 53.398899999199998 ], [ -2.6164400244, 53.398059998400001 ], [ -2.6168300212, 53.397079997200002 ], [ -2.6169300198, 53.3964299963 ], [ -2.6162100217, 53.394809995899998 ], [ -2.6156300069, 53.393069993799998 ], [ -2.6158800022, 53.3916499933 ], [ -2.6158600434, 53.389320000799998 ], [ -2.6159500651, 53.388090005099997 ], [ -2.6159000651, 53.388110005 ], [ -2.6149200659, 53.387830004900003 ], [ -2.6120000484, 53.388519999499998 ], [ -2.6107500455, 53.388399999299999 ], [ -2.6097200384, 53.388829997400002 ], [ -2.609600039, 53.388779997100002 ], [ -2.6021700214, 53.388679990100002 ], [ -2.6025600251, 53.386709991700002 ], [ -2.602430022, 53.3860899907 ], [ -2.6009300171, 53.385839989700003 ], [ -2.5977900155, 53.385959990300002 ], [ -2.5950100128, 53.386139988700002 ], [ -2.5920000121, 53.386039989399997 ], [ -2.59067001, 53.385349988900003 ], [ -2.586850007, 53.3845099873 ], [ -2.5820900073, 53.384279987299998 ], [ -2.5774500082, 53.383329989300002 ], [ -2.5788700101, 53.385579990099998 ], [ -2.5789500112, 53.386839991099997 ], [ -2.5779200137, 53.388189991499999 ], [ -2.5763800155, 53.3888299917 ], [ -2.5726500176, 53.388449992300004 ], [ -2.5718700186, 53.388039992300001 ], [ -2.5659100072, 53.3877799905 ], [ -2.564019997, 53.388579987699998 ], [ -2.5636799973, 53.3896499875 ], [ -2.5636800012, 53.3911599885 ], [ -2.5631600011, 53.392489988199998 ], [ -2.5628200007, 53.394099988400001 ], [ -2.5615299975, 53.394669987699999 ], [ -2.5607599915, 53.393919986900002 ], [ -2.5605399863, 53.392109985300003 ], [ -2.5595999753, 53.390469983499997 ], [ -2.5580999636, 53.389729981199999 ], [ -2.5556899566, 53.389039980699998 ], [ -2.555009962, 53.388959982199999 ], [ -2.5532899809, 53.389499987900003 ], [ -2.5520899925, 53.390289991099998 ], [ -2.5519199963, 53.391389991499999 ], [ -2.5527299944, 53.392359990499997 ], [ -2.5525599973, 53.393489990799999 ], [ -2.5517900042, 53.394589992599997 ], [ -2.5499399997, 53.395539989699998 ], [ -2.5482699882, 53.395969986 ], [ -2.5463799738, 53.396049982299999 ], [ -2.5466799782, 53.392849984500003 ], [ -2.5435099627, 53.392489979200001 ], [ -2.5370699837, 53.393999981699999 ], [ -2.5338500044, 53.393869987400002 ], [ -2.5310200063, 53.393439987900003 ], [ -2.5280600094, 53.3935699894 ], [ -2.521360009, 53.394079988900003 ], [ -2.5170300054, 53.395659991099997 ], [ -2.5125600047, 53.395329990199997 ], [ -2.5085300058, 53.394459989600001 ], [ -2.5077600061, 53.394619990199999 ], [ -2.5131199921, 53.401369975800002 ], [ -2.5172899814, 53.404009960800003 ], [ -2.5216199904, 53.4066899711 ], [ -2.5268999889, 53.4090199754 ], [ -2.531319972, 53.410679962899998 ], [ -2.533889967, 53.4115499575 ], [ -2.5376299126, 53.413499925499998 ], [ -2.539899903, 53.4148799297 ], [ -2.535519995, 53.4166899847 ], [ -2.532649998, 53.419409982200001 ], [ -2.530759993, 53.4208899769 ], [ -2.5295999928, 53.421399975100002 ], [ -2.5307599999, 53.423679976400003 ], [ -2.533210013, 53.426799987599999 ], [ -2.5338900114, 53.428129988199998 ], [ -2.5321800121, 53.429459990600002 ], [ -2.5274600135, 53.429789992499998 ], [ -2.5269400139, 53.431549995300003 ], [ -2.5260000138, 53.4340599959 ], [ -2.5271100155, 53.436899991799997 ], [ -2.5252200155, 53.4401399897 ], [ -2.5231600139, 53.441569991400002 ], [ -2.5233400125, 53.44461999 ], [ -2.5253500112, 53.4451799876 ], [ -2.5278000125, 53.446149984199998 ], [ -2.5301200112, 53.4464599836 ], [ -2.5311000122, 53.4467099835 ], [ -2.5320900131, 53.448499983200001 ], [ -2.5373300115, 53.446789983199999 ], [ -2.5416600047, 53.445309984 ], [ -2.5456100022, 53.444209984499999 ], [ -2.5492600033, 53.442949984800002 ], [ -2.5511499947, 53.440879983800002 ], [ -2.5525599798, 53.4395299838 ], [ -2.5556899432, 53.4376899807 ], [ -2.559509947, 53.437429981599998 ], [ -2.5623899725, 53.4365399848 ], [ -2.56427999, 53.435669987300003 ], [ -2.5677500132, 53.436199990900001 ], [ -2.5710200225, 53.435999978399998 ], [ -2.5737600255, 53.434129973899999 ], [ -2.576890022, 53.4337999774 ], [ -2.5868900169, 53.432189984399997 ], [ -2.5911900157, 53.431729988199997 ], [ -2.5957100155, 53.431169992100003 ] ] ] } },
{ "type": "Feature", "properties": { "ODSCode": "N81049", "Name": "KNUTSFORD MEDICAL PARTNERSHIP", "ICBCode": "QYG", "Region": "Y62", "stroke.opacity": "1.0", "stroke.width": "2.0", "fill.opacity": "0", "OBJECTID": 1131, "stroke": "#0000ff", "fill": "#555555" }, "geometry": { "type": "Polygon", "coordinates": [ [ [ -2.470545014, 53.3599600095 ], [ -2.4966450149, 53.322653990299997 ], [ -2.5055740254, 53.293523993 ], [ -2.4987050362, 53.288598988499999 ], [ -2.4849680121, 53.2844939915 ], [ -2.4671100056, 53.270123993600002 ], [ -2.468484005, 53.262320986600002 ], [ -2.4602420206, 53.263141986199997 ], [ -2.4506260104, 53.254926980199997 ], [ -2.4423840285, 53.245888979699998 ], [ -2.416971014, 53.249586987 ], [ -2.3833150139, 53.236848983599998 ], [ -2.3627100074, 53.236848976899999 ], [ -2.3544680038, 53.2356159777 ], [ -2.3489730122, 53.247121995199997 ], [ -2.3345490128, 53.238492991100003 ], [ -2.3201260096, 53.236848991700001 ], [ -2.3111970056, 53.242190988799997 ], [ -2.3008940027, 53.247531991199999 ], [ -2.2926520061, 53.260677984399997 ], [ -2.2809759956, 53.265606986599998 ], [ -2.2727339916, 53.2672489845 ], [ -2.2692989891, 53.283261996500002 ], [ -2.2651780103, 53.295165987300003 ], [ -2.2521280054, 53.299269993199999 ], [ -2.2411390593, 53.309938020600001 ], [ -2.2528150111, 53.331675986800001 ], [ -2.2665519978, 53.334545997299998 ], [ -2.2665520075, 53.342745991699999 ], [ -2.2871570092, 53.341105991299997 ], [ -2.3063890157, 53.3493049928 ], [ -2.3146310042, 53.3534029932 ], [ -2.3352360033, 53.357500983199998 ], [ -2.385376023, 53.359549983100003 ], [ -2.3949920255, 53.363647988 ], [ -2.470545014, 53.3599600095 ] ] ] } },
{ "type": "Feature", "properties": { "ODSCode": "N81050", "Name": "GREAT SUTTON MEDICAL CENTRE", "ICBCode": "QYG", "Region": "Y62", "stroke.opacity": "1.0", "stroke.width": "2.0", "fill.opacity": "0", "OBJECTID": 3896, "stroke": "#0000ff", "fill": "#555555" }, "geometry": { "type": "Polygon", "coordinates": [ [ [ -2.951200012, 53.240769985599997 ], [ -2.9223600091, 53.254329984800002 ], [ -2.8993600169, 53.259049978299998 ], [ -2.8773900237, 53.262749988 ], [ -2.8736100184, 53.263779989500001 ], [ -2.8825400086, 53.289849998100003 ], [ -2.9299199937, 53.309949953900002 ], [ -2.9469100107, 53.302359981099997 ], [ -2.9589300124, 53.304419986699997 ], [ -2.968540012, 53.302769985600001 ], [ -2.9960900064, 53.308159994500002 ], [ -3.0053200076, 53.300180002 ], [ -3.0253600101, 53.293849988300003 ], [ -3.0212399981, 53.285019995900001 ], [ -2.951200012, 53.240769985599997 ] ] ] } },
{ "type": "Feature", "properties": { "ODSCode": "N81051", "Name": "THE WEAVERHAM SURGERY", "ICBCode": "QYG", "Region": "Y62", "stroke.opacity": "1.0", "stroke.width": "2.0", "fill.opacity": "0", "OBJECTID": 5058, "stroke": "#0000ff", "fill": "#555555" }, "geometry": { "type": "Polygon", "coordinates": [ [ [ -2.6574694181, 53.210725698499999 ], [ -2.6397363207, 53.219047818 ], [ -2.6256087754, 53.226536820500002 ], [ -2.5960793307, 53.230799240800003 ], [ -2.5729611506, 53.236288863 ], [ -2.5545959809, 53.238588629100001 ], [ -2.5268500207, 53.239331978599999 ], [ -2.5246075186, 53.241121262299998 ], [ -2.5253321245, 53.244944984699998 ], [ -2.5134660263, 53.253506993099997 ], [ -2.5083159805, 53.263774992499997 ], [ -2.5083159817, 53.264596993300003 ], [ -2.5100329755, 53.267471992 ], [ -2.5247939812, 53.269319994100002 ], [ -2.5366399514, 53.268395982500003 ], [ -2.5452366377, 53.268165825499999 ], [ -2.5494025251, 53.267102023900001 ], [ -2.5514039437, 53.266590931099998 ], [ -2.553564965, 53.266662870099999 ], [ -2.5555968976, 53.266917267300002 ], [ -2.5568875892, 53.268603401699998 ], [ -2.558186046, 53.270933006100002 ], [ -2.5613998895, 53.273902523499999 ], [ -2.5655236031, 53.2762397292 ], [ -2.5744674724, 53.280185216600003 ], [ -2.5843005369, 53.283428194400003 ], [ -2.5960490576, 53.285068439100002 ], [ -2.6004514161, 53.281691498299999 ], [ -2.6093177123, 53.282929404299999 ], [ -2.6116958797, 53.289760198499998 ], [ -2.615318301, 53.293105741300003 ], [ -2.6202662052, 53.295287641800002 ], [ -2.6266631006, 53.295770114500002 ], [ -2.6296054453, 53.29342541 ], [ -2.6309463698, 53.2907539992 ], [ -2.6315328149, 53.286505006699997 ], [ -2.6343752621, 53.283922182799998 ], [ -2.6375035325, 53.282266225900003 ], [ -2.6418599319, 53.277970547499997 ], [ -2.645476372, 53.275362769399997 ], [ -2.6481128022, 53.275032914699999 ], [ -2.6524820071, 53.272985284100002 ], [ -2.6557579107, 53.269754385 ], [ -2.6584486196, 53.267308482099999 ], [ -2.6622768973, 53.262822263700002 ], [ -2.6661412147, 53.258293347699997 ], [ -2.6653876773, 53.253202253600001 ], [ -2.6716284126, 53.245886255800002 ], [ -2.6700908098, 53.235494216200003 ], [ -2.6685078561, 53.2247929328 ], [ -2.6574694181, 53.210725698499999 ] ] ] } },
{ "type": "Feature", "properties": { "ODSCode": "N81052", "Name": "LAWTON HOUSE SURGERY", "ICBCode": "QYG", "Region": "Y62", "stroke.opacity": "1.0", "stroke.width": "2.0", "fill.opacity": "0", "OBJECTID": 4594, "stroke": "#0000ff", "fill": "#555555" }, "geometry": { "type": "Polygon", "coordinates": [ [ [ -2.2574300116, 53.194179989299997 ], [ -2.2869600047, 53.179599991899998 ], [ -2.2923600111, 53.178589990900001 ], [ -2.2977500166, 53.179679989699999 ], [ -2.3031500166, 53.1804399894 ], [ -2.3057100136, 53.180479989200002 ], [ -2.2979800156, 53.179049990499998 ], [ -2.2942000126, 53.178419990800002 ], [ -2.2899500083, 53.177879991799998 ], [ -2.2905000091, 53.176709992100001 ], [ -2.2904200089, 53.175259992199997 ], [ -2.28964001, 53.174229992800001 ], [ -2.291310014, 53.170829993700004 ], [ -2.2952100156, 53.1691899944 ], [ -2.287910013, 53.164259994399998 ], [ -2.2765800138, 53.159629995400003 ], [ -2.2604400221, 53.157269999599997 ], [ -2.2458500134, 53.145019999600002 ], [ -2.2518500065, 53.139609996399997 ], [ -2.2482100079, 53.140339997200002 ], [ -2.2447300104, 53.139829998 ], [ -2.2384600133, 53.137990000899997 ], [ -2.2328900119, 53.13449999 ], [ -2.2323300123, 53.131939989300001 ], [ -2.2309300099, 53.129049987599998 ], [ -2.2308800101, 53.127949987 ], [ -2.2299800098, 53.127559987399998 ], [ -2.2267900089, 53.127099987800001 ], [ -2.224500009, 53.129079986500003 ], [ -2.2231600083, 53.130799985300001 ], [ -2.2214800086, 53.130249985299997 ], [ -2.2188000108, 53.1290499865 ], [ -2.2132700028, 53.128179979199999 ], [ -2.1956300037, 53.128229987399997 ], [ -2.1665300105, 53.127199988199997 ], [ -2.1648800092, 53.126039990700001 ], [ -2.16254001, 53.125179991800003 ], [ -2.1590700123, 53.125429992299999 ], [ -2.1571500116, 53.125429992100003 ], [ -2.1555200141, 53.124869992599997 ], [ -2.1547200168, 53.124209994799998 ], [ -2.1541700187, 53.1234099972 ], [ -2.1538400203, 53.123219996899998 ], [ -2.1533800216, 53.123069998 ], [ -2.1521000227, 53.122899998800001 ], [ -2.1510200236, 53.122580001300001 ], [ -2.150710024, 53.122440001699999 ], [ -2.1503300244, 53.122360002299999 ], [ -2.1498700225, 53.122380003799996 ], [ -2.1493900213, 53.122520003200002 ], [ -2.149000021, 53.122520004 ], [ -2.1471000199, 53.121780005600002 ], [ -2.1464100197, 53.121260005800004 ], [ -2.1459300182, 53.121290005799999 ], [ -2.1443100129, 53.121640003400003 ], [ -2.1432300116, 53.121670002800002 ], [ -2.1421500083, 53.121640003099998 ], [ -2.1412000073, 53.121230002399997 ], [ -2.140770008, 53.120810002900001 ], [ -2.1398500037, 53.1214900007 ], [ -2.1354799961, 53.122159998500003 ], [ -2.1290699952, 53.1240399952 ], [ -2.1283399926, 53.125709998200001 ], [ -2.1247000042, 53.144689987900001 ], [ -2.1162300082, 53.148089991 ], [ -2.1070800203, 53.151489977499999 ], [ -2.1038800018, 53.168389974100002 ], [ -2.10903, 53.1738399742 ], [ -2.1172700103, 53.179239992399999 ], [ -2.1207900088, 53.182149990299997 ], [ -2.123110007, 53.185359990400002 ], [ -2.127060008, 53.192949990499997 ], [ -2.1292900069, 53.195439989400001 ], [ -2.1342600071, 53.196419988 ], [ -2.1375300067, 53.195699988699999 ], [ -2.1402500078, 53.194899989299998 ], [ -2.1452500104, 53.1937699916 ], [ -2.1474500068, 53.194369990799999 ], [ -2.1497399971, 53.196059986599998 ], [ -2.1505699863, 53.197239977499997 ], [ -2.1510599801, 53.197779972299998 ], [ -2.1513699739, 53.198569968400001 ], [ -2.1525299692, 53.200909965299999 ], [ -2.1548099811, 53.201969970100002 ], [ -2.157689992, 53.202729976800001 ], [ -2.1588499991, 53.203789979299998 ], [ -2.1604000078, 53.205929985099999 ], [ -2.1646000218, 53.206059992500002 ], [ -2.1683700027, 53.207009984099997 ], [ -2.1714500025, 53.209219987 ], [ -2.18121001, 53.212709988900002 ], [ -2.1823400122, 53.213709988600002 ], [ -2.1828200104, 53.213299989399999 ], [ -2.1841800119, 53.2135999885 ], [ -2.1849500125, 53.213679988099997 ], [ -2.1867700128, 53.2137399888 ], [ -2.1910200154, 53.213379989800004 ], [ -2.1922800154, 53.213319990199999 ], [ -2.1955400158, 53.212689991600001 ], [ -2.1973300159, 53.212169992900002 ], [ -2.1989600182, 53.212169993099998 ], [ -2.1992200174, 53.2126299918 ], [ -2.19955002, 53.213609990599998 ], [ -2.2015800203, 53.214829991 ], [ -2.2029900208, 53.217779991 ], [ -2.2035500213, 53.2179899908 ], [ -2.2041200188, 53.2181299907 ], [ -2.2051800175, 53.218269991100001 ], [ -2.2050600132, 53.221659992699998 ], [ -2.2032100151, 53.2228199933 ], [ -2.1999800164, 53.223979994700002 ], [ -2.1946271281, 53.228452956799998 ], [ -2.1963800132, 53.227809995699999 ], [ -2.1982100128, 53.226809995799996 ], [ -2.2013400127, 53.225579996800001 ], [ -2.201880014, 53.225019995799997 ], [ -2.2021100153, 53.224609995800002 ], [ -2.2029800131, 53.224049994700003 ], [ -2.2047600103, 53.223709994700002 ], [ -2.2082400039, 53.223569994 ], [ -2.2086200052, 53.223509993500002 ], [ -2.2100300041, 53.222739992800001 ], [ -2.2130000017, 53.222159990500003 ], [ -2.2143600033, 53.220689988 ], [ -2.2162300018, 53.219059987100003 ], [ -2.2170300001, 53.218169986900001 ], [ -2.218299998, 53.217979986800003 ], [ -2.2191499972, 53.217649985400001 ], [ -2.2204399966, 53.217079985600002 ], [ -2.2213199973, 53.216389986499998 ], [ -2.2225099968, 53.215989986300002 ], [ -2.2231699972, 53.215569986799999 ], [ -2.2235799967, 53.214919986600002 ], [ -2.2239299989, 53.2140799875 ], [ -2.2257000014, 53.212239988599997 ], [ -2.2319000132, 53.207869990600003 ], [ -2.2330300109, 53.204959991800003 ], [ -2.2346000083, 53.204129993700001 ], [ -2.2362600073, 53.203859992399998 ], [ -2.2370200046, 53.202759992499999 ], [ -2.2370000027, 53.202479992699999 ], [ -2.237300003, 53.202379992600001 ], [ -2.2387199997, 53.202149990700001 ], [ -2.2390799996, 53.202329990800003 ], [ -2.2394699999, 53.2026299897 ], [ -2.2403900009, 53.202999990400002 ], [ -2.2410500024, 53.20336999 ], [ -2.2415800046, 53.204039989100004 ], [ -2.2422600051, 53.204379989300001 ], [ -2.2441200041, 53.2047999885 ], [ -2.2447000043, 53.2051699871 ], [ -2.2450500041, 53.205049987400002 ], [ -2.2458200046, 53.204919987799997 ], [ -2.2476900042, 53.204339986400001 ], [ -2.252200007, 53.200019986400001 ], [ -2.2574300116, 53.194179989299997 ] ] ] } },
{ "type": "Feature", "properties": { "ODSCode": "N81053", "Name": "EARNSWOOD MEDICAL CENTRE", "ICBCode": "QYG", "Region": "Y62", "stroke.opacity": "1.0", "stroke.width": "2.0", "fill.opacity": "0", "OBJECTID": 2811, "stroke": "#0000ff", "fill": "#555555" }, "geometry": { "type": "Polygon", "coordinates": [ [ [ -2.4901200069, 53.061849986399999 ], [ -2.4849700106, 53.0614399862 ], [ -2.4794800106, 53.062469986700002 ], [ -2.4674600191, 53.063089983300003 ], [ -2.4674600221, 53.064329982 ], [ -2.462650102, 53.064529944900002 ], [ -2.4568200171, 53.066799986600003 ], [ -2.4502901721, 53.063699913500002 ], [ -2.4458302453, 53.062679876600001 ], [ -2.4413701859, 53.064119904499996 ], [ -2.4417098688, 53.0713400534 ], [ -2.4348400295, 53.070929977399999 ], [ -2.4300400061, 53.070929988800003 ], [ -2.4248900053, 53.071749988900002 ], [ -2.4211100028, 53.072779989899999 ], [ -2.4163100021, 53.076079995500002 ], [ -2.4125300056, 53.077729995699997 ], [ -2.4108100079, 53.079589994300001 ], [ -2.4073800063, 53.083709989100001 ], [ -2.4066900046, 53.087009986299996 ], [ -2.4063500044, 53.090729982900001 ], [ -2.4073800138, 53.093199983399998 ], [ -2.4103398488, 53.095695408499999 ], [ -2.4130990078, 53.0963856746 ], [ -2.4136455214, 53.098992597 ], [ -2.418020013, 53.102269994300002 ], [ -2.4194000116, 53.103919994 ], [ -2.4218000103, 53.106189992499999 ], [ -2.4245500126, 53.108249992799998 ], [ -2.4218000108, 53.110929991200003 ], [ -2.4200800111, 53.114219989799999 ], [ -2.4169900128, 53.117309991100001 ], [ -2.4152800085, 53.119989992100002 ], [ -2.4187100017, 53.122879988400001 ], [ -2.4241999972, 53.123909984900003 ], [ -2.4276399912, 53.125559979499997 ], [ -2.4317599802, 53.1265899709 ], [ -2.4375899914, 53.127409979799999 ], [ -2.4399899947, 53.128029982900003 ], [ -2.4448000004, 53.128649988299998 ], [ -2.4472000013, 53.128649991 ], [ -2.4537300076, 53.128849994900001 ], [ -2.4595600156, 53.127409992899999 ], [ -2.4643700186, 53.126999990900003 ], [ -2.4715800271, 53.127000010899998 ], [ -2.475010034, 53.126380031799997 ], [ -2.4787900382, 53.125970045300001 ], [ -2.4811900278, 53.124110019600003 ], [ -2.4811900265, 53.121640021700003 ], [ -2.4787900381, 53.117310054299999 ], [ -2.4781000387, 53.114020069 ], [ -2.4822200142, 53.111340023300002 ], [ -2.4846300123, 53.1080399947 ], [ -2.4863401027, 53.104739953 ], [ -2.4870302161, 53.101029905499999 ], [ -2.4870301037, 53.098559937399997 ], [ -2.4866899706, 53.094020004100003 ], [ -2.4880599403, 53.092170024799998 ], [ -2.4908101722, 53.090109935900003 ], [ -2.4952701223, 53.087429963600002 ], [ -2.4973300617, 53.0847499841 ], [ -2.5017899999, 53.083709994300001 ], [ -2.5028200162, 53.0814499946 ], [ -2.5011100123, 53.079589995500001 ], [ -2.4983600409, 53.078969993299999 ], [ -2.4973300455, 53.077729993200002 ], [ -2.4921800824, 53.0771199916 ], [ -2.4901200069, 53.061849986399999 ] ] ] } },
{ "type": "Feature", "properties": { "ODSCode": "N81054", "Name": "WEAVER VALE PRACTICE", "ICBCode": "QYG", "Region": "Y62", "stroke.opacity": "1.0", "stroke.width": "2.0", "fill.opacity": "0", "OBJECTID": 5056, "stroke": "#0000ff", "fill": "#555555" }, "geometry": { "type": "Polygon", "coordinates": [ [ [ -2.6854682651, 53.315285820699998 ], [ -2.6906755113, 53.316431881500002 ], [ -2.6898088131, 53.318328643 ], [ -2.6892508328, 53.318263548499999 ], [ -2.6887394662, 53.318134423899998 ], [ -2.687639944, 53.318006153500001 ], [ -2.6866171554, 53.318021974 ], [ -2.6857404836, 53.318301287600001 ], [ -2.6847921386, 53.319242238299999 ], [ -2.6648468292, 53.317723427899999 ], [ -2.6557690537, 53.321799439 ], [ -2.6555115995, 53.325798164699997 ], [ -2.6580869295, 53.327079730199998 ], [ -2.662550766, 53.329847776299999 ], [ -2.6817983054, 53.3227287578 ], [ -2.6791513179, 53.324421571099997 ], [ -2.6803574414, 53.324726080300003 ], [ -2.6821153806, 53.3248922334 ], [ -2.6807237856, 53.325844234400002 ], [ -2.6801788469, 53.326880387800003 ], [ -2.6808013412, 53.327485945799999 ], [ -2.6821498933, 53.327858136700002 ], [ -2.6828240055, 53.328028317 ], [ -2.6834086513, 53.328175909300001 ], [ -2.6833488879, 53.328699246500001 ], [ -2.6830554631, 53.330555980600003 ], [ -2.6831328799, 53.331162300800003 ], [ -2.6831071647, 53.332008491800003 ], [ -2.6833068419, 53.332874162499998 ], [ -2.6643349109, 53.338548104700003 ], [ -2.6586705731, 53.3357549905 ], [ -2.6406604326, 53.346452349300002 ], [ -2.6463260776, 53.348296896400001 ], [ -2.6526784053, 53.349475317100001 ], [ -2.6695896116, 53.3455300635 ], [ -2.6874825658, 53.338919365800002 ], [ -2.6898413272, 53.338614092900002 ], [ -2.6917747761, 53.338644173100001 ], [ -2.6946415254, 53.3385998551 ], [ -2.6959746836, 53.338489962600001 ], [ -2.6971421334, 53.338023638 ], [ -2.699317904, 53.337021584299997 ], [ -2.7029955348, 53.3399225 ], [ -2.7037107504, 53.341114860700003 ], [ -2.7045054325, 53.341462082699998 ], [ -2.7070118797, 53.3417543244 ], [ -2.7086136608, 53.341851929599997 ], [ -2.7112600497, 53.341763435300003 ], [ -2.7147334204, 53.3415640403 ], [ -2.7180577748, 53.341236279199997 ], [ -2.7202063598, 53.341112937200002 ], [ -2.7213161452, 53.341021463499999 ], [ -2.7220093296, 53.340855066899998 ], [ -2.7252962791, 53.339341352600002 ], [ -2.7258810978, 53.3390113357 ], [ -2.725842835, 53.3367191066 ], [ -2.7241317014, 53.335476465900001 ], [ -2.7209904127, 53.334103727699997 ], [ -2.7178316687, 53.332968610899997 ], [ -2.7228450545, 53.331764915900003 ], [ -2.723697259, 53.331845449699998 ], [ -2.7244647309, 53.332121256100002 ], [ -2.7251624818, 53.332628012599997 ], [ -2.7258520694, 53.332818312400001 ], [ -2.7261040658, 53.332785695 ], [ -2.726346537, 53.332255238899997 ], [ -2.7268031659, 53.331802311499999 ], [ -2.7274248469, 53.331047741200003 ], [ -2.7284791298, 53.330562113500001 ], [ -2.7276911002, 53.3301245376 ], [ -2.7248321019, 53.328608984699997 ], [ -2.7238964218, 53.328112968500001 ], [ -2.723456749, 53.327894784199998 ], [ -2.7226876049, 53.327467666399997 ], [ -2.7216942206, 53.326746109699997 ], [ -2.7207377374, 53.326152427799997 ], [ -2.7180942054, 53.324566273499997 ], [ -2.712645525, 53.321184046299997 ], [ -2.714544328, 53.320112071200001 ], [ -2.7135026956, 53.318776576700003 ], [ -2.7094957962, 53.3161662423 ], [ -2.7058188365, 53.313959491799999 ], [ -2.7051404866, 53.313569748 ], [ -2.7044542893, 53.313269730899997 ], [ -2.7036519371, 53.312808734 ], [ -2.7020039298, 53.311507986300001 ], [ -2.6996778262, 53.310125009700002 ], [ -2.6989111934, 53.308922596199999 ], [ -2.6990820731, 53.307425500800001 ], [ -2.6995873388, 53.3069240413 ], [ -2.6992667698, 53.3070262034 ], [ -2.6978333663, 53.307929792099998 ], [ -2.6944034239, 53.309866714 ], [ -2.6915236334, 53.311469155700003 ], [ -2.6854682651, 53.315285820699998 ] ] ] } },
{ "type": "Feature", "properties": { "ODSCode": "N81055", "Name": "WATLING STREET SURGERY", "ICBCode": "QYG", "Region": "Y62", "stroke.opacity": "1.0", "stroke.width": "2.0", "fill.opacity": "0", "OBJECTID": 5674, "stroke": "#0000ff", "fill": "#555555" }, "geometry": { "type": "Polygon", "coordinates": [ [ [ -2.5962070128, 53.240769988700002 ], [ -2.6229859987, 53.242002984599999 ], [ -2.6247020149, 53.235632986500001 ], [ -2.6205830129, 53.230905990399997 ], [ -2.6041029991, 53.225562988900002 ], [ -2.5642780048, 53.214667988599999 ], [ -2.4877169583, 53.212818022599997 ], [ -2.4681470078, 53.233783985599999 ], [ -2.4221420031, 53.243440973200002 ], [ -2.4461750225, 53.277120986299998 ], [ -2.4671170043, 53.286357988699997 ], [ -2.4860000151, 53.294361988299997 ], [ -2.5206800301, 53.2951799919 ], [ -2.5217060113, 53.281021988 ], [ -2.5354389699, 53.268087986399998 ], [ -2.5663380068, 53.249808989899996 ], [ -2.5962070128, 53.240769988700002 ] ] ] } },
{ "type": "Feature", "properties": { "ODSCode": "N81056", "Name": "FOLLY LANE MEDICAL CENTRE", "ICBCode": "QYG", "Region": "Y62", "stroke.opacity": "1.0", "stroke.width": "2.0", "fill.opacity": "0", "OBJECTID": 4438, "stroke": "#0000ff", "fill": "#555555" }, "geometry": { "type": "Polygon", "coordinates": [ [ [ -2.606240042, 53.386899995900002 ], [ -2.6056400386, 53.386499994899999 ], [ -2.6058200391, 53.3863099955 ], [ -2.6058300377, 53.386139995199997 ], [ -2.6055200321, 53.385399993199997 ], [ -2.6079900229, 53.382889992400003 ], [ -2.6084100197, 53.381089993499998 ], [ -2.6075100072, 53.378319995200002 ], [ -2.6065900131, 53.375849994100001 ], [ -2.6041600216, 53.374529994200003 ], [ -2.5984700206, 53.374029995100003 ], [ -2.5953300319, 53.370979998300001 ], [ -2.5845099782, 53.373429985599998 ], [ -2.5712800017, 53.3762899882 ], [ -2.5602899423, 53.379559975299998 ], [ -2.5617299703, 53.384819982400003 ], [ -2.5642779935, 53.386706987799997 ], [ -2.5662700116, 53.389679990700003 ], [ -2.5644700066, 53.391669989 ], [ -2.5643700071, 53.394279990100003 ], [ -2.5681400174, 53.398569991700001 ], [ -2.5717000329, 53.401499993100003 ], [ -2.5743400384, 53.403079994499997 ], [ -2.5725200498, 53.405459994600001 ], [ -2.5750099873, 53.410209986799998 ], [ -2.5792099267, 53.413319964800003 ], [ -2.5864199958, 53.4178999855 ], [ -2.5919199986, 53.419569988699998 ], [ -2.5974100001, 53.420429990899997 ], [ -2.5990399492, 53.414649970100001 ], [ -2.6058199353, 53.413419964900001 ], [ -2.6095999704, 53.411139981200002 ], [ -2.6099399911, 53.409719990200003 ], [ -2.6094200051, 53.408709995499997 ], [ -2.6092099949, 53.406959991299999 ], [ -2.6085699957, 53.403139988900001 ], [ -2.6094249951, 53.403084989500002 ], [ -2.6106259863, 53.4054389872 ], [ -2.6138879917, 53.406563991699997 ], [ -2.6224710189, 53.408611003300003 ], [ -2.6303670316, 53.409430004699999 ], [ -2.6404949846, 53.407996985499999 ], [ -2.6451300005, 53.406461989100002 ], [ -2.6489070027, 53.4030849902 ], [ -2.6422119587, 53.388857003799998 ], [ -2.6231600281, 53.386849997200002 ], [ -2.6223000265, 53.386209995400002 ], [ -2.6250400068, 53.384079989599996 ], [ -2.6174900183, 53.380299986499999 ], [ -2.6150400413, 53.382129993100001 ], [ -2.6122400564, 53.3854700005 ], [ -2.6099600595, 53.3867700017 ], [ -2.6071100404, 53.387729996200001 ], [ -2.6057963628, 53.3868557403 ], [ -2.6020300223, 53.3864799913 ], [ -2.6049300348, 53.386359994199999 ], [ -2.6044600337, 53.386439993499998 ], [ -2.6057963628, 53.3868557403 ], [ -2.606240042, 53.386899995900002 ] ] ] } },
{ "type": "Feature", "properties": { "ODSCode": "N81057", "Name": "TOWER HOUSE PRACTICE", "ICBCode": "QYG", "Region": "Y62", "stroke.opacity": "1.0", "stroke.width": "2.0", "fill.opacity": "0", "OBJECTID": 2552, "stroke": "#0000ff", "fill": "#555555" }, "geometry": { "type": "Polygon", "coordinates": [ [ [ -2.7010899815, 53.305849984 ], [ -2.6860551622, 53.30879767 ], [ -2.6830969082, 53.3088910349 ], [ -2.6829000039, 53.308829994299998 ], [ -2.6826424821, 53.308903621900001 ], [ -2.681690006, 53.308929998 ], [ -2.6816991616, 53.309167215899997 ], [ -2.681597383, 53.309275012699999 ], [ -2.677660009, 53.310620010599997 ], [ -2.6777477893, 53.314570216500002 ], [ -2.6775882769, 53.314694132299998 ], [ -2.6722500078, 53.315490005800001 ], [ -2.6738800087, 53.317799999800002 ], [ -2.6768900078, 53.318159999700001 ], [ -2.6781700064, 53.317129998699997 ], [ -2.6777894861, 53.314855966800003 ], [ -2.6781205758, 53.3147036071 ], [ -2.7000505875, 53.319647901099998 ], [ -2.7053664265, 53.321249665099998 ], [ -2.7054360996, 53.3214668882 ], [ -2.7050400988, 53.323491265500003 ], [ -2.7037531185, 53.325439317300003 ], [ -2.7013494752, 53.327284809200002 ], [ -2.6995468136, 53.326515883699997 ], [ -2.6986026517, 53.326105780200002 ], [ -2.6978107886, 53.326619749800003 ], [ -2.6977443937, 53.326003256699998 ], [ -2.6975583321, 53.3266482298 ], [ -2.6971399796, 53.326519990100003 ], [ -2.6923358579, 53.324670422799997 ], [ -2.6912198905, 53.325490646900001 ], [ -2.690018405, 53.326413383 ], [ -2.6875290736, 53.327284838399997 ], [ -2.6852134741, 53.3274898373 ], [ -2.6836645521, 53.333794551399997 ], [ -2.6905343024, 53.3353833894 ], [ -2.6927660451, 53.335972780900001 ], [ -2.6938819882, 53.335793427900001 ], [ -2.6949977871, 53.336562164 ], [ -2.6971435304, 53.335742172800003 ], [ -2.6994631006, 53.335485914700001 ], [ -2.7004052656, 53.335229657200003 ], [ -2.7003193141, 53.3358959603 ], [ -2.700920129, 53.335690924600001 ], [ -2.7012634521, 53.335537170400002 ], [ -2.7018643862, 53.335844673899999 ], [ -2.7014129512, 53.336428381200001 ], [ -2.701980172, 53.336500514500003 ], [ -2.7028084042, 53.336152187899998 ], [ -2.7034094356, 53.336715949899997 ], [ -2.7030661365, 53.3382021814 ], [ -2.702290023, 53.340509978699998 ], [ -2.7056125558, 53.340927251099998 ], [ -2.7056079696, 53.341294957700001 ], [ -2.7017800109, 53.341739993799997 ], [ -2.701690005, 53.344509999099998 ], [ -2.7272595615, 53.343790287899999 ], [ -2.7392831874, 53.344249722400001 ], [ -2.7424599899, 53.344509989300001 ], [ -2.7492399875, 53.341169984300002 ], [ -2.7568000059, 53.335329983900003 ], [ -2.7474635627, 53.336419728800003 ], [ -2.7472005219, 53.336307098299997 ], [ -2.746972371, 53.335312369900002 ], [ -2.7470062837, 53.335229287700002 ], [ -2.7589400084, 53.325129990199997 ], [ -2.7483000218, 53.315899992799999 ], [ -2.7460793919, 53.317493713600001 ], [ -2.7455172367, 53.317265673400001 ], [ -2.7470417771, 53.315576143599998 ], [ -2.7471925927, 53.315514587099997 ], [ -2.7475300248, 53.315489992899998 ], [ -2.7407500525, 53.312829992 ], [ -2.7394127985, 53.316001951300002 ], [ -2.7392382301, 53.316094054600001 ], [ -2.7160818337, 53.317777882 ], [ -2.71592668, 53.317748491 ], [ -2.6991999573, 53.308719985899998 ], [ -2.6988901478, 53.308727714699998 ], [ -2.6987159238, 53.308401225600001 ], [ -2.6989499554, 53.308309986099999 ], [ -2.7010899815, 53.305849984 ] ] ] } },
{ "type": "Feature", "properties": { "ODSCode": "N81059", "Name": "CULCHETH MEDICAL CENTRE", "ICBCode": "QYG", "Region": "Y62", "stroke.opacity": "1.0", "stroke.width": "2.0", "fill.opacity": "0", "OBJECTID": 4188, "stroke": "#0000ff", "fill": "#555555" }, "geometry": { "type": "Polygon", "coordinates": [ [ [ -2.515162391, 53.4832500829 ], [ -2.5289150199, 53.476809006400003 ], [ -2.5258982275, 53.478768043 ], [ -2.5447107264, 53.4705260526 ], [ -2.5668499919, 53.467819984499997 ], [ -2.5517500066, 53.476809985199999 ], [ -2.567020013, 53.489679996299998 ], [ -2.5941499884, 53.4828399899 ], [ -2.5829899947, 53.475279981299998 ], [ -2.6006812833, 53.4307004048 ], [ -2.5997795797, 53.430399784899997 ], [ -2.5812700213, 53.432139976599998 ], [ -2.5630593779, 53.4104328548 ], [ -2.5424798955, 53.415159932400002 ], [ -2.5330399686, 53.411269959499997 ], [ -2.4841100075, 53.422929990199997 ], [ -2.4587100075, 53.412289990300003 ], [ -2.447890015, 53.4210899873 ], [ -2.4804974142, 53.452478847 ], [ -2.4823917357, 53.454508316899997 ], [ -2.4822362793, 53.454151178700002 ], [ -2.4849700108, 53.456779991300003 ], [ -2.4921800495, 53.476605046099998 ], [ -2.4991186308, 53.492310623100003 ], [ -2.4989100333, 53.492432025299998 ], [ -2.4990460085, 53.492744000899997 ], [ -2.5131677738, 53.4843421582 ], [ -2.5164378822, 53.482910552500002 ], [ -2.515162391, 53.4832500829 ] ] ] } },
{ "type": "Feature", "properties": { "ODSCode": "N81060", "Name": "NESTON SURGERY", "ICBCode": "QYG", "Region": "Y62", "stroke.opacity": "1.0", "stroke.width": "2.0", "fill.opacity": "0", "OBJECTID": 5958, "stroke": "#0000ff", "fill": "#555555" }, "geometry": { "type": "Polygon", "coordinates": [ [ [ -2.9930920031, 53.269895424600001 ], [ -2.9833042321, 53.296221537500003 ], [ -2.9869311835, 53.299417200400001 ], [ -2.990528232, 53.304123727 ], [ -2.9941261819, 53.306671825199999 ], [ -3.0008338133, 53.307907045900002 ], [ -3.0101302272, 53.313050771100002 ], [ -3.0124697624, 53.320135046499999 ], [ -3.018246988, 53.326928918599997 ], [ -3.0314444922, 53.331461925900001 ], [ -3.0246079157, 53.338560128499999 ], [ -3.0368604364, 53.338560131199998 ], [ -3.0491344544, 53.337011863599997 ], [ -3.060565652, 53.332373281300001 ], [ -3.0731554423, 53.330611026100001 ], [ -3.0883555389, 53.320456499800002 ], [ -3.0985810417, 53.3123139335 ], [ -3.1110210843, 53.305310017799997 ], [ -3.0614890039, 53.262485990599998 ], [ -3.0086483225, 53.249340999200001 ], [ -2.9999614517, 53.249340996400001 ], [ -2.9794057373, 53.261844709099996 ], [ -2.9930920031, 53.269895424600001 ] ] ] } },
{ "type": "Feature", "properties": { "ODSCode": "N81061", "Name": "WITTON STREET SURGERY", "ICBCode": "QYG", "Region": "Y62", "stroke.opacity": "1.0", "stroke.width": "2.0", "fill.opacity": "0", "OBJECTID": 1802, "stroke": "#0000ff", "fill": "#555555" }, "geometry": { "type": "Polygon", "coordinates": [ [ [ -2.5721740101, 53.3252309891 ], [ -2.581100022, 53.306156987199998 ], [ -2.5833320153, 53.302155984599999 ], [ -2.5924300077, 53.293640986299998 ], [ -2.592773008, 53.293434986800001 ], [ -2.5977519824, 53.285637010599999 ], [ -2.6003270021, 53.281428995900001 ], [ -2.6025580008, 53.2780419913 ], [ -2.593632015, 53.267467986500002 ], [ -2.6319120107, 53.264387986499997 ], [ -2.6144030135, 53.238300987599999 ], [ -2.6152610154, 53.238095987400001 ], [ -2.6046180377, 53.234396994500003 ], [ -2.5859070264, 53.2314169924 ], [ -2.5629040078, 53.228950992900003 ], [ -2.5352670116, 53.225661986600002 ], [ -2.5354390125, 53.2256619857 ], [ -2.51106302, 53.222477003100003 ], [ -2.4882320071, 53.233266991599997 ], [ -2.4786189996, 53.236348996899999 ], [ -2.4787900003, 53.236348996799997 ], [ -2.4688340083, 53.239327987899998 ], [ -2.4415400218, 53.237478980500001 ], [ -2.4351880169, 53.24497798 ], [ -2.4291800113, 53.2491899905 ], [ -2.4250600103, 53.252578999500003 ], [ -2.4217990086, 53.255455002 ], [ -2.4204249955, 53.260384026600001 ], [ -2.4199099965, 53.265415011199998 ], [ -2.4202520572, 53.269090048199999 ], [ -2.4272920197, 53.2767079881 ], [ -2.4654010027, 53.290356986 ], [ -2.4923520349, 53.287483986799998 ], [ -2.5167270103, 53.3053359938 ], [ -2.5182720098, 53.304925993799998 ], [ -2.5179290111, 53.305437994099997 ], [ -2.5390430231, 53.312310974600003 ], [ -2.5721740101, 53.3252309891 ] ] ] } },
{ "type": "Feature", "properties": { "ODSCode": "N81062", "Name": "CUMBERLAND HOUSE SURGERY", "ICBCode": "QYG", "Region": "Y62", "stroke.opacity": "1.0", "stroke.width": "2.0", "fill.opacity": "0", "OBJECTID": 545, "stroke": "#0000ff", "fill": "#555555" }, "geometry": { "type": "Polygon", "coordinates": [ [ [ -2.1976100088, 53.231519996400003 ], [ -2.1670500123, 53.2105599904 ], [ -2.1176100089, 53.194519992399997 ], [ -2.0448300135, 53.208909990599999 ], [ -2.0420800395, 53.228649968699997 ], [ -2.0462000003, 53.259870011 ], [ -2.0592500098, 53.2832799854 ], [ -2.0980500064, 53.297229994600002 ], [ -2.1138400045, 53.293339986600003 ], [ -2.1416500151, 53.300309987699997 ], [ -2.164310009, 53.298879990899998 ], [ -2.1739200129, 53.291689983799998 ], [ -2.1807900266, 53.278759971100001 ], [ -2.1886800239, 53.266239993799999 ], [ -2.1976100088, 53.231519996400003 ] ] ] } },
{ "type": "Feature", "properties": { "ODSCode": "N81063", "Name": "YORK ROAD GROUP PRACTICE", "ICBCode": "QYG", "Region": "Y62", "stroke.opacity": "1.0", "stroke.width": "2.0", "fill.opacity": "0", "OBJECTID": 3274, "stroke": "#0000ff", "fill": "#555555" }, "geometry": { "type": "Polygon", "coordinates": [ [ [ -2.9546400103, 53.298669982500002 ], [ -2.9196200039, 53.252689983899998 ], [ -2.8760100272, 53.261929988399999 ], [ -2.8808200089, 53.286559997099999 ], [ -2.9189300129, 53.300929995600001 ], [ -2.9539500105, 53.300519982899999 ], [ -2.9546400103, 53.298669982500002 ] ] ] } },
{ "type": "Feature", "properties": { "ODSCode": "N81064", "Name": "NEWTOWN SURGERY", "ICBCode": "QYG", "Region": "Y62", "stroke.opacity": "1.0", "stroke.width": "2.0", "fill.opacity": "0", "OBJECTID": 142, "stroke": "#0000ff", "fill": "#555555" }, "geometry": { "type": "Polygon", "coordinates": [ [ [ -2.7899636567, 53.322084665699997 ], [ -2.7784247908, 53.329650302 ], [ -2.7754200782, 53.3384155181 ], [ -2.768767478, 53.345881649 ], [ -2.7610546382, 53.350118269399999 ], [ -2.750869988, 53.350499984899997 ], [ -2.7349899946, 53.347399987099998 ], [ -2.7012349662, 53.363543336699998 ], [ -2.6903173699, 53.362493665 ], [ -2.692481939, 53.369347366500001 ], [ -2.6948841644, 53.381471084200001 ], [ -2.6904439605, 53.386435563399999 ], [ -2.7063165244, 53.387960281399998 ], [ -2.7136705685, 53.390686752800001 ], [ -2.7165331122, 53.399728144 ], [ -2.7280566243, 53.399695663800003 ], [ -2.743879423, 53.402346545500002 ], [ -2.7444412396, 53.393447732799999 ], [ -2.7512615204, 53.394099823700003 ], [ -2.7501261902, 53.390523431799998 ], [ -2.755407317, 53.388327373499997 ], [ -2.7586386772, 53.387301998399998 ], [ -2.7627058731, 53.386914275 ], [ -2.764548803, 53.3860323615 ], [ -2.7635279166, 53.380923657300002 ], [ -2.7763154734, 53.383956379799997 ], [ -2.7837157771, 53.375085144300002 ], [ -2.7821124076, 53.370044374899997 ], [ -2.7878237227, 53.356328351599998 ], [ -2.8048208868, 53.356269888100002 ], [ -2.8154342594, 53.350433618499999 ], [ -2.8217381268, 53.338505164600001 ], [ -2.831959843, 53.338115915400003 ], [ -2.8295775483, 53.330647110800001 ], [ -2.8218291447, 53.333880449699997 ], [ -2.7899636567, 53.322084665699997 ] ] ] } },
{ "type": "Feature", "properties": { "ODSCode": "N81065", "Name": "LATCHFORD MEDICAL CENTRE", "ICBCode": "QYG", "Region": "Y62", "stroke.opacity": "1.0", "stroke.width": "2.0", "fill.opacity": "0", "OBJECTID": 6219, "stroke": "#0000ff", "fill": "#555555" }, "geometry": { "type": "Polygon", "coordinates": [ [ [ -2.6563051489, 53.348977487100001 ], [ -2.6550764993, 53.349259478100002 ], [ -2.6503745512, 53.324075332200003 ], [ -2.63758415, 53.309069395500003 ], [ -2.6196509364, 53.296549110900003 ], [ -2.5912219434, 53.291721196700003 ], [ -2.5319047771, 53.3386396179 ], [ -2.5078707465, 53.354987939899999 ], [ -2.5131700157, 53.383349993099998 ], [ -2.5225600143, 53.381919994199997 ], [ -2.5251000129, 53.383689995899999 ], [ -2.5278400117, 53.385889994400003 ], [ -2.5420899769, 53.382969990699998 ], [ -2.5558199541, 53.388779979900001 ], [ -2.5662100138, 53.389979991099999 ], [ -2.570362912, 53.3907770665 ], [ -2.5753831069, 53.391228072 ], [ -2.5898039621, 53.386749441399999 ], [ -2.5903975109, 53.386592109699997 ], [ -2.719537829, 53.356418184 ], [ -2.701816197, 53.346216573 ], [ -2.6573108286, 53.3580231396 ], [ -2.6556336252, 53.357298455799999 ], [ -2.6563051489, 53.348977487100001 ] ] ] } },
{ "type": "Feature", "properties": { "ODSCode": "N81066", "Name": "GROVE HOUSE PRACTICE", "ICBCode": "QYG", "Region": "Y62", "stroke.opacity": "1.0", "stroke.width": "2.0", "fill.opacity": "0", "OBJECTID": 5428, "stroke": "#0000ff", "fill": "#555555" }, "geometry": { "type": "Polygon", "coordinates": [ [ [ -2.7335400007, 53.346039993 ], [ -2.7493299865, 53.347679987100001 ], [ -2.7695800177, 53.331899990099998 ], [ -2.7557158496, 53.320367506300002 ], [ -2.7338364939, 53.312201711699998 ], [ -2.714312964, 53.299492031299998 ], [ -2.6693449458, 53.288090509699998 ], [ -2.5896816081, 53.289026657800001 ], [ -2.5759466771, 53.3052366123 ], [ -2.5797241904, 53.333128156599997 ], [ -2.579036871, 53.3480920282 ], [ -2.5893404017, 53.368581681 ], [ -2.5975771648, 53.370630080600002 ], [ -2.6032400548, 53.372119998700001 ], [ -2.6077900342, 53.373519994699997 ], [ -2.6123400348, 53.374109992699999 ], [ -2.6204100201, 53.376159985400001 ], [ -2.6214400238, 53.375959985100003 ], [ -2.6267600332, 53.374619989400003 ], [ -2.633460033, 53.376669992799997 ], [ -2.6386099969, 53.3779000002 ], [ -2.642379982, 53.374730007499998 ], [ -2.6444399833, 53.372370008799997 ], [ -2.6499400069, 53.374419995899999 ], [ -2.6544000152, 53.375139992500003 ], [ -2.658349999, 53.374319997599997 ], [ -2.6636699833, 53.370019998 ], [ -2.6681300053, 53.362849989899999 ], [ -2.6670999962, 53.358949992600003 ], [ -2.6691600034, 53.356289989899999 ], [ -2.6736300073, 53.3554699902 ], [ -2.6789500112, 53.3559799907 ], [ -2.697830011, 53.357519988 ], [ -2.710189994, 53.3579299795 ], [ -2.7197999873, 53.352189985300001 ], [ -2.7252999945, 53.349319980200001 ], [ -2.7321599947, 53.349729982600003 ], [ -2.7335400007, 53.346039993 ] ] ] } },
{ "type": "Feature", "properties": { "ODSCode": "N81067", "Name": "OAKWOOD MEDICAL CENTRE", "ICBCode": "QYG", "Region": "Y62", "stroke.opacity": "1.0", "stroke.width": "2.0", "fill.opacity": "0", "OBJECTID": 1603, "stroke": "#0000ff", "fill": "#555555" }, "geometry": { "type": "Polygon", "coordinates": [ [ [ -2.6575332016, 53.280219698400003 ], [ -2.6574905981, 53.280222010300001 ], [ -2.6574478342, 53.2802213971 ], [ -2.6574054634, 53.280217869300003 ], [ -2.65736404, 53.280211472399998 ], [ -2.6573241005, 53.2802022889 ], [ -2.6572861673, 53.280190439 ], [ -2.6572507332, 53.280176076300002 ], [ -2.65721826, 53.280159387200001 ], [ -2.6485120565, 53.275140358599998 ], [ -2.6484849124, 53.275122955800001 ], [ -2.6484609963, 53.275103927300002 ], [ -2.648440574, 53.275083488200004 ], [ -2.6484238768, 53.275061868400002 ], [ -2.6484110929, 53.275039310399997 ], [ -2.6484023656, 53.275016066900001 ], [ -2.6483977918, 53.2749924007 ], [ -2.6483974235, 53.274968577700001 ], [ -2.6497591658, 53.256328480500002 ], [ -2.64976554, 53.2562959041 ], [ -2.6497797553, 53.256264231400003 ], [ -2.6498015058, 53.256234137299998 ], [ -2.649830332, 53.256206261700001 ], [ -2.6498656163, 53.256181200299999 ], [ -2.6499066083, 53.256159485700003 ], [ -2.6499524353, 53.256141580200001 ], [ -2.6500021211, 53.2561278668 ], [ -2.6662351385, 53.252481111199998 ], [ -2.6662450156, 53.252478985700002 ], [ -2.6762001649, 53.250430062299998 ], [ -2.6676200185, 53.2424099889 ], [ -2.6576681796, 53.243211955100001 ], [ -2.6576330514, 53.243213779900003 ], [ -2.6575977923, 53.2432136153 ], [ -2.6575627156, 53.243211463100003 ], [ -2.6575281315, 53.243207342300003 ], [ -2.6574943466, 53.243201289 ], [ -2.6574616597, 53.243193357199999 ], [ -2.6574303611, 53.243183616300001 ], [ -2.6574007279, 53.243172153899998 ], [ -2.6573730239, 53.243159070799997 ], [ -2.6573474922, 53.243144483599998 ], [ -2.6573243595, 53.243128520399999 ], [ -2.6573038317, 53.243111323 ], [ -2.657286091, 53.243093045 ], [ -2.6572712927, 53.243073846400002 ], [ -2.6572595698, 53.243053898299998 ], [ -2.6572510255, 53.243033378 ], [ -2.6553243967, 53.2372628643 ], [ -2.6553192777, 53.237242909199999 ], [ -2.6553171627, 53.2372227587 ], [ -2.6553180738, 53.237202576199998 ], [ -2.6553219984, 53.2371825237 ], [ -2.6553289076, 53.237162763 ], [ -2.6553387468, 53.237143455400002 ], [ -2.6553514331, 53.237124754200003 ], [ -2.6553668668, 53.237106812599997 ], [ -2.6553849229, 53.237089774399998 ], [ -2.655405455, 53.237073777 ], [ -2.6554282973, 53.2370589497 ], [ -2.6554532645, 53.237045412400001 ], [ -2.6554801573, 53.237033273900003 ], [ -2.6555087571, 53.2370226325 ], [ -2.6555388345, 53.237013574 ], [ -2.6555701447, 53.237006172599997 ], [ -2.6662400099, 53.234809986800002 ], [ -2.6566390659, 53.216737057400003 ], [ -2.6566255723, 53.216702328700002 ], [ -2.6556000062, 53.212620017399999 ], [ -2.6552600062, 53.212610016299998 ], [ -2.6550988453, 53.212798037799999 ], [ -2.6550781226, 53.212819269299999 ], [ -2.6550536576, 53.212839013 ], [ -2.6545901804, 53.213173151600003 ], [ -2.6546573604, 53.213478047499997 ], [ -2.6546605897, 53.213508366200003 ], [ -2.6546569769, 53.2135386685 ], [ -2.654646587, 53.213568403099998 ], [ -2.6546296121, 53.213597023399998 ], [ -2.6546063589, 53.213624008099998 ], [ -2.6545772556, 53.213648863099998 ], [ -2.6545428343, 53.2136711343 ], [ -2.6545037208, 53.213690415599999 ], [ -2.6544606329, 53.213706353200003 ], [ -2.6544143584, 53.213718657100003 ], [ -2.65436574, 53.213727100600003 ], [ -2.6543156708, 53.213731531299999 ], [ -2.654265063, 53.213731866899998 ], [ -2.654214842, 53.213728102399998 ], [ -2.6541659253, 53.213720305499997 ], [ -2.654119209, 53.213708617800002 ], [ -2.6538900062, 53.213640021 ], [ -2.6271915179, 53.2261418374 ], [ -2.6271497842, 53.226158789599999 ], [ -2.6271046347, 53.226172224300001 ], [ -2.6270568868, 53.2261819 ], [ -2.6270074081, 53.226187640399999 ], [ -2.6252945407, 53.226315353499999 ], [ -2.6195667725, 53.2274167689 ], [ -2.6195328125, 53.227422257299999 ], [ -2.6180330822, 53.227619823 ], [ -2.6130485442, 53.229054659200003 ], [ -2.613010625, 53.2290640764 ], [ -2.6072294511, 53.230281689 ], [ -2.6071894961, 53.230288633800001 ], [ -2.6071485051, 53.2302928772 ], [ -2.6034304843, 53.230551097700001 ], [ -2.6033812322, 53.230552556500001 ], [ -2.6033320887, 53.230550119699998 ], [ -2.6032839036, 53.230543829799998 ], [ -2.6032375146, 53.230533794899998 ], [ -2.6031937254, 53.230520189899998 ], [ -2.6031532945, 53.230503250799998 ], [ -2.6031169225, 53.230483270900002 ], [ -2.6030852406, 53.230460596599997 ], [ -2.603058798, 53.230435620500003 ], [ -2.6030380533, 53.230408777299999 ], [ -2.603023368, 53.230380530799998 ], [ -2.6030149931, 53.230351371399998 ], [ -2.6030130766, 53.230321804399999 ], [ -2.6030176511, 53.2302923421 ], [ -2.6030286354, 53.230263496299997 ], [ -2.6030458417, 53.230235766900002 ], [ -2.6030222004, 53.2302129025 ], [ -2.6030032833, 53.230188506799998 ], [ -2.6029893621, 53.2301629289 ], [ -2.6029806337, 53.230136536300002 ], [ -2.6029772247, 53.230109705899999 ], [ -2.6029791854, 53.230082825 ], [ -2.6029864869, 53.230056276600003 ], [ -2.6029990234, 53.230030441499999 ], [ -2.6030166177, 53.230005691700001 ], [ -2.6030390138, 53.229982381100001 ], [ -2.603065893, 53.229960842899999 ], [ -2.6030968701, 53.229941388199997 ], [ -2.6031314996, 53.229924293499998 ], [ -2.6031692861, 53.229909805799998 ], [ -2.6032096873, 53.229898131100001 ], [ -2.6032521242, 53.229889438400001 ], [ -2.6034057929, 53.229864010500002 ], [ -2.6027300182, 53.229929993100001 ], [ -2.6027080483, 53.2299346016 ], [ -2.6026648822, 53.229941946700002 ], [ -2.6026205633, 53.229946140700001 ], [ -2.602575726, 53.229947124600002 ], [ -2.6025310156, 53.229944884299996 ], [ -2.6024870709, 53.229939450899998 ], [ -2.6024445251, 53.2299309028 ], [ -2.6024039896, 53.229919362899999 ], [ -2.6023660435, 53.229904997200002 ], [ -2.6023312335, 53.2298880114 ], [ -2.6023000588, 53.229868649499998 ], [ -2.6022729668, 53.229847189399997 ], [ -2.6022503454, 53.229823939600003 ], [ -2.6022325211, 53.2297992325 ], [ -2.6022197463, 53.229773424 ], [ -2.6022122088, 53.229746883300002 ], [ -2.6022100159, 53.2297199928 ], [ -2.5866000304, 53.232139992800001 ], [ -2.587558298, 53.232383560899997 ], [ -2.5876142223, 53.232401252099997 ], [ -2.5876643897, 53.232424335499999 ], [ -2.5877073711, 53.232452153799997 ], [ -2.5877419421, 53.232483913 ], [ -2.587767118, 53.232518709399997 ], [ -2.5877821796, 53.232555550299999 ], [ -2.5877867006, 53.232593387199998 ], [ -2.5877805477, 53.232631141 ], [ -2.587763901, 53.232667736800003 ], [ -2.5877372316, 53.232702130299998 ], [ -2.5877013021, 53.2327333434 ], [ -2.587657134, 53.2327604846 ], [ -2.5876059857, 53.232782781 ], [ -2.5875493166, 53.232799598900002 ], [ -2.5874887397, 53.232810457399999 ], [ -2.5874259826, 53.232815046900001 ], [ -2.5853900335, 53.232859992400002 ], [ -2.5839152576, 53.233539923 ], [ -2.5838818871, 53.233553653900003 ], [ -2.5838462433, 53.2335651442 ], [ -2.5838087394, 53.233574260600001 ], [ -2.5837698175, 53.233580896699998 ], [ -2.5807600432, 53.2339899905 ], [ -2.5728680295, 53.236237713500003 ], [ -2.5728518464, 53.236242043200001 ], [ -2.5655370305, 53.238075704099998 ], [ -2.5654788478, 53.238087038800003 ], [ -2.565418366, 53.238092540700002 ], [ -2.5601713339, 53.2383091158 ], [ -2.5601286715, 53.238309414600003 ], [ -2.5372158935, 53.23768393 ], [ -2.5371734108, 53.237681303700001 ], [ -2.5371317025, 53.237675793800001 ], [ -2.5323500172, 53.236869985699997 ], [ -2.5186200226, 53.238299988500003 ], [ -2.5107044607, 53.240647917700002 ], [ -2.5106669266, 53.240657560400003 ], [ -2.5106278672, 53.240664694400003 ], [ -2.5105877445, 53.240669236 ], [ -2.5105470375, 53.240671131 ], [ -2.5033400404, 53.240769988300002 ], [ -2.4885502674, 53.247808485699998 ], [ -2.486340001, 53.265519999699997 ], [ -2.4949020036, 53.267463641299997 ], [ -2.4949559634, 53.267478933699998 ], [ -2.5060358207, 53.271292855200002 ], [ -2.5060825715, 53.2713118892 ], [ -2.5061240179, 53.271334918900003 ], [ -2.5061592179, 53.271361423199998 ], [ -2.5061873742, 53.271390797899997 ], [ -2.5062078402, 53.2714223762 ], [ -2.506220156, 53.271455439900002 ], [ -2.5062240398, 53.271489237799997 ], [ -2.5062194046, 53.2715230019 ], [ -2.5041243462, 53.279425956600001 ], [ -2.5041147002, 53.279452142499999 ], [ -2.5040999177, 53.279477452199998 ], [ -2.5040802104, 53.279501527800001 ], [ -2.5040558592, 53.279524024 ], [ -2.4971600349, 53.285129986100003 ], [ -2.495703026, 53.302434294299999 ], [ -2.4956954064, 53.302469406699998 ], [ -2.4956786725, 53.302503366899998 ], [ -2.4901600174, 53.311129989800001 ], [ -2.4889400171, 53.3138299895 ], [ -2.4887500165, 53.316519988099998 ], [ -2.4929785821, 53.315193392200001 ], [ -2.493013822, 53.315183690399998 ], [ -2.4930505451, 53.315176219800001 ], [ -2.4930883606, 53.315171058399997 ], [ -2.4931268638, 53.315168261700002 ], [ -2.4931656422, 53.315167861299997 ], [ -2.4932042832, 53.315169858700003 ], [ -2.4932423738, 53.315174235 ], [ -2.4932795066, 53.315180941599998 ], [ -2.4933152846, 53.315189908199997 ], [ -2.4933493268, 53.315201038399998 ], [ -2.4933812673, 53.315214213200001 ], [ -2.493410768, 53.3152292921 ], [ -2.4934375106, 53.315246114499999 ], [ -2.4934612121, 53.315264499199998 ], [ -2.4934816167, 53.315284251199998 ], [ -2.4934985088, 53.315305159399998 ], [ -2.4972400144, 53.320619990600001 ], [ -2.506647899, 53.325663110100002 ], [ -2.5066823669, 53.325684179699998 ], [ -2.5067119282, 53.325707770900003 ], [ -2.5067360751, 53.325733476800004 ], [ -2.506754391, 53.325760854199999 ], [ -2.506766561, 53.325789431700002 ], [ -2.506772375, 53.325818717499999 ], [ -2.5067717324, 53.325848207 ], [ -2.5067646453, 53.325877392199999 ], [ -2.5060838655, 53.327789168199999 ], [ -2.5060743982, 53.327810535200001 ], [ -2.5000800041, 53.339069984299996 ], [ -2.5021400018, 53.341529981900003 ], [ -2.5268600032, 53.3370199923 ], [ -2.5422999998, 53.33333 ], [ -2.5607139386, 53.321928062700003 ], [ -2.5607449425, 53.321910903300001 ], [ -2.5607789686, 53.321895937299999 ], [ -2.5608155871, 53.321883353700002 ], [ -2.5608543347, 53.321873313799998 ], [ -2.5608947207, 53.321865942099997 ], [ -2.5609362327, 53.321861333699999 ], [ -2.5609783463, 53.321859545800002 ], [ -2.5610205287, 53.321860601600001 ], [ -2.5783500097, 53.322879992200001 ], [ -2.5872800097, 53.322669993700003 ], [ -2.5917233341, 53.318376110300001 ], [ -2.5917609619, 53.318345775300003 ], [ -2.6013850024, 53.311813835700001 ], [ -2.6014147668, 53.3117957937 ], [ -2.6014477353, 53.311779874800003 ], [ -2.6014834907, 53.311766283399997 ], [ -2.6015215731, 53.31175519 ], [ -2.6015615027, 53.311746738899998 ], [ -2.6016027662, 53.311741035300003 ], [ -2.6016448424, 53.311738152700002 ], [ -2.6016871898, 53.311738128199998 ], [ -2.6017292728, 53.311740962499996 ], [ -2.601770555, 53.311746618 ], [ -2.6018105101, 53.3117550236 ], [ -2.6018486278, 53.311766072200001 ], [ -2.6018844258, 53.3117796234 ], [ -2.6019174439, 53.311795503299997 ], [ -2.6019472651, 53.311813511700002 ], [ -2.6019735078, 53.311833416900001 ], [ -2.61131003, 53.319799998599997 ], [ -2.6178400171, 53.318769988 ], [ -2.6197036722, 53.314100980699997 ], [ -2.6197133128, 53.314080976 ], [ -2.6197260034, 53.314061591 ], [ -2.6197416352, 53.314042992399997 ], [ -2.6197600757, 53.314025341 ], [ -2.6246267983, 53.309813376 ], [ -2.6246661113, 53.309784725900002 ], [ -2.6247127551, 53.309760337599997 ], [ -2.6247654607, 53.309740876600003 ], [ -2.6248227919, 53.309726871899997 ], [ -2.6311491024, 53.308535235199997 ], [ -2.6311895091, 53.308529077499998 ], [ -2.6312308054, 53.308525643099998 ], [ -2.6312724847, 53.308524975300003 ], [ -2.6313140294, 53.308527080399998 ], [ -2.6452200669, 53.309700006699998 ], [ -2.6460592395, 53.3081913105 ], [ -2.6460855326, 53.308155043600003 ], [ -2.6461220304, 53.308122097599998 ], [ -2.6461676048, 53.308093493599998 ], [ -2.6462208448, 53.3080701174 ], [ -2.6462801001, 53.308052690700002 ], [ -2.6463435388, 53.308041754900003 ], [ -2.646409194, 53.308037647699997 ], [ -2.6464750356, 53.308040495199997 ], [ -2.674765543, 53.310774949699997 ], [ -2.674826298, 53.310783981500002 ], [ -2.6748836991, 53.310798938200001 ], [ -2.67493615, 53.310819400600003 ], [ -2.6749821921, 53.310844802 ], [ -2.6750205427, 53.310874433 ], [ -2.6750501338, 53.31090747 ], [ -2.6750701416, 53.310942993799998 ], [ -2.6750800103, 53.310980014899997 ], [ -2.6768900087, 53.311690014100002 ], [ -2.6768900102, 53.311214273200001 ], [ -2.676892178, 53.3111901543 ], [ -2.6768986549, 53.311166314700003 ], [ -2.6780900113, 53.307900010099999 ], [ -2.6779200142, 53.306160019700002 ], [ -2.6771028523, 53.303220232299999 ], [ -2.6770987539, 53.303199689800003 ], [ -2.6767150168, 53.300051055600001 ], [ -2.6767140793, 53.300030715399998 ], [ -2.6767162185, 53.3000104081 ], [ -2.6767214145, 53.299990300099999 ], [ -2.6767296249, 53.2999705553 ], [ -2.6775800147, 53.298260000100001 ], [ -2.6758629344, 53.290063929900001 ], [ -2.675860015, 53.290035947699998 ], [ -2.6758600133, 53.287789996500003 ], [ -2.6755100156, 53.286559996900003 ], [ -2.6730300165, 53.281380001099997 ], [ -2.6675299992, 53.279329990800001 ], [ -2.6575332016, 53.280219698400003 ] ] ] } },
{ "type": "Feature", "properties": { "ODSCode": "N81068", "Name": "GROSVENOR MEDICAL CENTRE", "ICBCode": "QYG", "Region": "Y62", "stroke.opacity": "1.0", "stroke.width": "2.0", "fill.opacity": "0", "OBJECTID": 2672, "stroke": "#0000ff", "fill": "#555555" }, "geometry": { "type": "Polygon", "coordinates": [ [ [ -2.3833500103, 53.112579993300002 ], [ -2.4063499878, 53.143269977499997 ], [ -2.4684900111, 53.154179988599999 ], [ -2.5158699448, 53.1068000072 ], [ -2.5151799681, 53.105980000199999 ], [ -2.5151800268, 53.066389987900003 ], [ -2.4430800058, 53.040389987200001 ], [ -2.3771700139, 53.047409988299997 ], [ -2.3833500103, 53.112579993300002 ] ] ] } },
{ "type": "Feature", "properties": { "ODSCode": "N81069", "Name": "CHELFORD SURGERY", "ICBCode": "QYG", "Region": "Y62", "stroke.opacity": "1.0", "stroke.width": "2.0", "fill.opacity": "0", "OBJECTID": 2993, "stroke": "#0000ff", "fill": "#555555" }, "geometry": { "type": "Polygon", "coordinates": [ [ [ -2.3565950109, 53.295388000700001 ], [ -2.355228014, 53.268908990500002 ], [ -2.3606920146, 53.2531989939 ], [ -2.3603560006, 53.241899989399997 ], [ -2.3562280067, 53.226076987600003 ], [ -2.3346020093, 53.226898978400001 ], [ -2.3260180181, 53.222582982399999 ], [ -2.314342999, 53.212200991899998 ], [ -2.3088629952, 53.209527987800001 ], [ -2.284299997, 53.200379995699997 ], [ -2.2681570063, 53.208602993200003 ], [ -2.2487640013, 53.208088983499998 ], [ -2.2233610075, 53.206751987799997 ], [ -2.2034480117, 53.200582990599997 ], [ -2.1922890183, 53.221554990100003 ], [ -2.1718610102, 53.225562997799997 ], [ -2.1670520343, 53.234811004299999 ], [ -2.1567500444, 53.242310005299998 ], [ -2.1478420223, 53.263980966600002 ], [ -2.1788930303, 53.270756999699998 ], [ -2.1885080138, 53.282457989199997 ], [ -2.1976050122, 53.285126986800002 ], [ -2.2055000213, 53.292412998 ], [ -2.2197520214, 53.299593995800002 ], [ -2.2302220231, 53.2999020014 ], [ -2.2348570157, 53.303184995899997 ], [ -2.2422360455, 53.303595018499998 ], [ -2.2485060182, 53.303031 ], [ -2.2752749875, 53.305287982700001 ], [ -2.2792279965, 53.304671986499997 ], [ -2.2994020057, 53.312826990799998 ], [ -2.3100240068, 53.314261994100001 ], [ -2.3251540049, 53.315184990100001 ], [ -2.3316760022, 53.315082988199997 ], [ -2.3416210044, 53.305543993500002 ], [ -2.3565950109, 53.295388000700001 ] ] ] } },
{ "type": "Feature", "properties": { "ODSCode": "N81070", "Name": "HANDFORTH HEALTH CENTRE", "ICBCode": "QYG", "Region": "Y62", "stroke.opacity": "1.0", "stroke.width": "2.0", "fill.opacity": "0", "OBJECTID": 6014, "stroke": "#0000ff", "fill": "#555555" }, "geometry": { "type": "Polygon", "coordinates": [ [ [ -2.2291945596, 53.326620993799999 ], [ -2.2291087013, 53.327138552800001 ], [ -2.2265340535, 53.3263690307 ], [ -2.224345146, 53.325554740500003 ], [ -2.2232933021, 53.3207318137 ], [ -2.2159769333, 53.3209373109 ], [ -2.2139169827, 53.320989500400003 ], [ -2.213187238, 53.322837605700002 ], [ -2.2135253508, 53.324834914699998 ], [ -2.2134826424, 53.324915138800002 ], [ -2.2122280642, 53.3258459519 ], [ -2.2122216498, 53.325936478199999 ], [ -2.2086772472, 53.328042924099996 ], [ -2.2085296151, 53.328076847799998 ], [ -2.2076100096, 53.328049991199997 ], [ -2.2033600099, 53.328519991900002 ], [ -2.1999690885, 53.329656892300001 ], [ -2.1964500101, 53.329769995900001 ], [ -2.1933476076, 53.3305978936 ], [ -2.1931051762, 53.330565476499999 ], [ -2.1922900096, 53.329999996799998 ], [ -2.1877972429, 53.328757033199999 ], [ -2.1842504726, 53.326737341600001 ], [ -2.1813900066, 53.322409988300002 ], [ -2.1758100062, 53.321799988899997 ], [ -2.1747929579, 53.323988470899998 ], [ -2.1743985792, 53.324060237399998 ], [ -2.1710951646, 53.322362641399998 ], [ -2.1686000043, 53.320879991699996 ], [ -2.1643100034, 53.320259991500002 ], [ -2.1637100024, 53.321339991 ], [ -2.1743405031, 53.324587671700002 ], [ -2.1744083207, 53.324805007400002 ], [ -2.1697100077, 53.3279499896 ], [ -2.1741800075, 53.329129991 ], [ -2.1784264453, 53.3257969796 ], [ -2.1787195012, 53.325767681 ], [ -2.1845398951, 53.328091962899997 ], [ -2.1886800038, 53.330869996 ], [ -2.1926300079, 53.331229997199998 ], [ -2.1929781415, 53.331022022900001 ], [ -2.193311976, 53.331032722099998 ], [ -2.1968509552, 53.333655266699999 ], [ -2.1968128873, 53.333843842100002 ], [ -2.1965799926, 53.3339499991 ], [ -2.2000125262, 53.342301810199999 ], [ -2.1919872688, 53.343686142700001 ], [ -2.1868396049, 53.343327425200002 ], [ -2.184692769, 53.343480630199998 ], [ -2.1815156117, 53.344531168800003 ], [ -2.1810444758, 53.345222645600003 ], [ -2.1834464283, 53.3468371015 ], [ -2.1800565112, 53.347451726099997 ], [ -2.1792409353, 53.348527555499999 ], [ -2.1827618639, 53.350244103 ], [ -2.1867521205, 53.350730971899999 ], [ -2.1888115473, 53.350986846600001 ], [ -2.1928453303, 53.351217647200002 ], [ -2.1951198645, 53.350781620399999 ], [ -2.1961499965, 53.352476056599997 ], [ -2.2013419567, 53.3530922522 ], [ -2.2016852051, 53.350837389799999 ], [ -2.2013847287, 53.347889731599999 ], [ -2.1999687197, 53.346018848699998 ], [ -2.1995833395, 53.343942310899997 ], [ -2.200870575, 53.343941453100001 ], [ -2.2028900053, 53.344379993700002 ], [ -2.2030271194, 53.344575931400001 ], [ -2.2033596853, 53.3448576149 ], [ -2.2039497115, 53.345382818300003 ], [ -2.2042501739, 53.345728676900002 ], [ -2.2044754529, 53.345863190700001 ], [ -2.2048615801, 53.346234492599997 ], [ -2.2059560042, 53.346183191500003 ], [ -2.2073900111, 53.3468899939 ], [ -2.2108886121, 53.346787107499999 ], [ -2.2110246405, 53.346814905099997 ], [ -2.2125654184, 53.347603042 ], [ -2.2126315023, 53.347720955500002 ], [ -2.210310021, 53.354039994600001 ], [ -2.2104137477, 53.354328032700003 ], [ -2.2102659624, 53.354478934299998 ], [ -2.2098800214, 53.354549995699998 ], [ -2.2102300251, 53.357309996799998 ], [ -2.211000025, 53.357519996500002 ], [ -2.2121670267, 53.357263825899999 ], [ -2.2123402078, 53.3572746237 ], [ -2.2126067877, 53.357390308 ], [ -2.2157621242, 53.3569805351 ], [ -2.2171354434, 53.35677563 ], [ -2.2187228687, 53.356954232 ], [ -2.2194523618, 53.358568661900001 ], [ -2.2200100363, 53.359747261899997 ], [ -2.2187554089, 53.361091483400003 ], [ -2.2179829968, 53.361738052100002 ], [ -2.2170722302, 53.362354734900002 ], [ -2.2155590146, 53.362043379799999 ], [ -2.2149305408, 53.362620743900003 ], [ -2.2158437577, 53.363818143099998 ], [ -2.2156800189, 53.363949994 ], [ -2.2158815928, 53.366407393300001 ], [ -2.2157238643, 53.366535983799999 ], [ -2.2126300122, 53.367019989799999 ], [ -2.2121600158, 53.368529989899997 ], [ -2.2127881114, 53.369573735099998 ], [ -2.2127176983, 53.369715232799997 ], [ -2.21160002, 53.370219991100001 ], [ -2.2126300179, 53.372729991100002 ], [ -2.2163997292, 53.372729994099998 ], [ -2.2165300183, 53.372759991099997 ], [ -2.2181200177, 53.372629990100002 ], [ -2.2222900329, 53.371909987199999 ], [ -2.2279100405, 53.370579985699997 ], [ -2.23050701, 53.369736591200002 ], [ -2.2340900475, 53.370089984 ], [ -2.2356962667, 53.370016482899999 ], [ -2.2366025688, 53.370202925800001 ], [ -2.2403100573, 53.371299981500002 ], [ -2.2418075056, 53.369575278299997 ], [ -2.2420888885, 53.369077431400001 ], [ -2.2422400502, 53.368989983 ], [ -2.2423032404, 53.367685480900001 ], [ -2.2441371382, 53.360341655799999 ], [ -2.2442596322, 53.360248196299999 ], [ -2.2532583275, 53.358040179500001 ], [ -2.2538700066, 53.358059995300003 ], [ -2.2553300065, 53.357929995 ], [ -2.2554385395, 53.357649087600002 ], [ -2.2555560328, 53.357566016100002 ], [ -2.2600900067, 53.356439997099997 ], [ -2.2613000052, 53.355979998599999 ], [ -2.2611200026, 53.355139997199998 ], [ -2.2600100017, 53.3533699965 ], [ -2.2585699453, 53.352702520299999 ], [ -2.2579202461, 53.351812524099998 ], [ -2.2579500009, 53.351679994199998 ], [ -2.2473143485, 53.3477595218 ], [ -2.2472286487, 53.347690926799999 ], [ -2.2463156137, 53.3456804076 ], [ -2.2464257196, 53.345533669200002 ], [ -2.2474800147, 53.345219992700002 ], [ -2.2456300187, 53.344809993600002 ], [ -2.241901409, 53.3450968223 ], [ -2.2417527408, 53.345071406400002 ], [ -2.2406259231, 53.344521232300004 ], [ -2.2405590806, 53.3443911289 ], [ -2.2402433853, 53.342917486300003 ], [ -2.2404755214, 53.3419874398 ], [ -2.241053068, 53.341321802499998 ], [ -2.2433702739, 53.338770999 ], [ -2.2488660227, 53.334114016100003 ], [ -2.2509004548, 53.332905123800003 ], [ -2.2524246506, 53.331148037799998 ], [ -2.2525800109, 53.331079986200002 ], [ -2.2503522459, 53.329566128400003 ], [ -2.2490651999, 53.328722290499996 ], [ -2.2476489938, 53.327569173800001 ], [ -2.2456318302, 53.326928024600001 ], [ -2.2440441942, 53.326902434899999 ], [ -2.2430994844, 53.327009644900002 ], [ -2.2418546677, 53.3269515426 ], [ -2.2405249857, 53.326753271100003 ], [ -2.2395381638, 53.326727744199999 ], [ -2.2375204486, 53.3266214955 ], [ -2.2351182514, 53.3262672997 ], [ -2.2331857746, 53.325874981200002 ], [ -2.2315979821, 53.325878871800001 ], [ -2.2306119705, 53.325807457 ], [ -2.229839603, 53.325935782899997 ], [ -2.2291945596, 53.326620993799999 ] ] ] } },
{ "type": "Feature", "properties": { "ODSCode": "N81071", "Name": "GREENMOSS MEDICAL CENTRE", "ICBCode": "QYG", "Region": "Y62", "stroke.opacity": "1.0", "stroke.width": "2.0", "fill.opacity": "0", "OBJECTID": 2416, "stroke": "#0000ff", "fill": "#555555" }, "geometry": { "type": "Polygon", "coordinates": [ [ [ -2.2053299989, 53.137479984300001 ], [ -2.2072400025, 53.142669985300003 ], [ -2.2093200003, 53.143439983500002 ], [ -2.2067900039, 53.147239986199999 ], [ -2.2104700022, 53.147939986700003 ], [ -2.2135600042, 53.148719988800003 ], [ -2.2190300064, 53.148839993400003 ], [ -2.225690012, 53.1495899966 ], [ -2.2281900128, 53.1507899956 ], [ -2.2265100141, 53.152359994299999 ], [ -2.2293100139, 53.151289995100001 ], [ -2.2463000173, 53.156169995100001 ], [ -2.2608400208, 53.157359999400001 ], [ -2.2682700136, 53.158709989800002 ], [ -2.2824600136, 53.162019996799998 ], [ -2.2871500118, 53.162879995700003 ], [ -2.2955000083, 53.162549995399999 ], [ -2.2994900062, 53.161679994300002 ], [ -2.3061100077, 53.160849988400003 ], [ -2.3111900112, 53.158779985800003 ], [ -2.3196200178, 53.156079989200002 ], [ -2.325330013, 53.153039992799997 ], [ -2.3281700126, 53.152949994099998 ], [ -2.3330000087, 53.1539899968 ], [ -2.3402400116, 53.153399995 ], [ -2.3433900128, 53.1541799942 ], [ -2.3448900148, 53.153559994 ], [ -2.3426600116, 53.150679994599997 ], [ -2.3390600096, 53.146259995599998 ], [ -2.3366500085, 53.142339995100002 ], [ -2.335110015, 53.136059993499998 ], [ -2.3347700073, 53.127409988899998 ], [ -2.3349400119, 53.118039990100002 ], [ -2.3363100069, 53.112779990500002 ], [ -2.3423200076, 53.0955699899 ], [ -2.3426600045, 53.088459990099999 ], [ -2.3407700084, 53.083409985700001 ], [ -2.2951100084, 53.084539991200003 ], [ -2.280350012, 53.088559987 ], [ -2.2577800054, 53.0940799953 ], [ -2.2317700137, 53.096469986400002 ], [ -2.2229300037, 53.099739983500001 ], [ -2.2190200018, 53.098869988099999 ], [ -2.2180399993, 53.098509989299998 ], [ -2.2167499996, 53.097919987 ], [ -2.213229998, 53.0976599834 ], [ -2.2123299962, 53.098069983499997 ], [ -2.2105699972, 53.099129981700003 ], [ -2.2097099951, 53.099129981 ], [ -2.2090699959, 53.099379979799998 ], [ -2.2085099973, 53.100049980800001 ], [ -2.2072599995, 53.102839982100001 ], [ -2.2069199997, 53.104509982 ], [ -2.2061500008, 53.106029983600003 ], [ -2.2030600089, 53.1082199899 ], [ -2.1985500138, 53.110229991399997 ], [ -2.199800012, 53.110669990600002 ], [ -2.2013400117, 53.1107999922 ], [ -2.203870004, 53.111799985899999 ], [ -2.2050300021, 53.112519981699997 ], [ -2.2064099982, 53.113169977600002 ], [ -2.2071399963, 53.114219974699999 ], [ -2.2074799953, 53.115099972800003 ], [ -2.2075699951, 53.115719971799997 ], [ -2.2068799973, 53.116749972199997 ], [ -2.2065399958, 53.117779972 ], [ -2.2059799964, 53.118549973599997 ], [ -2.2049499986, 53.119349977200002 ], [ -2.203870001, 53.1204099813 ], [ -2.202720004, 53.121409984400003 ], [ -2.1992400071, 53.124219989799997 ], [ -2.1979100066, 53.125449989899998 ], [ -2.1970100053, 53.126199989900002 ], [ -2.1968400063, 53.127019988800001 ], [ -2.1943000027, 53.129079985099999 ], [ -2.1931000022, 53.130139983600003 ], [ -2.1933600026, 53.131199982299997 ], [ -2.1945200032, 53.132379980400003 ], [ -2.1962400031, 53.1335099816 ], [ -2.1981200022, 53.134339984299999 ], [ -2.2004000045, 53.135259989600002 ], [ -2.202720001, 53.135829989299999 ], [ -2.2036599998, 53.136369987599998 ], [ -2.2053299989, 53.137479984300001 ] ] ] } },
{ "type": "Feature", "properties": { "ODSCode": "N81072", "Name": "MURDISHAW", "ICBCode": "QYG", "Region": "Y62", "stroke.opacity": "1.0", "stroke.width": "2.0", "fill.opacity": "0", "OBJECTID": 1436, "stroke": "#0000ff", "fill": "#555555" }, "geometry": { "type": "Polygon", "coordinates": [ [ [ -2.7060102113, 53.3108067195 ], [ -2.7026223362, 53.311965476899999 ], [ -2.6986222701, 53.312733822299997 ], [ -2.6939110202, 53.312878770899999 ], [ -2.6890631409, 53.312385078299997 ], [ -2.6786166679, 53.3111281726 ], [ -2.6741028009, 53.311547760400003 ], [ -2.6697010552, 53.312694593499998 ], [ -2.6507331516, 53.324288276300003 ], [ -2.596926445, 53.370452258100002 ], [ -2.6312858767, 53.363887884100002 ], [ -2.6510512754, 53.359324376300002 ], [ -2.6720405472, 53.354473737699998 ], [ -2.6922976645, 53.349198825499997 ], [ -2.7026272434, 53.346507193699999 ], [ -2.711493246, 53.344453832600003 ], [ -2.7202709117, 53.3439076525 ], [ -2.7392691174, 53.344986224499998 ], [ -2.7439022162, 53.344095067 ], [ -2.7478256746, 53.342752188699997 ], [ -2.7560475863, 53.336872371299997 ], [ -2.7599008662, 53.334116073799997 ], [ -2.7628844838, 53.330160385100001 ], [ -2.7600887716, 53.3237457022 ], [ -2.7548500239, 53.318716986799998 ], [ -2.749229708, 53.314501608599997 ], [ -2.7419409675, 53.312886993500001 ], [ -2.7273012533, 53.311064856599998 ], [ -2.717259854, 53.311376036399999 ], [ -2.7108761613, 53.308633374599999 ], [ -2.7060102113, 53.3108067195 ] ] ] } },
{ "type": "Feature", "properties": { "ODSCode": "N81074", "Name": "LAUNCESTON CLOSE SURGERY", "ICBCode": "QYG", "Region": "Y62", "stroke.opacity": "1.0", "stroke.width": "2.0", "fill.opacity": "0", "OBJECTID": 618, "stroke": "#0000ff", "fill": "#555555" }, "geometry": { "type": "Polygon", "coordinates": [ [ [ -2.555338223, 53.154670940800003 ], [ -2.5541346903, 53.143847313 ], [ -2.5523773622, 53.142035948199997 ], [ -2.554020396, 53.134558306899997 ], [ -2.5299271555, 53.135170374300003 ], [ -2.5300700181, 53.134949967300003 ], [ -2.5243059324, 53.135817320699999 ], [ -2.5154231842, 53.136193648599999 ], [ -2.5061843491, 53.136193651900001 ], [ -2.5002141579, 53.135813818800003 ], [ -2.4990023362, 53.137752053699998 ], [ -2.4975073491, 53.137772530500001 ], [ -2.4955635543, 53.138862003699998 ], [ -2.490319253, 53.140179532399998 ], [ -2.483464019, 53.1483999971 ], [ -2.4848380085, 53.154164987100003 ], [ -2.4862600109, 53.159279996199999 ], [ -2.485440008, 53.1630099956 ], [ -2.4930838663, 53.164310969100001 ], [ -2.4909280238, 53.164853038399997 ], [ -2.4871952243, 53.170819191900001 ], [ -2.4831800082, 53.172140002200003 ], [ -2.4825700045, 53.175790003199999 ], [ -2.4818800052, 53.178500003400003 ], [ -2.4763900022, 53.183359998100002 ], [ -2.467120021, 53.188549998200003 ], [ -2.4695200152, 53.190609995099997 ], [ -2.4704600111, 53.194309991 ], [ -2.4672900199, 53.197189996 ], [ -2.4796500604, 53.201819960900004 ], [ -2.4821800337, 53.204099975 ], [ -2.4864299971, 53.205159997499997 ], [ -2.4911499622, 53.2093200224 ], [ -2.4942517644, 53.208983195400002 ], [ -2.5046650029, 53.218334001700001 ], [ -2.5115340213, 53.226556002300001 ], [ -2.5252710258, 53.233954975099998 ], [ -2.5431290211, 53.236420989 ], [ -2.5510707721, 53.237371713500004 ], [ -2.5531200213, 53.238199993599999 ], [ -2.5628200167, 53.237789994700002 ], [ -2.5734410234, 53.236437993 ], [ -2.5734062973, 53.236126496499999 ], [ -2.5743600265, 53.235659991399999 ], [ -2.5737000254, 53.233899991500003 ], [ -2.573074177, 53.2331468259 ], [ -2.5727540105, 53.230272992400003 ], [ -2.5844300117, 53.227395991900003 ], [ -2.6016010001, 53.221639990200003 ], [ -2.6180860136, 53.221639991399996 ], [ -2.6242670133, 53.209304993499998 ], [ -2.6237547603, 53.208668116 ], [ -2.6251299968, 53.206800035299999 ], [ -2.6235700004, 53.206050030299998 ], [ -2.6228600027, 53.2052900248 ], [ -2.6193836991, 53.203232952699999 ], [ -2.6153380167, 53.198201007500003 ], [ -2.6128872362, 53.196388075199998 ], [ -2.6145700122, 53.196450006900001 ], [ -2.6140600081, 53.193840002 ], [ -2.6150000056, 53.192169998200001 ], [ -2.612730005, 53.190979996099998 ], [ -2.6074954159, 53.192398819399997 ], [ -2.6036620086, 53.189561992199998 ], [ -2.6119040045, 53.185447997700003 ], [ -2.6102440327, 53.1843771514 ], [ -2.6104200051, 53.184449997 ], [ -2.613800006, 53.183869998900001 ], [ -2.6116300042, 53.183389998499997 ], [ -2.6102100028, 53.182539998599999 ], [ -2.6088600016, 53.181609997599999 ], [ -2.6066600003, 53.181389996 ], [ -2.6012699979, 53.178659995300002 ], [ -2.5951900024, 53.181279991399997 ], [ -2.584843886, 53.1835429295 ], [ -2.5820844071, 53.180925425300003 ], [ -2.576400026, 53.174259998399997 ], [ -2.5741503454, 53.173806388099997 ], [ -2.5641209538, 53.1613223258 ], [ -2.5576429325, 53.155812002200001 ], [ -2.555338223, 53.154670940800003 ] ] ] } },
{ "type": "Feature", "properties": { "ODSCode": "N81075", "Name": "STOCKTON HEATH MED.CENTRE", "ICBCode": "QYG", "Region": "Y62", "stroke.opacity": "1.0", "stroke.width": "2.0", "fill.opacity": "0", "OBJECTID": 6097, "stroke": "#0000ff", "fill": "#555555" }, "geometry": { "type": "Polygon", "coordinates": [ [ [ -2.6011331057, 53.379597085500002 ], [ -2.6054800306, 53.373939995599997 ], [ -2.6137200168, 53.358539990899999 ], [ -2.622470017, 53.3492200086 ], [ -2.6259900199, 53.347200007600001 ], [ -2.6284800264, 53.344560008800002 ], [ -2.6309700349, 53.342120008599998 ], [ -2.6411800112, 53.328819995800004 ], [ -2.6253900005, 53.329339990299999 ], [ -2.6099400086, 53.332409995699997 ], [ -2.6035400123, 53.333309991299998 ], [ -2.5978400159, 53.334199990599998 ], [ -2.5874500121, 53.334149988599997 ], [ -2.5787000404, 53.3343599739 ], [ -2.5738000691, 53.334819964200001 ], [ -2.5708600857, 53.335289956 ], [ -2.5700300744, 53.335379961199997 ], [ -2.5695900672, 53.335709964599999 ], [ -2.5663100231, 53.335939982900001 ], [ -2.5602799672, 53.3376399972 ], [ -2.5563099289, 53.339020009 ], [ -2.5526899812, 53.340809999299999 ], [ -2.5325200028, 53.345939991500003 ], [ -2.5122600128, 53.350449987700003 ], [ -2.5048000107, 53.353009987199997 ], [ -2.5074600111, 53.355679991400002 ], [ -2.5093500102, 53.359160007 ], [ -2.5103100145, 53.360120026200001 ], [ -2.5105900137, 53.361690017599997 ], [ -2.5114900146, 53.3650499994 ], [ -2.5102000189, 53.371139991200003 ], [ -2.508140016, 53.373339990799998 ], [ -2.5155600188, 53.378979990600001 ], [ -2.5158600198, 53.379039990800003 ], [ -2.5165900195, 53.3794399919 ], [ -2.5173400187, 53.379739992200001 ], [ -2.5178000189, 53.379869991600003 ], [ -2.5186900183, 53.380579993200001 ], [ -2.5194000165, 53.380979993 ], [ -2.5219800144, 53.3821099946 ], [ -2.5230700145, 53.382719995499997 ], [ -2.5249000133, 53.383789996700003 ], [ -2.5265500138, 53.385159995 ], [ -2.5354800074, 53.383329998299999 ], [ -2.5494299798, 53.381099989399999 ], [ -2.556249917, 53.381809969599999 ], [ -2.5639299789, 53.3814899841 ], [ -2.5771100034, 53.377849987 ], [ -2.5825100026, 53.378319986 ], [ -2.5847800026, 53.378709985900002 ], [ -2.5867000019, 53.379819986299999 ], [ -2.5920000076, 53.383229987900002 ], [ -2.592139646, 53.385302538200001 ], [ -2.5951107876, 53.385231324800003 ], [ -2.5985235861, 53.384472270099998 ], [ -2.5994686218, 53.3827067844 ], [ -2.6011331057, 53.379597085500002 ] ] ] } },
{ "type": "Feature", "properties": { "ODSCode": "N81077", "Name": "THE HEALTH CENTRE (HOLMES CHAPEL)", "ICBCode": "QYG", "Region": "Y62", "stroke.opacity": "1.0", "stroke.width": "2.0", "fill.opacity": "0", "OBJECTID": 2570, "stroke": "#0000ff", "fill": "#555555" }, "geometry": { "type": "Polygon", "coordinates": [ [ [ -2.4683200258, 53.249089983600001 ], [ -2.4534500184, 53.240229980400002 ], [ -2.4451000061, 53.228489987899998 ], [ -2.433560009, 53.2187799867 ], [ -2.4254900116, 53.203769990600001 ], [ -2.4163300341, 53.197990003199997 ], [ -2.4039900161, 53.1879799847 ], [ -2.4001500169, 53.186109986799998 ], [ -2.3959600149, 53.185769987199997 ], [ -2.3929200134, 53.185619987899997 ], [ -2.3837800116, 53.1876199883 ], [ -2.3749800037, 53.186439989199997 ], [ -2.3665199995, 53.184019988099998 ], [ -2.355190005, 53.1809399865 ], [ -2.350630009, 53.177219991400001 ], [ -2.3508000093, 53.174469992399999 ], [ -2.349570002, 53.171039981600003 ], [ -2.3447200016, 53.169409980499999 ], [ -2.337070002, 53.167609990700001 ], [ -2.3316399957, 53.1664199931 ], [ -2.3244000058, 53.161579989800003 ], [ -2.3214200167, 53.158689990200003 ], [ -2.3203300176, 53.156719989300001 ], [ -2.3193500174, 53.153829989400002 ], [ -2.3172400171, 53.1527499862 ], [ -2.3154100166, 53.1540499862 ], [ -2.3177100196, 53.155919987499999 ], [ -2.3090700084, 53.159119986699999 ], [ -2.3024300039, 53.160859991300001 ], [ -2.2947600085, 53.162139995399997 ], [ -2.2860600116, 53.1628099952 ], [ -2.279410013, 53.1605199961 ], [ -2.2599300221, 53.157599999600002 ], [ -2.2584000245, 53.158340001500001 ], [ -2.2567000253, 53.161880001199997 ], [ -2.2563000254, 53.165259999600003 ], [ -2.2572600234, 53.168540000100002 ], [ -2.2544300254, 53.170550002399999 ], [ -2.2512500164, 53.1763599907 ], [ -2.2522400239, 53.181939997699999 ], [ -2.2547700285, 53.187519996799999 ], [ -2.2501400011, 53.206599984199997 ], [ -2.2422400153, 53.221139987199997 ], [ -2.2449000207, 53.23249999 ], [ -2.2448200142, 53.2376899892 ], [ -2.2579600131, 53.239479991700001 ], [ -2.2716199995, 53.239629987900003 ], [ -2.2834800092, 53.243219986900002 ], [ -2.2921200082, 53.244939989700001 ], [ -2.2992100107, 53.243879995699999 ], [ -2.2993199993, 53.250599987199998 ], [ -2.3138200129, 53.258369986399998 ], [ -2.3225800108, 53.263849989500002 ], [ -2.3308200102, 53.265979985400001 ], [ -2.3486700118, 53.271269992199997 ], [ -2.3601700049, 53.280049989699997 ], [ -2.3637800058, 53.280099993199997 ], [ -2.3843300085, 53.271179998 ], [ -2.3932100033, 53.265649994 ], [ -2.3986200135, 53.258689989 ], [ -2.426940009, 53.255660001400003 ], [ -2.4379100166, 53.248559988499998 ], [ -2.4481900351, 53.246289977799997 ], [ -2.4653100001, 53.250989984100002 ], [ -2.4683200258, 53.249089983600001 ] ] ] } },
{ "type": "Feature", "properties": { "ODSCode": "N81079", "Name": "THE ELMS MEDICAL CENTRE", "ICBCode": "QYG", "Region": "Y62", "stroke.opacity": "1.0", "stroke.width": "2.0", "fill.opacity": "0", "OBJECTID": 3676, "stroke": "#0000ff", "fill": "#555555" }, "geometry": { "type": "Polygon", "coordinates": [ [ [ -2.9551510065, 53.2149769878 ], [ -2.9484790047, 53.207882984599998 ], [ -2.9347259718, 53.196366988 ], [ -2.9215050031, 53.188858988299998 ], [ -2.920996007, 53.17661699 ], [ -2.8914639974, 53.176411989400002 ], [ -2.8507669792, 53.179189981199997 ], [ -2.8420239891, 53.206032998799998 ], [ -2.8248510271, 53.224740997600001 ], [ -2.9106900135, 53.241799989 ], [ -2.9551510065, 53.2149769878 ] ] ] } },
{ "type": "Feature", "properties": { "ODSCode": "N81080", "Name": "NORTHGATE MEDICAL CENTRE", "ICBCode": "QYG", "Region": "Y62", "stroke.opacity": "1.0", "stroke.width": "2.0", "fill.opacity": "0", "OBJECTID": 5036, "stroke": "#0000ff", "fill": "#555555" }, "geometry": { "type": "Polygon", "coordinates": [ [ [ -2.9253947117, 53.232197179700002 ], [ -2.9438783356, 53.2311161441 ], [ -2.9631161168, 53.229778181100002 ], [ -2.9674104867, 53.220276924399997 ], [ -2.9653506381, 53.2193068881 ], [ -2.9604396323, 53.217188010299999 ], [ -2.956714611, 53.214457077 ], [ -2.9501817098, 53.209666462900003 ], [ -2.9485816244, 53.207702980900002 ], [ -2.9459638208, 53.206572695600002 ], [ -2.9224697437, 53.189329198800003 ], [ -2.919587939, 53.17828877 ], [ -2.922147214, 53.175236140400003 ], [ -2.925597561, 53.1732782765 ], [ -2.9275880847, 53.1715228602 ], [ -2.9302108578, 53.1700342643 ], [ -2.9304309771, 53.167510839499997 ], [ -2.9345074207, 53.154524595 ], [ -2.9326396479, 53.142787220400002 ], [ -2.9171329637, 53.141212026600002 ], [ -2.8667338165, 53.136908499800001 ], [ -2.8069864023, 53.144402838799998 ], [ -2.8046731122, 53.170072338600001 ], [ -2.8130350799, 53.177469398200003 ], [ -2.8175565145, 53.182688327199998 ], [ -2.8188052302, 53.185632493200004 ], [ -2.8220044965, 53.198000143 ], [ -2.8212622495, 53.206261484700001 ], [ -2.8198350745, 53.215686917200003 ], [ -2.8200648077, 53.219579780300002 ], [ -2.8202289745, 53.222361149800001 ], [ -2.8210677862, 53.224795586799999 ], [ -2.8221100209, 53.227819995700003 ], [ -2.8607651579, 53.2317563322 ], [ -2.8816800032, 53.233885993299999 ], [ -2.9158400052, 53.232755986800001 ], [ -2.9253947117, 53.232197179700002 ] ] ] } },
{ "type": "Feature", "properties": { "ODSCode": "N81081", "Name": "GARDEN LANE MEDICAL CTR.", "ICBCode": "QYG", "Region": "Y62", "stroke.opacity": "1.0", "stroke.width": "2.0", "fill.opacity": "0", "OBJECTID": 5051, "stroke": "#0000ff", "fill": "#555555" }, "geometry": { "type": "Polygon", "coordinates": [ [ [ -2.9130080058, 53.203204989 ], [ -2.9086300061, 53.202176992200002 ], [ -2.9057980033, 53.200993992500003 ], [ -2.9076000041, 53.200274992 ], [ -2.9063990048, 53.200582991499999 ], [ -2.9113739899, 53.198320987199999 ], [ -2.9087589715, 53.1954409863 ], [ -2.9024080155, 53.192021989700002 ], [ -2.9032620067, 53.188858988500002 ], [ -2.9196999958, 53.179014595699996 ], [ -2.9213243561, 53.1767555642 ], [ -2.923852073, 53.175197899 ], [ -2.9282373884, 53.171166445 ], [ -2.923464657, 53.167974569400002 ], [ -2.9183645375, 53.166033754600001 ], [ -2.9160494949, 53.167420974199999 ], [ -2.9126271326, 53.165521344299997 ], [ -2.9079986165, 53.168695578 ], [ -2.9045341486, 53.170771066 ], [ -2.9010514566, 53.169445850300001 ], [ -2.9008558365, 53.169238500299997 ], [ -2.8625816317, 53.172147607200003 ], [ -2.8462739828, 53.194823994 ], [ -2.8562739977, 53.205415994 ], [ -2.8678610051, 53.215438987299997 ], [ -2.8866570069, 53.222582986100001 ], [ -2.8999590007, 53.232087992700002 ], [ -2.904596006, 53.232190990900001 ], [ -2.9082850059, 53.230649987900001 ], [ -2.909402006, 53.226487986899997 ], [ -2.9075120049, 53.221348985699997 ], [ -2.9098300029, 53.211994990800001 ], [ -2.9230500079, 53.212920989099999 ], [ -2.9316330146, 53.211994988199997 ], [ -2.9438210033, 53.204489988699997 ], [ -2.9326629722, 53.195337986799998 ], [ -2.9209040155, 53.200428986 ], [ -2.9156680092, 53.202793987100002 ], [ -2.9130080058, 53.203204989 ] ] ] } },
{ "type": "Feature", "properties": { "ODSCode": "N81082", "Name": "CITY WALLS MEDICAL CENTRE", "ICBCode": "QYG", "Region": "Y62", "stroke.opacity": "1.0", "stroke.width": "2.0", "fill.opacity": "0", "OBJECTID": 649, "stroke": "#0000ff", "fill": "#555555" }, "geometry": { "type": "Polygon", "coordinates": [ [ [ -2.9203000046, 53.111339995599998 ], [ -2.8966584371, 53.1185269996 ], [ -2.8609100108, 53.128029986400001 ], [ -2.8346371655, 53.137348800399998 ], [ -2.7980799957, 53.148419980600003 ], [ -2.8050616182, 53.160141249 ], [ -2.8089483372, 53.169203078800003 ], [ -2.8118100099, 53.186699990299999 ], [ -2.8119167281, 53.1870090898 ], [ -2.8118100109, 53.187729990800001 ], [ -2.8119583881, 53.187718608499999 ], [ -2.8121969959, 53.187820845099999 ], [ -2.8159226576, 53.198608736200001 ], [ -2.8090700047, 53.222069990800001 ], [ -2.8201929103, 53.2243869554 ], [ -2.820328755, 53.2244909526 ], [ -2.8204000248, 53.224949995599999 ], [ -2.8230090488, 53.224973369600001 ], [ -2.9079400121, 53.242619989 ], [ -2.9083001349, 53.242552026699997 ], [ -2.9086300117, 53.242619988900003 ], [ -2.947770018, 53.2321399892 ], [ -2.967000001, 53.225559990100002 ], [ -2.9670589887, 53.225197086100003 ], [ -2.9671694379, 53.225101192 ], [ -2.9676800017, 53.224949988799999 ], [ -2.9681945387, 53.218209949299997 ], [ -2.9729955694, 53.188643877399997 ], [ -2.9735345698, 53.1861472314 ], [ -2.9741564113, 53.186127211100001 ], [ -2.9745499871, 53.187109985500001 ], [ -2.9830664529, 53.174194554499998 ], [ -2.9869100114, 53.169829989699998 ], [ -2.9731736911, 53.158680440200001 ], [ -2.9663099981, 53.126589984200002 ], [ -2.9203000046, 53.111339995599998 ] ] ] } },
{ "type": "Feature", "properties": { "ODSCode": "N81083", "Name": "PARKVIEW MEDICAL CENTRE", "ICBCode": "QYG", "Region": "Y62", "stroke.opacity": "1.0", "stroke.width": "2.0", "fill.opacity": "0", "OBJECTID": 2787, "stroke": "#0000ff", "fill": "#555555" }, "geometry": { "type": "Polygon", "coordinates": [ [ [ -2.6720799608, 53.4029799869 ], [ -2.6785199442, 53.395559983 ], [ -2.6434099551, 53.389880004799998 ], [ -2.6390399872, 53.393359991799997 ], [ -2.6215299928, 53.393719992 ], [ -2.6206700023, 53.389009993 ], [ -2.6045300181, 53.392239990199997 ], [ -2.5878800223, 53.3931099948 ], [ -2.5736300272, 53.396639994799997 ], [ -2.5744900455, 53.405539994500003 ], [ -2.5642799634, 53.411069980299999 ], [ -2.5690800071, 53.423599981899997 ], [ -2.5957799976, 53.422119991800002 ], [ -2.6314800658, 53.417410005599997 ], [ -2.6531999884, 53.414189991900002 ], [ -2.6720799608, 53.4029799869 ] ] ] } },
{ "type": "Feature", "properties": { "ODSCode": "N81084", "Name": "ROPE GREEN MEDICAL CENTRE", "ICBCode": "QYG", "Region": "Y62", "stroke.opacity": "1.0", "stroke.width": "2.0", "fill.opacity": "0", "OBJECTID": 5978, "stroke": "#0000ff", "fill": "#555555" }, "geometry": { "type": "Polygon", "coordinates": [ [ [ -2.4590699963, 53.1024099941 ], [ -2.4619599924, 53.102329993600002 ], [ -2.46489001, 53.102089988400003 ], [ -2.466820033, 53.101769981899999 ], [ -2.4687500476, 53.101379981400001 ], [ -2.4706400458, 53.100859992 ], [ -2.4757399639, 53.0997600404 ], [ -2.4789600336, 53.098130002200001 ], [ -2.480960071, 53.097049969799997 ], [ -2.4830800439, 53.096269970900003 ], [ -2.4846700086, 53.096219979899999 ], [ -2.4859600365, 53.096679968499998 ], [ -2.4859000155, 53.095979979 ], [ -2.4864100022, 53.095269987599998 ], [ -2.4865899726, 53.094190001900003 ], [ -2.4874799467, 53.092720019200002 ], [ -2.4896500484, 53.0913799836 ], [ -2.492460165, 53.088339950600002 ], [ -2.5002500113, 53.083579994700003 ], [ -2.5023500087, 53.082489995 ], [ -2.506490036, 53.080449991 ], [ -2.5121800344, 53.077979989100001 ], [ -2.5179900101, 53.073889989400001 ], [ -2.5147300324, 53.0701099881 ], [ -2.51348004, 53.0695199882 ], [ -2.5128400445, 53.068839987399997 ], [ -2.513670037, 53.067409988 ], [ -2.5144100354, 53.065799987600002 ], [ -2.5099700809, 53.064739985400003 ], [ -2.5055300805, 53.063869986599997 ], [ -2.50292004, 53.063409988 ], [ -2.5005998756, 53.063311692100001 ], [ -2.4989408921, 53.063019311200001 ], [ -2.4938030951, 53.062908833100003 ], [ -2.4914600729, 53.062158097500003 ], [ -2.4894966031, 53.061489949600002 ], [ -2.4882200981, 53.060333967 ], [ -2.4866901934, 53.0596116778 ], [ -2.4861368742, 53.059503245599998 ], [ -2.4835937848, 53.059779026900003 ], [ -2.4804868768, 53.060549417700003 ], [ -2.4771965896, 53.060599579600002 ], [ -2.4752911968, 53.0601446266 ], [ -2.4757512058, 53.050417476299998 ], [ -2.4761040471, 53.042955063400001 ], [ -2.4754503239, 53.0186313799 ], [ -2.4637700003, 53.019589998800001 ], [ -2.4576999866, 53.030160006800003 ], [ -2.4538900206, 53.033939987899998 ], [ -2.4512786798, 53.034480120200001 ], [ -2.4488384073, 53.032378338900003 ], [ -2.4467320988, 53.031022355899999 ], [ -2.4441289492, 53.0280009138 ], [ -2.441166504, 53.025316111199999 ], [ -2.433806608, 53.0211784615 ], [ -2.4300099927, 53.022650000500001 ], [ -2.4223886471, 53.016184523500002 ], [ -2.4176775611, 53.005531029300002 ], [ -2.4172476093, 53.003632204399999 ], [ -2.4184290379, 53.0023515643 ], [ -2.4171979696, 52.998672076399998 ], [ -2.4162862828, 52.998159241899998 ], [ -2.414144956, 52.9938836878 ], [ -2.4121601867, 52.991578063799999 ], [ -2.4105277752, 52.988318178699998 ], [ -2.4092967868, 52.989186502800003 ], [ -2.4080456438, 52.989699740600003 ], [ -2.406237435, 52.990640315100002 ], [ -2.4048988913, 52.991748296700003 ], [ -2.4053542449, 52.992594752700001 ], [ -2.4059350634, 52.993674409400001 ], [ -2.4056556043, 52.994283449500003 ], [ -2.4064698306, 52.994668441800002 ], [ -2.4074025123, 52.995751836099998 ], [ -2.404360539, 52.995847694299997 ], [ -2.4026028593, 52.995283635 ], [ -2.3997525565, 52.995327157399998 ], [ -2.397864758, 52.995373371 ], [ -2.3962242396, 52.995425066199999 ], [ -2.3916840984, 52.996247146199998 ], [ -2.3907825884, 52.996071221299999 ], [ -2.3891751843, 52.995647193400004 ], [ -2.389051338, 52.996330107799999 ], [ -2.388206213, 52.996180930599998 ], [ -2.3869893207, 52.996652867199998 ], [ -2.3856512264, 52.9967981864 ], [ -2.3847872588, 52.997513237299998 ], [ -2.3810798961, 52.998535649099999 ], [ -2.3799657327, 53.000476931400001 ], [ -2.3804298762, 53.002526902200003 ], [ -2.3803555244, 53.004101032900003 ], [ -2.3803105641, 53.005052874199997 ], [ -2.3808841501, 53.0058135174 ], [ -2.3827957371, 53.007720834799997 ], [ -2.3812751903, 53.008543650299998 ], [ -2.3794747223, 53.009411722700001 ], [ -2.3780759876, 53.010397890199997 ], [ -2.3754500509, 53.010682979599999 ], [ -2.3732700844, 53.011862541699998 ], [ -2.3730166377, 53.013125259500001 ], [ -2.3717431032, 53.014389313099997 ], [ -2.3812549862, 53.023877252600002 ], [ -2.3848853449, 53.026214706799998 ], [ -2.3802078464, 53.027503801100003 ], [ -2.3813291476, 53.028622046 ], [ -2.3822086112, 53.031248883799996 ], [ -2.3841048314, 53.031390054399999 ], [ -2.3864046655, 53.033231181200001 ], [ -2.3856027765, 53.033894291099998 ], [ -2.3849945183, 53.034187383400003 ], [ -2.3846602164, 53.034915256 ], [ -2.3851061142, 53.035272192599997 ], [ -2.3841893186, 53.0365502621 ], [ -2.3839883754, 53.0377576148 ], [ -2.3839883787, 53.0400590737 ], [ -2.3845666716, 53.040521939400001 ], [ -2.3841579406, 53.041411741300003 ], [ -2.383334261, 53.041992045299999 ], [ -2.3827148099, 53.043340525600001 ], [ -2.3834129224, 53.0449179927 ], [ -2.3794011245, 53.046162600499997 ], [ -2.3741617444, 53.052304577800001 ], [ -2.3689500066, 53.060919994 ], [ -2.3766200114, 53.063529990900001 ], [ -2.3820600162, 53.068139991800003 ], [ -2.3909545788, 53.073134911899999 ], [ -2.3920002577, 53.072706789400002 ], [ -2.3944858205, 53.072909305899998 ], [ -2.3966701269, 53.072956263899997 ], [ -2.3996871139, 53.071845588899997 ], [ -2.4038838083, 53.072008391600001 ], [ -2.409622396, 53.071432801 ], [ -2.4229100059, 53.070099990300001 ], [ -2.4275500052, 53.070279989799999 ], [ -2.4351000073, 53.082009993500002 ], [ -2.4369500038, 53.087189996 ], [ -2.4382000051, 53.088879996300001 ], [ -2.4395100132, 53.091489992200003 ], [ -2.4395100155, 53.094659992300002 ], [ -2.4375200143, 53.095429992600003 ], [ -2.437210013, 53.096069994 ], [ -2.4372500129, 53.096669993399999 ], [ -2.4375900121, 53.097119994800003 ], [ -2.4386600105, 53.098249995499998 ], [ -2.4397700113, 53.101069997300002 ], [ -2.4434500135, 53.100309996299998 ], [ -2.4453400148, 53.100389996700002 ], [ -2.4470500147, 53.100839995 ], [ -2.453150009, 53.101969993899999 ], [ -2.4590699963, 53.1024099941 ] ] ] } },
{ "type": "Feature", "properties": { "ODSCode": "N81085", "Name": "PARK LANE SURGERY", "ICBCode": "QYG", "Region": "Y62", "stroke.opacity": "1.0", "stroke.width": "2.0", "fill.opacity": "0", "OBJECTID": 1823, "stroke": "#0000ff", "fill": "#555555" }, "geometry": { "type": "Polygon", "coordinates": [ [ [ -2.1712600105, 53.228159997600002 ], [ -2.1302200131, 53.220939988 ], [ -2.1285600113, 53.222109988600003 ], [ -2.1271600126, 53.2214599888 ], [ -2.1254100113, 53.221649988800003 ], [ -2.1213600121, 53.221929989700001 ], [ -2.1028500034, 53.231729987400001 ], [ -2.0860700395, 53.241619975900001 ], [ -2.0767600163, 53.253709986399997 ], [ -2.0684300094, 53.260750019600003 ], [ -2.0730700012, 53.282719987299998 ], [ -2.1042700029, 53.298059991599999 ], [ -2.1360500136, 53.296309982899999 ], [ -2.1655800103, 53.291209984600002 ], [ -2.1721200208, 53.274199988699998 ], [ -2.1927200258, 53.260209993300002 ], [ -2.1906100253, 53.242319992500001 ], [ -2.1712600105, 53.228159997600002 ] ] ] } },
{ "type": "Feature", "properties": { "ODSCode": "N81086", "Name": "WILMSLOW HEALTH CENTRE", "ICBCode": "QYG", "Region": "Y62", "stroke.opacity": "1.0", "stroke.width": "2.0", "fill.opacity": "0", "OBJECTID": 5582, "stroke": "#0000ff", "fill": "#555555" }, "geometry": { "type": "Polygon", "coordinates": [ [ [ -2.3418049987, 53.358328982099998 ], [ -2.3600010009, 53.334553988300001 ], [ -2.349358017, 53.314047990299997 ], [ -2.3091890085, 53.293120994399999 ], [ -2.2336580011, 53.265408988700003 ], [ -2.1474840152, 53.291478981499999 ], [ -2.1330640176, 53.3236869841 ], [ -2.1522900013, 53.348491993099998 ], [ -2.2168350122, 53.368776988 ], [ -2.2494510072, 53.364679988 ], [ -2.2755430242, 53.3673429993 ], [ -2.2899630471, 53.373078995 ], [ -2.3088460089, 53.3579189883 ], [ -2.3418049987, 53.358328982099998 ] ] ] } },
{ "type": "Feature", "properties": { "ODSCode": "N81087", "Name": "DANEBRIDGE MEDICAL CENTRE", "ICBCode": "QYG", "Region": "Y62", "stroke.opacity": "1.0", "stroke.width": "2.0", "fill.opacity": "0", "OBJECTID": 1915, "stroke": "#0000ff", "fill": "#555555" }, "geometry": { "type": "Polygon", "coordinates": [ [ [ -2.5340699496, 53.271059988300003 ], [ -2.5385298989, 53.270139972899997 ], [ -2.5448799785, 53.266549983 ], [ -2.5443599975, 53.255459980600001 ], [ -2.5473700066, 53.253299980199998 ], [ -2.5520900138, 53.253509980499999 ], [ -2.5601600117, 53.251249984899999 ], [ -2.5646200088, 53.249809988800003 ], [ -2.5701100082, 53.248269992499999 ], [ -2.5774100112, 53.249039988699998 ], [ -2.585740015, 53.249189986099999 ], [ -2.5935500048, 53.249709983400002 ], [ -2.6003299744, 53.2518599685 ], [ -2.6061599871, 53.252269976800001 ], [ -2.6137199966, 53.252479983900002 ], [ -2.6189700035, 53.252939990400002 ], [ -2.6221200045, 53.252659990799998 ], [ -2.6242000037, 53.252209991199997 ], [ -2.625780005, 53.2512499905 ], [ -2.6271600037, 53.2502199909 ], [ -2.627169999, 53.248579987900001 ], [ -2.6261499937, 53.2469299861 ], [ -2.6237599935, 53.245909984400001 ], [ -2.6214399998, 53.242049984600001 ], [ -2.6151800066, 53.240259985199998 ], [ -2.6093000111, 53.239589987099997 ], [ -2.6051300211, 53.238299989600002 ], [ -2.6123400237, 53.235579989800001 ], [ -2.6145700283, 53.233829991599997 ], [ -2.6150000223, 53.233189992200003 ], [ -2.6150000205, 53.232789992100003 ], [ -2.6166800176, 53.231609992 ], [ -2.6179200155, 53.231009992099999 ], [ -2.6184100133, 53.229969991799997 ], [ -2.6187400137, 53.229979992200001 ], [ -2.6188900116, 53.229849992 ], [ -2.6189100112, 53.229349991399999 ], [ -2.6197500099, 53.2289499906 ], [ -2.6200700092, 53.228149991599999 ], [ -2.6209000047, 53.226639992199999 ], [ -2.6207500024, 53.225989991900001 ], [ -2.6202900089, 53.225049991299997 ], [ -2.6201800161, 53.224109989900001 ], [ -2.6191200155, 53.223329991100002 ], [ -2.6182000129, 53.222479991199997 ], [ -2.6152500099, 53.220369990800002 ], [ -2.6165100057, 53.2180599908 ], [ -2.6256500002, 53.207160027199997 ], [ -2.6298500044, 53.200789989 ], [ -2.6071900104, 53.197400009900001 ], [ -2.5946600076, 53.198420016900002 ], [ -2.5614500101, 53.209479988299996 ], [ -2.5193000131, 53.214869992899999 ], [ -2.4623100258, 53.229669984200001 ], [ -2.4673700038, 53.2397399906 ], [ -2.4701900557, 53.243749976700002 ], [ -2.4717700272, 53.248579984899997 ], [ -2.4736500132, 53.250579988299997 ], [ -2.4713700149, 53.250549986099998 ], [ -2.4698600139, 53.250939985099997 ], [ -2.4699100131, 53.250959985100003 ], [ -2.4689200116, 53.251299982600003 ], [ -2.4683200123, 53.251349982 ], [ -2.4668599983, 53.252839978700003 ], [ -2.4669499986, 53.252989978 ], [ -2.465359998, 53.253989979700002 ], [ -2.4594100002, 53.253929978800002 ], [ -2.4560500033, 53.253659978 ], [ -2.451070008, 53.254069979299999 ], [ -2.4381900119, 53.256149994600001 ], [ -2.4298700088, 53.256999997800001 ], [ -2.4335600144, 53.261349998199996 ], [ -2.4381900145, 53.264699993699999 ], [ -2.4400400128, 53.266679992699999 ], [ -2.4418800172, 53.2691099902 ], [ -2.4509800212, 53.274039985400002 ], [ -2.463000007, 53.274449993499999 ], [ -2.4842800223, 53.272399995400001 ], [ -2.4870300153, 53.273839994399999 ], [ -2.4957800069, 53.272499992299998 ], [ -2.4981900082, 53.273939990199999 ], [ -2.5021399844, 53.272659989899999 ], [ -2.5055699774, 53.272909989299997 ], [ -2.5110599594, 53.27224999 ], [ -2.5168099472, 53.271009994099998 ], [ -2.5261699699, 53.270759992899997 ], [ -2.5277099877, 53.272399991199997 ], [ -2.5340699496, 53.271059988300003 ] ] ] } },
{ "type": "Feature", "properties": { "ODSCode": "N81088", "Name": "PARK GREEN SURGERY", "ICBCode": "QYG", "Region": "Y62", "stroke.opacity": "1.0", "stroke.width": "2.0", "fill.opacity": "0", "OBJECTID": 5583, "stroke": "#0000ff", "fill": "#555555" }, "geometry": { "type": "Polygon", "coordinates": [ [ [ -2.1683400127, 53.293029985300002 ], [ -2.2024200135, 53.2878499925 ], [ -2.2017300109, 53.260699987599999 ], [ -2.2076500335, 53.2373799951 ], [ -2.1813000137, 53.2153899853 ], [ -2.1320300082, 53.197289988800001 ], [ -2.0580500153, 53.199759987599997 ], [ -2.0341900194, 53.240049988 ], [ -2.0427700079, 53.2526899876 ], [ -2.0649100034, 53.261110024899999 ], [ -2.0636300086, 53.285079986200003 ], [ -2.0858600084, 53.2983099952 ], [ -2.105000004, 53.2995899915 ], [ -2.1307500104, 53.295179985399997 ], [ -2.1522900153, 53.294459987099998 ], [ -2.16319001, 53.293899986200003 ], [ -2.1683400127, 53.293029985300002 ] ] ] } },
{ "type": "Feature", "properties": { "ODSCode": "N81089", "Name": "GREENBANK SURGERY", "ICBCode": "QYG", "Region": "Y62", "stroke.opacity": "1.0", "stroke.width": "2.0", "fill.opacity": "0", "OBJECTID": 713, "stroke": "#0000ff", "fill": "#555555" }, "geometry": { "type": "Polygon", "coordinates": [ [ [ -2.6322600635, 53.4181300053 ], [ -2.6236700135, 53.388859994100002 ], [ -2.6260800116, 53.384149989699999 ], [ -2.5962100556, 53.369200001800003 ], [ -2.5838499382, 53.368379989399997 ], [ -2.5817899539, 53.370629987 ], [ -2.5697699919, 53.3702199871 ], [ -2.5632499747, 53.3730899818 ], [ -2.5539799591, 53.373089979900001 ], [ -2.5433299952, 53.375139992500003 ], [ -2.5361300017, 53.379229996200003 ], [ -2.5206800177, 53.379439992800002 ], [ -2.5048800113, 53.390089992699998 ], [ -2.5134699899, 53.401749973 ], [ -2.5254799961, 53.408509979800002 ], [ -2.5374999126, 53.413619926199999 ], [ -2.5567199911, 53.426309964200001 ], [ -2.5752600071, 53.423649983799997 ], [ -2.6047899983, 53.422629992799997 ], [ -2.6322600635, 53.4181300053 ] ] ] } },
{ "type": "Feature", "properties": { "ODSCode": "N81090", "Name": "TUDOR SURGERY", "ICBCode": "QYG", "Region": "Y62", "stroke.opacity": "1.0", "stroke.width": "2.0", "fill.opacity": "0", "OBJECTID": 898, "stroke": "#0000ff", "fill": "#555555" }, "geometry": { "type": "Polygon", "coordinates": [ [ [ -2.5035102601, 53.098327871599999 ], [ -2.5079084078, 53.099931813399998 ], [ -2.5129510512, 53.104227970399997 ], [ -2.5135950087, 53.122542989700001 ], [ -2.5247960171, 53.130499975200003 ], [ -2.5407600156, 53.138841960699999 ], [ -2.554664926, 53.1364729947 ], [ -2.5720020045, 53.138635989599997 ], [ -2.5691699992, 53.133331991200002 ], [ -2.5702860062, 53.1280799914 ], [ -2.5798130211, 53.1187569887 ], [ -2.571917009, 53.113141987799999 ], [ -2.5884000105, 53.113139992400001 ], [ -2.5946620141, 53.104794989399998 ], [ -2.5992970067, 53.099486989200003 ], [ -2.607019988, 53.093459997700002 ], [ -2.6174900183, 53.087579990400002 ], [ -2.6173210132, 53.0752069973 ], [ -2.6133730081, 53.072215993699999 ], [ -2.6147500069, 53.068659990199997 ], [ -2.6000700045, 53.0652499961 ], [ -2.5870200158, 53.040339988299998 ], [ -2.5863360134, 53.037496986 ], [ -2.5807570048, 53.032593974800001 ], [ -2.5753500021, 53.029909959500003 ], [ -2.5735469991, 53.027818948099998 ], [ -2.5723890029, 53.027018949499997 ], [ -2.5705860086, 53.026476962899999 ], [ -2.5684830144, 53.025934976099997 ], [ -2.5662950133, 53.025754984099997 ], [ -2.5598999965, 53.0267609761 ], [ -2.5302890465, 53.035948991700003 ], [ -2.4835999999, 53.033419987599999 ], [ -2.4672890123, 53.036671990400002 ], [ -2.4525260158, 53.041805990500002 ], [ -2.4498650218, 53.044721980699997 ], [ -2.447119068, 53.047430957 ], [ -2.4444151664, 53.059399915100002 ], [ -2.466600012, 53.077629989899997 ], [ -2.4719201259, 53.083249935399998 ], [ -2.4730401772, 53.083713912199997 ], [ -2.4747562869, 53.084719860500002 ], [ -2.4766024262, 53.085982797200003 ], [ -2.4779755081, 53.086755758899997 ], [ -2.4791344823, 53.087863770399998 ], [ -2.48085041, 53.089229803099997 ], [ -2.4885699484, 53.092070023600002 ], [ -2.5035102601, 53.098327871599999 ] ] ] } },
{ "type": "Feature", "properties": { "ODSCode": "N81092", "Name": "HOPE FARM MEDICAL CENTRE", "ICBCode": "QYG", "Region": "Y62", "stroke.opacity": "1.0", "stroke.width": "2.0", "fill.opacity": "0", "OBJECTID": 4870, "stroke": "#0000ff", "fill": "#555555" }, "geometry": { "type": "Polygon", "coordinates": [ [ [ -2.9451900066, 53.300289980599999 ], [ -2.9525800141, 53.296209982800001 ], [ -2.9546400178, 53.2925199855 ], [ -2.96013001, 53.2927199903 ], [ -2.9675100018, 53.279999992400001 ], [ -2.9645920038, 53.278660994699997 ], [ -2.9625320091, 53.276915993400003 ], [ -2.9572110101, 53.273220987899997 ], [ -2.9525760052, 53.268087986300003 ], [ -2.9489710044, 53.265520989 ], [ -2.9422760035, 53.260489994 ], [ -2.9398730036, 53.257613992 ], [ -2.9376410028, 53.2557659904 ], [ -2.9352379977, 53.253095989800002 ], [ -2.9311180141, 53.249911987 ], [ -2.9192700062, 53.253869983900003 ], [ -2.9123200157, 53.255769980700002 ], [ -2.9052000195, 53.257199984499998 ], [ -2.8985900074, 53.258409977 ], [ -2.8918100361, 53.259209981799998 ], [ -2.887770044, 53.259299983 ], [ -2.8837400475, 53.259799985400001 ], [ -2.8767000259, 53.262439987699999 ], [ -2.8778999909, 53.268549987100002 ], [ -2.8790999956, 53.271859987600003 ], [ -2.881509998, 53.273839985499997 ], [ -2.8841700017, 53.276689983499999 ], [ -2.8851100064, 53.279639987899998 ], [ -2.8867400098, 53.282479992600003 ], [ -2.8894000109, 53.284719995700002 ], [ -2.9048500019, 53.29209999 ], [ -2.9120599993, 53.296409983700002 ], [ -2.9143200017, 53.297159981699998 ], [ -2.9171400068, 53.297719994099999 ], [ -2.9201700071, 53.297749993499998 ], [ -2.9249800016, 53.296439982499997 ], [ -2.9305999965, 53.295179975300002 ], [ -2.9345900049, 53.29551999 ], [ -2.9385000055, 53.296819987600003 ], [ -2.941930007, 53.2990799827 ], [ -2.9427100078, 53.299489982399997 ], [ -2.9432600076, 53.300029981100003 ], [ -2.9440400074, 53.300489980899997 ], [ -2.9451900066, 53.300289980599999 ] ] ] } },
{ "type": "Feature", "properties": { "ODSCode": "N81093", "Name": "WHITBY HEALTH PARTNERSHIP", "ICBCode": "QYG", "Region": "Y62", "stroke.opacity": "1.0", "stroke.width": "2.0", "fill.opacity": "0", "OBJECTID": 2299, "stroke": "#0000ff", "fill": "#555555" }, "geometry": { "type": "Polygon", "coordinates": [ [ [ -2.9364400021, 53.3126199851 ], [ -2.9589300121, 53.306059986800001 ], [ -2.9704300138, 53.303799985399998 ], [ -2.985530008, 53.300109991 ], [ -2.9954900091, 53.294570007499999 ], [ -3.0088800128, 53.286969988099997 ], [ -3.0178099993, 53.280819993 ], [ -2.9855300064, 53.263569989099999 ], [ -2.9724900014, 53.257409993099998 ], [ -2.9601300086, 53.245079993200001 ], [ -2.9402200161, 53.232349992300001 ], [ -2.910350001, 53.211999990899997 ], [ -2.9076000034, 53.219599986200002 ], [ -2.9082000059, 53.223759984899999 ], [ -2.9092700059, 53.226509986300002 ], [ -2.9090400061, 53.228709987199998 ], [ -2.9080300058, 53.230239988400001 ], [ -2.9055400059, 53.23172999 ], [ -2.9046800051, 53.232399991599998 ], [ -2.8997000018, 53.232469993499997 ], [ -2.9045100091, 53.238919993400003 ], [ -2.9106900136, 53.244669983599998 ], [ -2.9134400134, 53.248369974900001 ], [ -2.8916399995, 53.251449982899999 ], [ -2.8785000021, 53.2513499919 ], [ -2.8640000147, 53.248779993100001 ], [ -2.8519800227, 53.249239980200002 ], [ -2.8403100546, 53.252169987800002 ], [ -2.8173100108, 53.261929994399999 ], [ -2.8022000079, 53.266439994499997 ], [ -2.7900100031, 53.271059996399998 ], [ -2.8205700072, 53.290359988900001 ], [ -2.8392799605, 53.288209990399999 ], [ -2.8470899705, 53.286049988899997 ], [ -2.8579899924, 53.286559991899999 ], [ -2.8763600093, 53.286969997500002 ], [ -2.8909500086, 53.288919997199997 ], [ -2.9024500067, 53.295899994199999 ], [ -2.9122400106, 53.301389988300002 ], [ -2.9237400047, 53.305849976200001 ], [ -2.9364400021, 53.3126199851 ] ] ] } },
{ "type": "Feature", "properties": { "ODSCode": "N81096", "Name": "BROOKVALE PRACTICE", "ICBCode": "QYG", "Region": "Y62", "stroke.opacity": "1.0", "stroke.width": "2.0", "fill.opacity": "0", "OBJECTID": 3370, "stroke": "#0000ff", "fill": "#555555" }, "geometry": { "type": "Polygon", "coordinates": [ [ [ -2.7030550677, 53.312307323600002 ], [ -2.7023370819, 53.311967613900002 ], [ -2.7002011774, 53.310743261 ], [ -2.6992892685, 53.310057364 ], [ -2.6987530542, 53.309127858399997 ], [ -2.6986777327, 53.308512453200002 ], [ -2.6988869798, 53.307820109 ], [ -2.6992732194, 53.307255968200003 ], [ -2.7000672597, 53.306541168800003 ], [ -2.6965646158, 53.308621451400001 ], [ -2.6900834273, 53.312608600899999 ], [ -2.6892043246, 53.312467578800003 ], [ -2.6854062073, 53.311865067600003 ], [ -2.6828751837, 53.311557415899998 ], [ -2.6803534411, 53.312480439200002 ], [ -2.6766297309, 53.312826567199998 ], [ -2.6741194904, 53.313121417200001 ], [ -2.6728103021, 53.313198334900001 ], [ -2.6715550134, 53.313147058699997 ], [ -2.67173755, 53.315108394699998 ], [ -2.6717590209, 53.315364785900002 ], [ -2.6719951036, 53.316114681599998 ], [ -2.672113231, 53.317063258200001 ], [ -2.6716411419, 53.3175503529 ], [ -2.6708475049, 53.317806725700002 ], [ -2.6710998006, 53.3189507381 ], [ -2.6725540607, 53.320427969699999 ], [ -2.6734554268, 53.320402393899997 ], [ -2.6780799499, 53.3236002294 ], [ -2.6733903381, 53.326003226700003 ], [ -2.6720066774, 53.326246754700001 ], [ -2.6700105779, 53.324997221399997 ], [ -2.6685403216, 53.3259199592 ], [ -2.6673383674, 53.326663258400004 ], [ -2.6668446956, 53.326977234799998 ], [ -2.6665339425, 53.327182287900001 ], [ -2.666319593, 53.327329666300002 ], [ -2.6660944047, 53.327451412400002 ], [ -2.6645704959, 53.328752157700002 ], [ -2.6632934543, 53.329790142299998 ], [ -2.6629718181, 53.330104108299999 ], [ -2.6624138164, 53.330655126499998 ], [ -2.6614694443, 53.3317443181 ], [ -2.6609007041, 53.3323786037 ], [ -2.6604285577, 53.3328719326 ], [ -2.6597418584, 53.333647149599997 ], [ -2.6585624076, 53.334768379099998 ], [ -2.6571033099, 53.335972807399997 ], [ -2.6546140751, 53.337561562700003 ], [ -2.6544424627, 53.339252763399998 ], [ -2.6530699652, 53.342096883899998 ], [ -2.6524267285, 53.345837537 ], [ -2.6490994955, 53.348745265700003 ], [ -2.6565899719, 53.348860015100001 ], [ -2.65928996, 53.348400025 ], [ -2.663619679, 53.346913554499999 ], [ -2.6673200002, 53.345989998500002 ], [ -2.6700600031, 53.345199998600002 ], [ -2.6698486544, 53.3442438915 ], [ -2.6700200043, 53.3440699991 ], [ -2.6698812405, 53.343808021100003 ], [ -2.6693343519, 53.342071274200002 ], [ -2.6692486142, 53.340232855700002 ], [ -2.6684116718, 53.340104739799997 ], [ -2.6679932854, 53.339951002399999 ], [ -2.6677143851, 53.339444937899998 ], [ -2.6673599202, 53.338061291300001 ], [ -2.6675744861, 53.337471925199999 ], [ -2.6680896739, 53.3362547519 ], [ -2.6676820268, 53.335960059599998 ], [ -2.6665014572, 53.335601280100001 ], [ -2.6665875166, 53.334640264900003 ], [ -2.6669526577, 53.333871441200003 ], [ -2.6669735261, 53.333064273600002 ], [ -2.6681006409, 53.331430404599999 ], [ -2.6680899267, 53.330885796700002 ], [ -2.6693764011, 53.331167754900001 ], [ -2.6717801709, 53.331654656399998 ], [ -2.6737974336, 53.3318212402 ], [ -2.6742267608, 53.331795614500003 ], [ -2.674505668, 53.331603403400003 ], [ -2.6751494642, 53.331500894199998 ], [ -2.675621744, 53.331513771300003 ], [ -2.6777030603, 53.331513771700003 ], [ -2.6784105076, 53.331488135400001 ], [ -2.6790327977, 53.331577815599999 ], [ -2.6794837889, 53.3315905304 ], [ -2.6798486647, 53.3315777133 ], [ -2.6800632178, 53.331475196200003 ], [ -2.6804067393, 53.331462377599998 ], [ -2.6807716753, 53.331462356800003 ], [ -2.6812652256, 53.331487981400002 ], [ -2.6815656275, 53.331475169900003 ], [ -2.6823597473, 53.331321405300002 ], [ -2.6830885684, 53.331398307800001 ], [ -2.6839039426, 53.331295780200001 ], [ -2.6856209171, 53.327336071799998 ], [ -2.688796947, 53.327835914399998 ], [ -2.691456646, 53.328681707800001 ], [ -2.6930229721, 53.328784234600001 ], [ -2.6944822017, 53.328886766300002 ], [ -2.6952118949, 53.329155876100003 ], [ -2.6960919235, 53.329463422800004 ], [ -2.6969074001, 53.329758142199999 ], [ -2.6979590122, 53.329963171499998 ], [ -2.6983668049, 53.330181017 ], [ -2.6990103539, 53.330539816600002 ], [ -2.7003836208, 53.330565441899999 ], [ -2.7013492397, 53.330552627 ], [ -2.7021199884, 53.330769988900002 ], [ -2.7023039615, 53.330637616700002 ], [ -2.7038470671, 53.330510777699999 ], [ -2.7041035475, 53.330642793099997 ], [ -2.7041047661, 53.330604796400003 ], [ -2.7042651751, 53.330457690499998 ], [ -2.7040096131, 53.331270207099998 ], [ -2.7039668712, 53.331359906700001 ], [ -2.7039237764, 53.331552112300002 ], [ -2.703902228, 53.331744316799998 ], [ -2.7039233794, 53.331731506499999 ], [ -2.7039883779, 53.331987808 ], [ -2.7042238283, 53.332795046900003 ], [ -2.7042887966, 53.333679242199999 ], [ -2.7046100161, 53.335019988699997 ], [ -2.7044605311, 53.335357784800003 ], [ -2.7043744288, 53.3357806084 ], [ -2.7045030726, 53.335959989099997 ], [ -2.7046532829, 53.336139365500003 ], [ -2.704417146, 53.336767175200002 ], [ -2.7044169783, 53.33698498 ], [ -2.7042448657, 53.337318089900002 ], [ -2.7036880059, 53.338599326199997 ], [ -2.703193102, 53.3401879233 ], [ -2.7034505826, 53.340866919699998 ], [ -2.7043745256, 53.3412256891 ], [ -2.7091384232, 53.341789311699998 ], [ -2.7127657018, 53.341571537599997 ], [ -2.7169080018, 53.340995035799999 ], [ -2.7206208696, 53.34090535 ], [ -2.7217984205, 53.340738906299997 ], [ -2.7229811665, 53.340251951100001 ], [ -2.7257281445, 53.338983604799999 ], [ -2.725834874, 53.3366646156 ], [ -2.7216911192, 53.3342686672 ], [ -2.717613729, 53.3329168223 ], [ -2.7105095491, 53.330757659299998 ], [ -2.7108531424, 53.3283997614 ], [ -2.711733936, 53.327733353399999 ], [ -2.7185999568, 53.327769965100003 ], [ -2.7219923685, 53.326695281500001 ], [ -2.7208764382, 53.3260416838 ], [ -2.7197604224, 53.325349630600002 ], [ -2.7191167636, 53.324747259900001 ], [ -2.7184522794, 53.323760387199997 ], [ -2.7180015603, 53.323042668900001 ], [ -2.7175507636, 53.322440265700003 ], [ -2.7162520809, 53.3207259685 ], [ -2.7146636875, 53.319255170600002 ], [ -2.7142183878, 53.318928311299999 ], [ -2.7134942532, 53.318338683500002 ], [ -2.7113163024, 53.317063259800001 ], [ -2.7095465219, 53.316012107200002 ], [ -2.7070248127, 53.314576388699997 ], [ -2.7063165977, 53.314178987799998 ], [ -2.7053081154, 53.313595706100003 ], [ -2.7038489726, 53.312788063600003 ], [ -2.7030550677, 53.312307323600002 ] ] ] } },
{ "type": "Feature", "properties": { "ODSCode": "N81097", "Name": "DALLAM LANE MEDICAL CENTRE", "ICBCode": "QYG", "Region": "Y62", "stroke.opacity": "1.0", "stroke.width": "2.0", "fill.opacity": "0", "OBJECTID": 5415, "stroke": "#0000ff", "fill": "#555555" }, "geometry": { "type": "Polygon", "coordinates": [ [ [ -2.5872939966, 53.422217988600003 ], [ -2.6078800022, 53.420989990499997 ], [ -2.6648699579, 53.414029988800003 ], [ -2.6834099878, 53.395199988400002 ], [ -2.6779200234, 53.380049976700001 ], [ -2.6657300028, 53.373599995399999 ], [ -2.6621239916, 53.374419998699999 ], [ -2.6580000024, 53.3755459964 ], [ -2.6422069746, 53.3780040077 ], [ -2.6291630324, 53.380870991199998 ], [ -2.6161180457, 53.382099993200001 ], [ -2.611997018, 53.364484991200001 ], [ -2.5982580631, 53.361616003499996 ], [ -2.5858921012, 53.362436023599997 ], [ -2.5646159661, 53.3595680062 ], [ -2.558434961, 53.366942980099999 ], [ -2.5364570083, 53.369810993900003 ], [ -2.495960012, 53.369809992599997 ], [ -2.5110580189, 53.3767749911 ], [ -2.5035100094, 53.385379992 ], [ -2.529602011, 53.389470990500001 ], [ -2.555674974, 53.393156984100003 ], [ -2.5124399905, 53.401339976099997 ], [ -2.5206729992, 53.409531978799997 ], [ -2.5344059756, 53.410759966500002 ], [ -2.539899938, 53.416488961200002 ], [ -2.5515730174, 53.420990979099997 ], [ -2.5598129988, 53.4250829665 ], [ -2.5742390084, 53.425491980300002 ], [ -2.5872939966, 53.422217988600003 ] ] ] } },
{ "type": "Feature", "properties": { "ODSCode": "N81100", "Name": "UPTON VILLAGE SURGERY", "ICBCode": "QYG", "Region": "Y62", "stroke.opacity": "1.0", "stroke.width": "2.0", "fill.opacity": "0", "OBJECTID": 751, "stroke": "#0000ff", "fill": "#555555" }, "geometry": { "type": "Polygon", "coordinates": [ [ [ -2.9500000158, 53.239539984300002 ], [ -2.9453700155, 53.235019988300003 ], [ -2.9395300145, 53.229879992299999 ], [ -2.9355800103, 53.226689989199997 ], [ -2.930600011, 53.223709984800003 ], [ -2.9282000138, 53.223709984400003 ], [ -2.91344, 53.214869989699999 ], [ -2.9072100065, 53.210119992199999 ], [ -2.9052000075, 53.207259992700003 ], [ -2.9035700072, 53.205769994500002 ], [ -2.9017600058, 53.204509995700001 ], [ -2.8935199632, 53.195749987500001 ], [ -2.8866599645, 53.195129985 ], [ -2.8825399672, 53.193279987899999 ], [ -2.8712099783, 53.192049988599997 ], [ -2.8543899705, 53.193899987099996 ], [ -2.8131900008, 53.198829993 ], [ -2.8434000079, 53.235529991699998 ], [ -2.8557600263, 53.246369984600001 ], [ -2.8634800161, 53.249489991600001 ], [ -2.8756700032, 53.2511699935 ], [ -2.8883700018, 53.251309985399999 ], [ -2.9019400235, 53.249809976800002 ], [ -2.9091400161, 53.248379976599999 ], [ -2.9189300139, 53.2456999841 ], [ -2.9282000224, 53.243649988 ], [ -2.9367800106, 53.243649994899997 ], [ -2.9436500083, 53.242209986 ], [ -2.9500000158, 53.239539984300002 ] ] ] } },
{ "type": "Feature", "properties": { "ODSCode": "N81101", "Name": "THE HANDBRIDGE MED.CTR.", "ICBCode": "QYG", "Region": "Y62", "stroke.opacity": "1.0", "stroke.width": "2.0", "fill.opacity": "0", "OBJECTID": 4626, "stroke": "#0000ff", "fill": "#555555" }, "geometry": { "type": "Polygon", "coordinates": [ [ [ -2.9330100088, 53.177129985100002 ], [ -2.9144699984, 53.156449992 ], [ -2.8753300011, 53.153979991900002 ], [ -2.8739500043, 53.161079990499999 ], [ -2.8797900069, 53.177439990499998 ], [ -2.8772199693, 53.188039996 ], [ -2.8839099786, 53.190609991599999 ], [ -2.916700006, 53.180119992100003 ], [ -2.9330100088, 53.177129985100002 ] ] ] } },
{ "type": "Feature", "properties": { "ODSCode": "N81102", "Name": "FOUNTAINS MEDICAL PRACTICE", "ICBCode": "QYG", "Region": "Y62", "stroke.opacity": "1.0", "stroke.width": "2.0", "fill.opacity": "0", "OBJECTID": 5512, "stroke": "#0000ff", "fill": "#555555" }, "geometry": { "type": "Polygon", "coordinates": [ [ [ -2.9135550664, 53.165664692199996 ], [ -2.9036519993, 53.166069992600001 ], [ -2.8816800029, 53.161593989399996 ], [ -2.867260013, 53.167870990700003 ], [ -2.8618530033, 53.172449992099999 ], [ -2.8522400019, 53.165195995200001 ], [ -2.8348160055, 53.150784986300003 ], [ -2.8213410004, 53.169002986 ], [ -2.8148170144, 53.1732739869 ], [ -2.818937009, 53.181555988600003 ], [ -2.8239150108, 53.185669986599997 ], [ -2.8379060028, 53.1852079839 ], [ -2.8358460145, 53.187932985499998 ], [ -2.8387640125, 53.1924069879 ], [ -2.8400519816, 53.1955439973 ], [ -2.8439999844, 53.197754996900002 ], [ -2.8453730017, 53.207265993699998 ], [ -2.8240009743, 53.2067009975 ], [ -2.8302670203, 53.218573999 ], [ -2.8240870288, 53.224945998199999 ], [ -2.8315540193, 53.225973998900002 ], [ -2.8446010066, 53.221400990600003 ], [ -2.8541280107, 53.216620989100001 ], [ -2.8800636036, 53.233067870500001 ], [ -2.8799630029, 53.233269993 ], [ -2.9004760045, 53.232498993900002 ], [ -2.906141006, 53.231882990499997 ], [ -2.9076860061, 53.230649988700002 ], [ -2.9094030059, 53.227232986099999 ], [ -2.9079440018, 53.2182139875 ], [ -2.9098320015, 53.212765991099999 ], [ -2.9264830122, 53.223301984099997 ], [ -2.9288860137, 53.223918984599997 ], [ -2.9323200096, 53.224431985899997 ], [ -2.9352380101, 53.226384988500001 ], [ -2.9397870146, 53.230032993 ], [ -2.9428770165, 53.232755991300003 ], [ -2.9450230168, 53.2345539887 ], [ -2.9518890196, 53.22921099 ], [ -2.9545500236, 53.230238982300001 ], [ -2.9593560193, 53.227155985300001 ], [ -2.9559230165, 53.226538991200002 ], [ -2.9656220037, 53.218573991699998 ], [ -2.9494000045, 53.211275984399997 ], [ -2.9378129827, 53.197908988800002 ], [ -2.935323968, 53.196109987200003 ], [ -2.9294009854, 53.194412987200003 ], [ -2.922449004, 53.189424988100001 ], [ -2.9201320084, 53.17903499 ], [ -2.9266550024, 53.173170990400003 ], [ -2.9275130005, 53.171523992200001 ], [ -2.9442500051, 53.1652469936 ], [ -2.9136089827, 53.165556001100001 ], [ -2.9135550664, 53.165664692199996 ] ] ] } },
{ "type": "Feature", "properties": { "ODSCode": "N81107", "Name": "MANCHESTER ROAD SURGERY", "ICBCode": "QYG", "Region": "Y62", "stroke.opacity": "1.0", "stroke.width": "2.0", "fill.opacity": "0", "OBJECTID": 834, "stroke": "#0000ff", "fill": "#555555" }, "geometry": { "type": "Polygon", "coordinates": [ [ [ -2.5881696958, 53.368760126399998 ], [ -2.5851769342, 53.368453990200003 ], [ -2.5821299396, 53.369426988100003 ], [ -2.5811859545, 53.370527986699997 ], [ -2.5794563919, 53.3705510988 ], [ -2.5711399805, 53.3702199851 ], [ -2.5646199835, 53.372879984699999 ], [ -2.5607515291, 53.373051327600002 ], [ -2.5602869536, 53.3730109778 ], [ -2.5599669144, 53.373086064200002 ], [ -2.5560041693, 53.373261426500001 ], [ -2.5549649434, 53.373087975799997 ], [ -2.5524759813, 53.373266985500003 ], [ -2.5490429979, 53.373369989799997 ], [ -2.5483474087, 53.373599868900001 ], [ -2.5460799986, 53.373699991899997 ], [ -2.54248025, 53.3757271403 ], [ -2.5391719944, 53.376851994600003 ], [ -2.5368713064, 53.378039428800001 ], [ -2.5333800075, 53.379029997300002 ], [ -2.5307129503, 53.379207048399998 ], [ -2.5262980141, 53.379206995 ], [ -2.5232212933, 53.379704050299999 ], [ -2.5210200165, 53.379849992799997 ], [ -2.5199524064, 53.380232051599997 ], [ -2.5180580183, 53.380537991399997 ], [ -2.5157276192, 53.381743784299999 ], [ -2.5124400154, 53.382919992600002 ], [ -2.5108177627, 53.382408916199999 ], [ -2.5096460143, 53.381382991499997 ], [ -2.5072052273, 53.381270697399998 ], [ -2.5066000098, 53.381079991 ], [ -2.5065280461, 53.381239531699997 ], [ -2.5055270088, 53.381100991099999 ], [ -2.505081348, 53.384446513699999 ], [ -2.5042000102, 53.386399991600001 ], [ -2.5055354405, 53.3889508241 ], [ -2.5056980112, 53.3901879927 ], [ -2.5087020034, 53.396354989 ], [ -2.5105709856, 53.398566434199999 ], [ -2.5110600005, 53.399499985299997 ], [ -2.5119365133, 53.400052862300001 ], [ -2.5157829808, 53.403365962400002 ], [ -2.521705992, 53.406742970899998 ], [ -2.5266106585, 53.4086984152 ], [ -2.5383696194, 53.414087005699997 ], [ -2.5445369512, 53.418381970699997 ], [ -2.5517970214, 53.423318220399999 ], [ -2.5550100008, 53.425699973 ], [ -2.5554483391, 53.425667921799999 ], [ -2.5556519988, 53.425798969100001 ], [ -2.5581445564, 53.425470731300003 ], [ -2.5974079965, 53.422575993800002 ], [ -2.5985240032, 53.418074989499999 ], [ -2.5984693639, 53.417761737699998 ], [ -2.5989499887, 53.416279981800002 ], [ -2.5977149983, 53.413600694300001 ], [ -2.5968929844, 53.409991983300003 ], [ -2.5951526716, 53.407637782400002 ], [ -2.5944900483, 53.396429995299997 ], [ -2.594201028, 53.3962935753 ], [ -2.5941900503, 53.396124995599997 ], [ -2.5894952904, 53.394072196499998 ], [ -2.5863834293, 53.392602986699998 ], [ -2.5863014344, 53.3924582617 ], [ -2.5896343926, 53.387159638200004 ], [ -2.5900270117, 53.386860989500001 ], [ -2.590074254, 53.3864602576 ], [ -2.5903700106, 53.385989989499997 ], [ -2.5982700132, 53.374519994499998 ], [ -2.5962100556, 53.369200001800003 ], [ -2.5881696958, 53.368760126399998 ] ] ] } },
{ "type": "Feature", "properties": { "ODSCode": "N81108", "Name": "THE LAKESIDE SURGERY", "ICBCode": "QYG", "Region": "Y62", "stroke.opacity": "1.0", "stroke.width": "2.0", "fill.opacity": "0", "OBJECTID": 5115, "stroke": "#0000ff", "fill": "#555555" }, "geometry": { "type": "Polygon", "coordinates": [ [ [ -2.5397300033, 53.3454279937 ], [ -2.5035100083, 53.350549986200001 ], [ -2.4739800054, 53.329639991299999 ], [ -2.4420500195, 53.322879986 ], [ -2.4183700091, 53.312009994599997 ], [ -2.4111812216, 53.3306410199 ], [ -2.4035143822, 53.347301632399997 ], [ -2.3902833646, 53.362920053499998 ], [ -2.3861813949, 53.368969333499997 ], [ -2.3850619833, 53.379436953300001 ], [ -2.4014541098, 53.386148364900002 ], [ -2.4084716911, 53.385479312299999 ], [ -2.4147609813, 53.3868089658 ], [ -2.4128062855, 53.3918668305 ], [ -2.4187090101, 53.39428299 ], [ -2.4365263411, 53.399748474 ], [ -2.4453824844, 53.399751023100002 ], [ -2.449398144, 53.39501548 ], [ -2.454414013, 53.400525984399998 ], [ -2.4583630046, 53.4065639887 ], [ -2.4681469661, 53.397762955200001 ], [ -2.5028200097, 53.3901899938 ], [ -2.5821299807, 53.373289985900001 ], [ -2.5711400814, 53.3345599584 ], [ -2.5397300033, 53.3454279937 ] ] ] } },
{ "type": "Feature", "properties": { "ODSCode": "N81109", "Name": "PADGATE MEDICAL CENTRE", "ICBCode": "QYG", "Region": "Y62", "stroke.opacity": "1.0", "stroke.width": "2.0", "fill.opacity": "0", "OBJECTID": 4208, "stroke": "#0000ff", "fill": "#555555" }, "geometry": { "type": "Polygon", "coordinates": [ [ [ -2.5965499966, 53.422629992700003 ], [ -2.5984400027, 53.417919988599998 ], [ -2.5959499631, 53.411269976 ], [ -2.594490004, 53.408919990199998 ], [ -2.5941500441, 53.396939996100002 ], [ -2.5898600365, 53.394439994400003 ], [ -2.5863400257, 53.393639995100003 ], [ -2.5852200096, 53.391619994099997 ], [ -2.5872800099, 53.3879399896 ], [ -2.5899400108, 53.385609989199999 ], [ -2.5891700057, 53.3832799873 ], [ -2.5902000091, 53.384349988499999 ], [ -2.5888300034, 53.381429987 ], [ -2.5855600013, 53.378719985399997 ], [ -2.5797299936, 53.374519986 ], [ -2.4658099162, 53.408495569400003 ], [ -2.4661699977, 53.4092799963 ], [ -2.4590069595, 53.410815540199998 ], [ -2.4562700115, 53.414539990800002 ], [ -2.4697000065, 53.421239992300002 ], [ -2.5068800018, 53.4166299854 ], [ -2.5276700049, 53.424389980299999 ], [ -2.5314900127, 53.428869990199999 ], [ -2.5467700016, 53.443489985 ], [ -2.5721700236, 53.435919973700003 ], [ -2.5570699947, 53.425289963099999 ], [ -2.5965499966, 53.422629992700003 ] ] ] } },
{ "type": "Feature", "properties": { "ODSCode": "N81111", "Name": "MEREPARK MEDICAL CENTRE", "ICBCode": "QYG", "Region": "Y62", "stroke.opacity": "1.0", "stroke.width": "2.0", "fill.opacity": "0", "OBJECTID": 2877, "stroke": "#0000ff", "fill": "#555555" }, "geometry": { "type": "Polygon", "coordinates": [ [ [ -2.2513400058, 53.110509992799997 ], [ -2.224730009, 53.125759987 ], [ -2.2322800101, 53.141419991799999 ], [ -2.2700500028, 53.1385299855 ], [ -2.3112500024, 53.134409988400002 ], [ -2.351070015, 53.126169995 ], [ -2.3466100065, 53.071029991400003 ], [ -2.331680007, 53.068759995400001 ], [ -2.3167400055, 53.072269992899997 ], [ -2.2594100057, 53.071439996 ], [ -2.2666200206, 53.086599991699998 ], [ -2.2479900114, 53.093349998900003 ], [ -2.2403500252, 53.096810002600002 ], [ -2.2362300175, 53.104489995500003 ], [ -2.2513400058, 53.110509992799997 ] ] ] } },
{ "type": "Feature", "properties": { "ODSCode": "N81113", "Name": "MIDDLEWICH ROAD SURGERY", "ICBCode": "QYG", "Region": "Y62", "stroke.opacity": "1.0", "stroke.width": "2.0", "fill.opacity": "0", "OBJECTID": 3846, "stroke": "#0000ff", "fill": "#555555" }, "geometry": { "type": "Polygon", "coordinates": [ [ [ -2.5639300046, 53.289229992700001 ], [ -2.5766400086, 53.275379989900003 ], [ -2.6010100212, 53.265419984600001 ], [ -2.5951800018, 53.2563799789 ], [ -2.6573200594, 53.261110009299998 ], [ -2.6526800209, 53.253349993 ], [ -2.6529400238, 53.250189992199999 ], [ -2.6446200135, 53.248679988399999 ], [ -2.6459900122, 53.245109989699998 ], [ -2.6432400064, 53.242979988899997 ], [ -2.6521700094, 53.2311099916 ], [ -2.6573200234, 53.218370006500002 ], [ -2.6655600084, 53.193489975299997 ], [ -2.5268600182, 53.211999994 ], [ -2.5035099776, 53.209530015 ], [ -2.4729500296, 53.201099976499997 ], [ -2.3915900164, 53.210139991200002 ], [ -2.390900015, 53.217959991400001 ], [ -2.3675500162, 53.230699984799998 ], [ -2.3672099998, 53.243239989499997 ], [ -2.3648100093, 53.249809994099998 ], [ -2.3860900132, 53.253919997200001 ], [ -2.3963900122, 53.255359990899997 ], [ -2.3919300096, 53.277120005299999 ], [ -2.4506400221, 53.281229986900001 ], [ -2.4420500153, 53.290869986200001 ], [ -2.5639300046, 53.289229992700001 ] ] ] } },
{ "type": "Feature", "properties": { "ODSCode": "N81114", "Name": "BIRCHWOOD MEDICAL CENTRE", "ICBCode": "QYG", "Region": "Y62", "stroke.opacity": "1.0", "stroke.width": "2.0", "fill.opacity": "0", "OBJECTID": 3936, "stroke": "#0000ff", "fill": "#555555" }, "geometry": { "type": "Polygon", "coordinates": [ [ [ -2.5236799482, 53.413009940899997 ], [ -2.506860002, 53.417149986299997 ], [ -2.5113599897, 53.423979973599998 ], [ -2.503640011, 53.425389991300001 ], [ -2.4999000126, 53.426179992500003 ], [ -2.49617001, 53.427259993 ], [ -2.4946700072, 53.4302599886 ], [ -2.4977500093, 53.4324499867 ], [ -2.5000200178, 53.433709989100002 ], [ -2.5022000165, 53.434619989200002 ], [ -2.5057500131, 53.434299988 ], [ -2.5074300113, 53.434189988500002 ], [ -2.5094100081, 53.434119988299997 ], [ -2.510970007, 53.433959987 ], [ -2.5183600069, 53.4333999921 ], [ -2.5260600139, 53.432879995199997 ], [ -2.5257800133, 53.434399994899998 ], [ -2.5269600144, 53.436769992499997 ], [ -2.5259900152, 53.438399991300003 ], [ -2.5246800151, 53.440199991199997 ], [ -2.5238900154, 53.440649990700003 ], [ -2.5231900155, 53.4412899919 ], [ -2.522840014, 53.441909993 ], [ -2.5230400121, 53.444139991100002 ], [ -2.5229600122, 53.444359990599999 ], [ -2.5230600112, 53.44465999 ], [ -2.5212900106, 53.447409989900002 ], [ -2.5213000093, 53.449399988800003 ], [ -2.5211000095, 53.4503199882 ], [ -2.5209900101, 53.451469989499998 ], [ -2.5196500118, 53.451939989899998 ], [ -2.5160700143, 53.452769991899999 ], [ -2.5141000167, 53.452989993300001 ], [ -2.5150900222, 53.459359993100001 ], [ -2.524500014, 53.458429988100001 ], [ -2.5247800135, 53.459879989599997 ], [ -2.5242600148, 53.462179991500001 ], [ -2.525030015, 53.463509993300001 ], [ -2.5300400119, 53.461869990799997 ], [ -2.5318100091, 53.460849989899998 ], [ -2.5321200064, 53.459299988700003 ], [ -2.5339700034, 53.457639986799997 ], [ -2.535340005, 53.457019986900001 ], [ -2.5365000053, 53.456239986100002 ], [ -2.5361900089, 53.454799986 ], [ -2.53240001, 53.453289983399998 ], [ -2.5308400101, 53.452739983599997 ], [ -2.5299800098, 53.452039983399999 ], [ -2.52913001, 53.451129983800001 ], [ -2.5301300121, 53.4502699827 ], [ -2.5300900098, 53.449939982499998 ], [ -2.5308500116, 53.449309982899997 ], [ -2.5317400125, 53.448789983300003 ], [ -2.5357000138, 53.447479981599997 ], [ -2.5366700139, 53.447199982599997 ], [ -2.5386100113, 53.446789982600002 ], [ -2.5415000052, 53.445519983499999 ], [ -2.542580004, 53.4451499842 ], [ -2.5440200037, 53.4447899846 ], [ -2.5472600033, 53.443689984400002 ], [ -2.5490500028, 53.4431799846 ], [ -2.5496400025, 53.442779985100003 ], [ -2.5503600018, 53.4419099841 ], [ -2.5525099801, 53.439849983499997 ], [ -2.5531199731, 53.439059983 ], [ -2.5540799606, 53.438489982199997 ], [ -2.5551299485, 53.438049981 ], [ -2.5565899308, 53.4375499796 ], [ -2.5600399507, 53.4375499824 ], [ -2.5611699611, 53.437239983300003 ], [ -2.562439973, 53.436779985199998 ], [ -2.5631699804, 53.436089986799999 ], [ -2.5647099927, 53.435779988 ], [ -2.5642399904, 53.435249988599999 ], [ -2.5634699857, 53.434889987600002 ], [ -2.5609199722, 53.434129984599998 ], [ -2.5599199708, 53.433259980499997 ], [ -2.5596199698, 53.433069978399999 ], [ -2.5593599718, 53.4327499762 ], [ -2.5583299683, 53.432239972 ], [ -2.5572899666, 53.431379968400002 ], [ -2.5565899699, 53.431029968499999 ], [ -2.5553999809, 53.430049972500001 ], [ -2.5525300055, 53.428939984899998 ], [ -2.5509900103, 53.42822999 ], [ -2.5501800051, 53.427429990100002 ], [ -2.5491999968, 53.4268199889 ], [ -2.5471799788, 53.426559986900003 ], [ -2.546499973, 53.426379986100002 ], [ -2.5454599634, 53.425899982899999 ], [ -2.54508996, 53.425519983100003 ], [ -2.5449599581, 53.424949979399997 ], [ -2.5450599537, 53.423709968499999 ], [ -2.5525600156, 53.421239973399999 ], [ -2.5567200095, 53.423039942499997 ], [ -2.5594700073, 53.423369953 ], [ -2.5637600083, 53.423089965700001 ], [ -2.5677100094, 53.422739979600003 ], [ -2.5671500089, 53.419669986 ], [ -2.5690500082, 53.419639989399997 ], [ -2.5699600094, 53.419309990400002 ], [ -2.5695500084, 53.418739991 ], [ -2.569730009, 53.418029992699999 ], [ -2.5685500085, 53.417799993400003 ], [ -2.566450011, 53.417629991799998 ], [ -2.5652099737, 53.415699981899998 ], [ -2.5643399267, 53.413429966400003 ], [ -2.5615399525, 53.414899971099999 ], [ -2.5624999876, 53.416169983700001 ], [ -2.5610599932, 53.4163399834 ], [ -2.5593699622, 53.415189972699999 ], [ -2.558229964, 53.415239971299997 ], [ -2.5564599708, 53.415509972400002 ], [ -2.5565299433, 53.4145099638 ], [ -2.556429938, 53.414249962 ], [ -2.5564399298, 53.413999958700003 ], [ -2.5561499289, 53.413889957800002 ], [ -2.5545899447, 53.414369962400002 ], [ -2.5539099414, 53.414169960300001 ], [ -2.5527699484, 53.412879963199998 ], [ -2.5506799413, 53.413319957 ], [ -2.5499299462, 53.4122199607 ], [ -2.5468799159, 53.412729941599999 ], [ -2.5455199072, 53.4125499377 ], [ -2.5464599309, 53.411069954299997 ], [ -2.5440199161, 53.410449950699999 ], [ -2.5431799093, 53.4104899477 ], [ -2.5420298951, 53.410789939099999 ], [ -2.5394799266, 53.409789957 ], [ -2.5371199489, 53.410609959299997 ], [ -2.5334599745, 53.410819965199998 ], [ -2.5274999502, 53.412119943100002 ], [ -2.5236799482, 53.413009940899997 ] ] ] } },
{ "type": "Feature", "properties": { "ODSCode": "N81115", "Name": "LACHE HEALTH CENTRE", "ICBCode": "QYG", "Region": "Y62", "stroke.opacity": "1.0", "stroke.width": "2.0", "fill.opacity": "0", "OBJECTID": 918, "stroke": "#0000ff", "fill": "#555555" }, "geometry": { "type": "Polygon", "coordinates": [ [ [ -2.9481100065, 53.185259986200002 ], [ -2.9455700045, 53.175599990099997 ], [ -2.9648300016, 53.172949990100001 ], [ -2.9879000135, 53.169579989 ], [ -3.0154899777, 53.1590500119 ], [ -3.0130799967, 53.156809998 ], [ -3.0161499971, 53.155710000200003 ], [ -3.016819999, 53.154939999 ], [ -3.0188400064, 53.1539299951 ], [ -3.0260500014, 53.154259995899999 ], [ -3.0320499987, 53.155469992500002 ], [ -3.0330300024, 53.148009997800003 ], [ -3.0345100052, 53.141729990199998 ], [ -3.0282100149, 53.139359992899998 ], [ -3.028010015, 53.137809991700003 ], [ -3.0276500154, 53.136219990800001 ], [ -3.0255700153, 53.136469992 ], [ -3.0228700068, 53.130499988099999 ], [ -3.0190100049, 53.133019991899999 ], [ -3.0145900051, 53.131079993100002 ], [ -3.011540011, 53.133829996400003 ], [ -3.0042500173, 53.132429998699997 ], [ -3.0035600189, 53.132909999500001 ], [ -3.0018400213, 53.131719998400001 ], [ -3.0008100218, 53.13273 ], [ -2.9987500188, 53.1316599974 ], [ -2.9927400135, 53.1366299942 ], [ -2.9779800258, 53.149759995499998 ], [ -2.9633299923, 53.133159998099998 ], [ -2.9600099776, 53.132730006199999 ], [ -2.957829971, 53.130640005799997 ], [ -2.9507200088, 53.128719991799997 ], [ -2.9457800168, 53.127139986099998 ], [ -2.9451300154, 53.124329983800003 ], [ -2.9431100195, 53.122129982799997 ], [ -2.9415400204, 53.122419982899999 ], [ -2.9390800141, 53.121749983299999 ], [ -2.9365800092, 53.121649985200001 ], [ -2.9339700031, 53.1218699876 ], [ -2.9345900043, 53.121689987300002 ], [ -2.9306799986, 53.120509988099997 ], [ -2.9273199943, 53.1201999894 ], [ -2.9192299952, 53.1166999967 ], [ -2.9112900062, 53.113609995499999 ], [ -2.9029700073, 53.112369989699999 ], [ -2.9001600062, 53.1144999889 ], [ -2.896500002, 53.114779989100001 ], [ -2.8953600034, 53.116979990600001 ], [ -2.8893000002, 53.120149998599999 ], [ -2.8846200004, 53.1215599987 ], [ -2.8802700056, 53.126269990899999 ], [ -2.8786900089, 53.1276099894 ], [ -2.8769100116, 53.130069986700001 ], [ -2.874030015, 53.132519984699996 ], [ -2.8699900157, 53.1372099859 ], [ -2.869790016, 53.139389986300003 ], [ -2.8714700145, 53.141899987599999 ], [ -2.8686400081, 53.145269989500001 ], [ -2.8653900066, 53.146449990199997 ], [ -2.8626700094, 53.146949990499998 ], [ -2.8640800051, 53.147539991199999 ], [ -2.8669200031, 53.147699991099998 ], [ -2.8730500046, 53.147669991 ], [ -2.8783300042, 53.150209993700003 ], [ -2.8768700034, 53.153029992599997 ], [ -2.8760100006, 53.156209990900003 ], [ -2.8760000034, 53.160089989699998 ], [ -2.8787300075, 53.164129989300001 ], [ -2.8831700088, 53.1722299865 ], [ -2.8724700071, 53.182049993 ], [ -2.8726999988, 53.1847999915 ], [ -2.8724799816, 53.189069991099998 ], [ -2.875809977, 53.190619990199998 ], [ -2.8797299675, 53.188359997699997 ], [ -2.8843299685, 53.186929998 ], [ -2.88686999, 53.185499991599997 ], [ -2.8960099951, 53.182459989100003 ], [ -2.9026200045, 53.1827399855 ], [ -2.9055400029, 53.184949986399999 ], [ -2.9046100063, 53.188839988200002 ], [ -2.9036700136, 53.191389990300003 ], [ -2.9055800089, 53.192379989700001 ], [ -2.9203900103, 53.1816099901 ], [ -2.9342100146, 53.180629987700001 ], [ -2.9481100065, 53.185259986200002 ] ] ] } },
{ "type": "Feature", "properties": { "ODSCode": "N81117", "Name": "OLD HALL SURGERY", "ICBCode": "QYG", "Region": "Y62", "stroke.opacity": "1.0", "stroke.width": "2.0", "fill.opacity": "0", "OBJECTID": 353, "stroke": "#0000ff", "fill": "#555555" }, "geometry": { "type": "Polygon", "coordinates": [ [ [ -2.9124100066, 53.299079985299997 ], [ -2.9594400109, 53.291689991699997 ], [ -2.9625299969, 53.286150017499999 ], [ -2.9642500036, 53.279579996199999 ], [ -2.9378100047, 53.262749992300002 ], [ -2.9196200081, 53.2498099807 ], [ -2.9158400099, 53.249809974500003 ], [ -2.879450023, 53.256999987199997 ], [ -2.8736100088, 53.243439994699997 ], [ -2.8506100236, 53.246519981399999 ], [ -2.8633100083, 53.266239991600003 ], [ -2.8767000111, 53.265209989399999 ], [ -2.8914600086, 53.2857399966 ], [ -2.8894000106, 53.287789997399997 ], [ -2.9124100066, 53.299079985299997 ] ] ] } },
{ "type": "Feature", "properties": { "ODSCode": "N81118", "Name": "MEADOWSIDE MEDICAL CENTRE", "ICBCode": "QYG", "Region": "Y62", "stroke.opacity": "1.0", "stroke.width": "2.0", "fill.opacity": "0", "OBJECTID": 5356, "stroke": "#0000ff", "fill": "#555555" }, "geometry": { "type": "Polygon", "coordinates": [ [ [ -2.3185400195, 53.156549988199998 ], [ -2.3116900155, 53.148369983 ], [ -2.306390013, 53.143039987900003 ], [ -2.306240011, 53.141139989599999 ], [ -2.3034600035, 53.136529987599999 ], [ -2.3030500029, 53.136229987100002 ], [ -2.3018900002, 53.134909986399997 ], [ -2.2993799982, 53.133489989200001 ], [ -2.295740003, 53.130649992 ], [ -2.2933400066, 53.128699991600001 ], [ -2.2929900091, 53.127209991800001 ], [ -2.2924800123, 53.125829990100002 ], [ -2.2918800139, 53.125279989799999 ], [ -2.2845300132, 53.117679993599999 ], [ -2.2071799957, 53.117329971300002 ], [ -2.1700600145, 53.121459991 ], [ -2.1696000159, 53.120789992100001 ], [ -2.1682500176, 53.120459992 ], [ -2.1674200215, 53.1198699929 ], [ -2.1660700259, 53.116669998399999 ], [ -2.1634100306, 53.115030006300003 ], [ -2.1463400107, 53.117089999400001 ], [ -2.1374100077, 53.116859999299997 ], [ -2.134839995, 53.122189998099998 ], [ -2.1294399958, 53.123949995300002 ], [ -2.1268700055, 53.142079985499997 ], [ -2.1204600054, 53.147689991 ], [ -2.0964100126, 53.1513499872 ], [ -2.0929000129, 53.152279985900002 ], [ -2.091520001, 53.157789994 ], [ -2.0966700018, 53.160980015500002 ], [ -2.1017400058, 53.162730024200002 ], [ -2.1094599988, 53.173739972 ], [ -2.11950001, 53.179699991100001 ], [ -2.1253800061, 53.188649990199998 ], [ -2.1283200078, 53.193739990300003 ], [ -2.1333200056, 53.198009988400003 ], [ -2.1331900148, 53.207989993600002 ], [ -2.1321000129, 53.207209992400003 ], [ -2.1325500156, 53.207779992500001 ], [ -2.1328900144, 53.2080899941 ], [ -2.1787300137, 53.216419986 ], [ -2.227260012, 53.22339999 ], [ -2.2357300236, 53.224049993199998 ], [ -2.2367400214, 53.223129991599997 ], [ -2.2392700251, 53.222909989599998 ], [ -2.2427000182, 53.222489988299998 ], [ -2.2455700167, 53.223969988100002 ], [ -2.2486400095, 53.224079986200003 ], [ -2.2505100033, 53.224789986899999 ], [ -2.2547100065, 53.225309987800003 ], [ -2.2664100045, 53.224769990699997 ], [ -2.2696199858, 53.224929986100001 ], [ -2.272479989, 53.224729986600003 ], [ -2.2753799926, 53.224319986600001 ], [ -2.2782899955, 53.223819986800002 ], [ -2.2812099999, 53.2225299869 ], [ -2.2864400168, 53.215279987899997 ], [ -2.300220005, 53.202989991099997 ], [ -2.307170005, 53.189529981500002 ], [ -2.3185200188, 53.173839992 ], [ -2.3185400195, 53.156549988199998 ] ] ] } },
{ "type": "Feature", "properties": { "ODSCode": "N81119", "Name": "HOUGH GREEN HEALTH PARK", "ICBCode": "QYG", "Region": "Y62", "stroke.opacity": "1.0", "stroke.width": "2.0", "fill.opacity": "0", "OBJECTID": 5284, "stroke": "#0000ff", "fill": "#555555" }, "geometry": { "type": "Polygon", "coordinates": [ [ [ -2.7341855183, 53.34746926 ], [ -2.7277486992, 53.354727803700001 ], [ -2.7171319949, 53.355994477300001 ], [ -2.7076091514, 53.359653885199997 ], [ -2.7001613578, 53.3618633854 ], [ -2.6901893957, 53.360834052199998 ], [ -2.6937727555, 53.365289407600002 ], [ -2.6968926692, 53.372916303300002 ], [ -2.6968291261, 53.380570051799999 ], [ -2.693554387, 53.385334737 ], [ -2.7200610988, 53.391815403300001 ], [ -2.7462402469, 53.401943916500002 ], [ -2.7581688015, 53.397046331200002 ], [ -2.7567088261, 53.395127037 ], [ -2.7538348562, 53.3901110981 ], [ -2.7626746955, 53.388089188199999 ], [ -2.7701423751, 53.3866047068 ], [ -2.7770949245, 53.386297556099997 ], [ -2.7892615631, 53.385760025899998 ], [ -2.79157892, 53.382355658400002 ], [ -2.7949903945, 53.378925413200001 ], [ -2.7889829203, 53.361309072099999 ], [ -2.8186869302, 53.348706960500003 ], [ -2.8190330432, 53.332718528400001 ], [ -2.7905296537, 53.321235922100001 ], [ -2.7781670511, 53.328617682900003 ], [ -2.7704093309, 53.344958201200001 ], [ -2.763616851, 53.348331091699997 ], [ -2.7543041125, 53.349953084200003 ], [ -2.7444949709, 53.350328465399997 ], [ -2.7341855183, 53.34746926 ] ] ] } },
{ "type": "Feature", "properties": { "ODSCode": "N81120", "Name": "KELSALL MEDICAL CENTRE", "ICBCode": "QYG", "Region": "Y62", "stroke.opacity": "1.0", "stroke.width": "2.0", "fill.opacity": "0", "OBJECTID": 937, "stroke": "#0000ff", "fill": "#555555" }, "geometry": { "type": "Polygon", "coordinates": [ [ [ -2.617501746, 53.250184773800001 ], [ -2.6174500063, 53.250169991299998 ], [ -2.6176600056, 53.249759990599998 ], [ -2.6176336858, 53.250172934399998 ], [ -2.618180008, 53.250219992 ], [ -2.6711800898, 53.260770025600003 ], [ -2.7241800101, 53.262489991499997 ], [ -2.7390900117, 53.261809992700002 ], [ -2.7391800125, 53.261979991899999 ], [ -2.7520400109, 53.259259986399996 ], [ -2.7626300095, 53.253849987 ], [ -2.7732100049, 53.250639987500001 ], [ -2.7916900066, 53.255369998200003 ], [ -2.8151600079, 53.233399990499997 ], [ -2.8291500212, 53.219449998800002 ], [ -2.8419400051, 53.207829995 ], [ -2.8425400014, 53.189239983 ], [ -2.8239200104, 53.185619986200003 ], [ -2.8214299981, 53.1687999854 ], [ -2.8210799946, 53.167359985899999 ], [ -2.7314800086, 53.140389998300002 ], [ -2.6978300023, 53.137499992 ], [ -2.6386100049, 53.147849985900002 ], [ -2.6226400088, 53.178059991200001 ], [ -2.6180900075, 53.180169997 ], [ -2.6123399993, 53.179959999700003 ], [ -2.602899998, 53.180759995300001 ], [ -2.5941500061, 53.182579990699999 ], [ -2.588310004, 53.197400036600001 ], [ -2.5885460285, 53.197468521899999 ], [ -2.5823900099, 53.208199997199998 ], [ -2.6053000024, 53.220859991300003 ], [ -2.6126900093, 53.226639992300001 ], [ -2.6084800047, 53.241639986 ], [ -2.6174900061, 53.2502199913 ], [ -2.617501746, 53.250184773800001 ] ] ] } },
{ "type": "Feature", "properties": { "ODSCode": "N81121", "Name": "NORTHGATE VILLAGE SURGERY", "ICBCode": "QYG", "Region": "Y62", "stroke.opacity": "1.0", "stroke.width": "2.0", "fill.opacity": "0", "OBJECTID": 5596, "stroke": "#0000ff", "fill": "#555555" }, "geometry": { "type": "Polygon", "coordinates": [ [ [ -2.9681110119, 53.211069991099997 ], [ -2.9645060137, 53.209219986 ], [ -2.9603860132, 53.207368984600002 ], [ -2.9549790087, 53.204541986899997 ], [ -2.9477690044, 53.202073991600003 ], [ -2.9408169959, 53.199451990599997 ], [ -2.9349799724, 53.196572987300002 ], [ -2.9302599925, 53.193486988300002 ], [ -2.9249380058, 53.189475989199998 ], [ -2.9214190108, 53.184024989299999 ], [ -2.918329002, 53.185361988700002 ], [ -2.9150679988, 53.187521987700002 ], [ -2.9098320104, 53.1916359895 ], [ -2.9041669844, 53.194360988900002 ], [ -2.9015060146, 53.191532989899997 ], [ -2.9028800028, 53.187007986899999 ], [ -2.9008200047, 53.184332984699999 ], [ -2.8977300003, 53.184384987400001 ], [ -2.895068999, 53.184204988 ], [ -2.8929230018, 53.184178987899998 ], [ -2.8893609878, 53.186081991800002 ], [ -2.8805209694, 53.189707993900001 ], [ -2.8779889779, 53.1911989902 ], [ -2.8739119808, 53.191841988100002 ], [ -2.8705639822, 53.191507988700003 ], [ -2.8692339854, 53.190015988200003 ], [ -2.8685899901, 53.1881129888 ], [ -2.8692340092, 53.183406992099997 ], [ -2.8676030139, 53.179523994 ], [ -2.8649430053, 53.178211992100003 ], [ -2.8630970028, 53.175948991 ], [ -2.8629680038, 53.174584992100002 ], [ -2.8621960025, 53.173453991800002 ], [ -2.8609940032, 53.1712669924 ], [ -2.8604790026, 53.168925993199998 ], [ -2.855158002, 53.166867995200001 ], [ -2.8492359939, 53.1668809962 ], [ -2.8433989789, 53.167304994200002 ], [ -2.8355029783, 53.168359992799999 ], [ -2.8286359879, 53.169928988599999 ], [ -2.8237439979, 53.171909986700001 ], [ -2.8211260085, 53.174662986900003 ], [ -2.8195810104, 53.177259988700001 ], [ -2.8188510095, 53.1805269886 ], [ -2.8176500088, 53.182481988399999 ], [ -2.8164480082, 53.183509988399997 ], [ -2.8102680124, 53.190298992700001 ], [ -2.8092380107, 53.193281994800003 ], [ -2.8092380055, 53.1955439957 ], [ -2.8107830008, 53.199040993499999 ], [ -2.8141309614, 53.204233002 ], [ -2.8209969992, 53.2089629902 ], [ -2.8237440053, 53.211223993300003 ], [ -2.8247740104, 53.213125996400002 ], [ -2.825246013, 53.214205998099999 ], [ -2.8259750158, 53.215335998500002 ], [ -2.8267480182, 53.216363999199999 ], [ -2.8272630189, 53.2172639992 ], [ -2.8273490192, 53.218213999100001 ], [ -2.8271340211, 53.218676998699998 ], [ -2.8269016435, 53.219617420200002 ], [ -2.8271340209, 53.219896999100001 ], [ -2.828014021, 53.220012999 ], [ -2.8300520213, 53.219935999299999 ], [ -2.8316400206, 53.220166999 ], [ -2.832112021, 53.220192999 ], [ -2.8348160189, 53.220012999300003 ], [ -2.8370480168, 53.220886997100003 ], [ -2.8385070115, 53.222633996 ], [ -2.8402230082, 53.224072994 ], [ -2.8419400077, 53.226281992099999 ], [ -2.8446870058, 53.227977989800003 ], [ -2.8522400073, 53.232344988299999 ], [ -2.8606510191, 53.234142988800002 ], [ -2.8664020232, 53.235529990700002 ], [ -2.8882030141, 53.239536995 ], [ -2.8928380055, 53.240563994200002 ], [ -2.9003910009, 53.240769995199997 ], [ -2.9063990101, 53.241180992899999 ], [ -2.9106900137, 53.243029987200003 ], [ -2.9139520148, 53.245186981300002 ], [ -2.9176430128, 53.245802983799997 ], [ -2.921762018, 53.245032985800002 ], [ -2.9364400091, 53.242926994900003 ], [ -2.9419330182, 53.2390749837 ], [ -2.9447650167, 53.236608985399997 ], [ -2.9462240156, 53.235581987 ], [ -2.9468250167, 53.233783989700001 ], [ -2.9504300205, 53.231214987500003 ], [ -2.9554080175, 53.22694999 ], [ -2.9643340072, 53.220526988899998 ], [ -2.9703430075, 53.213022994 ], [ -2.9681110119, 53.211069991099997 ] ] ] } },
{ "type": "Feature", "properties": { "ODSCode": "N81122", "Name": "WESTBROOK MEDICAL CENTRE", "ICBCode": "QYG", "Region": "Y62", "stroke.opacity": "1.0", "stroke.width": "2.0", "fill.opacity": "0", "OBJECTID": 5080, "stroke": "#0000ff", "fill": "#555555" }, "geometry": { "type": "Polygon", "coordinates": [ [ [ -2.6096789354, 53.413521967299999 ], [ -2.6226400168, 53.416489990700001 ], [ -2.6453019918, 53.414238995799998 ], [ -2.6439329954, 53.407126988900004 ], [ -2.6419539963, 53.4041589817 ], [ -2.6395569843, 53.401498986100002 ], [ -2.6366329885, 53.402367981600001 ], [ -2.6333780184, 53.400576995500003 ], [ -2.6314900581, 53.397149012600003 ], [ -2.6307170555, 53.3955110108 ], [ -2.6207710111, 53.396585996100001 ], [ -2.6176650061, 53.396687993500002 ], [ -2.6185199916, 53.402879991500001 ], [ -2.6252990218, 53.405285001 ], [ -2.6216130059, 53.406461997299999 ], [ -2.6203210119, 53.408764001599998 ], [ -2.6101989922, 53.406410989800001 ], [ -2.6096789354, 53.413521967299999 ] ] ] } },
{ "type": "Feature", "properties": { "ODSCode": "N81123", "Name": "WILLOW WOOD SURGERY", "ICBCode": "QYG", "Region": "Y62", "stroke.opacity": "1.0", "stroke.width": "2.0", "fill.opacity": "0", "OBJECTID": 726, "stroke": "#0000ff", "fill": "#555555" }, "geometry": { "type": "Polygon", "coordinates": [ [ [ -2.6140600155, 53.222269991099999 ], [ -2.6264200007, 53.204800022 ], [ -2.6013600062, 53.205210004900003 ], [ -2.5857400142, 53.1996600075 ], [ -2.5714899987, 53.198220030599998 ], [ -2.5531199146, 53.173630001299998 ], [ -2.5131200289, 53.151299976700003 ], [ -2.4956100264, 53.150890024799999 ], [ -2.4829100099, 53.1599499935 ], [ -2.4842800054, 53.171060000200001 ], [ -2.4726100106, 53.174770004499997 ], [ -2.4547600038, 53.186289994200003 ], [ -2.4607700298, 53.198119997500001 ], [ -2.4702100141, 53.200069985299997 ], [ -2.486340001, 53.203979994199997 ], [ -2.4894299765, 53.2080900116 ], [ -2.4973299805, 53.2080900128 ], [ -2.5023099854, 53.215030007 ], [ -2.5036000048, 53.220040001900003 ], [ -2.5007600038, 53.223610003499999 ], [ -2.5114100174, 53.228950002200001 ], [ -2.5261700184, 53.223099986100003 ], [ -2.5351000085, 53.228849988 ], [ -2.5402500184, 53.2380999899 ], [ -2.5637600166, 53.237279994399998 ], [ -2.5690000062, 53.229259992400003 ], [ -2.6140600155, 53.222269991099999 ] ] ] } },
{ "type": "Feature", "properties": { "ODSCode": "N81125", "Name": "NESTON MEDICAL CENTRE", "ICBCode": "QYG", "Region": "Y62", "stroke.opacity": "1.0", "stroke.width": "2.0", "fill.opacity": "0", "OBJECTID": 942, "stroke": "#0000ff", "fill": "#555555" }, "geometry": { "type": "Polygon", "coordinates": [ [ [ -3.0022191, 53.315949472500002 ], [ -3.0208100071, 53.334669991 ], [ -3.0562600033, 53.3525999899 ], [ -3.1221800681, 53.325950003 ], [ -3.096770063, 53.263980010899999 ], [ -3.0389200022, 53.251759992700002 ], [ -2.9941200015, 53.235839985799998 ], [ -2.9537800197, 53.2402599865 ], [ -2.9258000099, 53.255359984899997 ], [ -2.9407300095, 53.278760005199999 ], [ -2.960470012, 53.302159986600003 ], [ -2.995660005, 53.309339992799998 ], [ -2.9989215306, 53.312626875900001 ], [ -2.9972099994, 53.315699988399999 ], [ -3.0022191, 53.315949472500002 ] ] ] } },
{ "type": "Feature", "properties": { "ODSCode": "N81127", "Name": "THE WEAVER VALE SURGERY", "ICBCode": "QYG", "Region": "Y62", "stroke.opacity": "1.0", "stroke.width": "2.0", "fill.opacity": "0", "OBJECTID": 3715, "stroke": "#0000ff", "fill": "#555555" }, "geometry": { "type": "Polygon", "coordinates": [ [ [ -2.4595600272, 53.215899980800003 ], [ -2.4882300443, 53.247139982699998 ], [ -2.5042000378, 53.239849990300002 ], [ -2.5023100139, 53.234609994400003 ], [ -2.5014500099, 53.2282299998 ], [ -2.5041100137, 53.227620002499997 ], [ -2.5086600138, 53.230800004 ], [ -2.5103800146, 53.230290002499999 ], [ -2.5088300191, 53.227820005399998 ], [ -2.5111900206, 53.2267400032 ], [ -2.5132100208, 53.224639999600001 ], [ -2.5159300196, 53.226099995699997 ], [ -2.5183200185, 53.2278799917 ], [ -2.5213000174, 53.228049986499997 ], [ -2.5284000157, 53.224539985699998 ], [ -2.5324300144, 53.223709986 ], [ -2.5347500119, 53.225359987600001 ], [ -2.5411000142, 53.226689977699998 ], [ -2.5421300116, 53.229369982100003 ], [ -2.5380100071, 53.231519984400002 ], [ -2.5445400258, 53.234189988200001 ], [ -2.550370028, 53.235629991400003 ], [ -2.5543200207, 53.238409993499999 ], [ -2.5716600205, 53.236809992700003 ], [ -2.5809300441, 53.2339899905 ], [ -2.5708900094, 53.227619991600001 ], [ -2.5763400122, 53.228749991900003 ], [ -2.5812700082, 53.226389990800001 ], [ -2.5920899992, 53.225769990700002 ], [ -2.5970599983, 53.22432999 ], [ -2.5995499971, 53.226079989900001 ], [ -2.6023900213, 53.2306999937 ], [ -2.6044500217, 53.231059993899997 ], [ -2.606510018, 53.230189992500001 ], [ -2.6110600269, 53.2333699932 ], [ -2.6126900218, 53.232549993100001 ], [ -2.6099400168, 53.229669993100003 ], [ -2.6113100069, 53.226079990800002 ], [ -2.6090800122, 53.224379990099997 ], [ -2.6097700116, 53.223479989700003 ], [ -2.6112300122, 53.2226699908 ], [ -2.6130300176, 53.224329990299999 ], [ -2.6377500129, 53.191429982499997 ], [ -2.6411800211, 53.186289973299999 ], [ -2.6380900172, 53.185569977699998 ], [ -2.6350000128, 53.186079984099997 ], [ -2.6302000183, 53.180009983700003 ], [ -2.6212700034, 53.174299991 ], [ -2.6123399991, 53.170859994499999 ], [ -2.6047899999, 53.174349997199997 ], [ -2.5979200015, 53.173429995 ], [ -2.6030700055, 53.165709993699998 ], [ -2.5965500182, 53.159639997100001 ], [ -2.5944900146, 53.157529995700003 ], [ -2.5903700013, 53.156039988099998 ], [ -2.5871099831, 53.156699979800003 ], [ -2.5852199776, 53.1557299758 ], [ -2.5795599844, 53.157009980300003 ], [ -2.5757799915, 53.159839982699999 ], [ -2.5713200005, 53.162159984699997 ], [ -2.5615299559, 53.162109995500003 ], [ -2.5597299427, 53.161519998899998 ], [ -2.55912994, 53.158659999199998 ], [ -2.5543199098, 53.154080005399997 ], [ -2.5402499996, 53.148419986100002 ], [ -2.5225600739, 53.145949931 ], [ -2.5153100242, 53.147589981800003 ], [ -2.5135500264, 53.150269980499999 ], [ -2.5101000334, 53.151709973099997 ], [ -2.5063000268, 53.1500599783 ], [ -2.5049600208, 53.148469982199998 ], [ -2.505000019, 53.147079984900003 ], [ -2.5084700162, 53.143629986699999 ], [ -2.5018100116, 53.141619992400003 ], [ -2.4947700282, 53.142500025899999 ], [ -2.4884100242, 53.141700004500002 ], [ -2.4851400189, 53.142339987200003 ], [ -2.4800800331, 53.140950023499997 ], [ -2.4678000139, 53.141519998500002 ], [ -2.4717500224, 53.146620008399999 ], [ -2.4914900372, 53.170860042599998 ], [ -2.4892600268, 53.170880028799999 ], [ -2.4877200212, 53.171830019200002 ], [ -2.4866900167, 53.173740012800003 ], [ -2.4941500642, 53.1761500494 ], [ -2.4874200272, 53.178130015699999 ], [ -2.4849100085, 53.178920001400002 ], [ -2.4849400086, 53.179620001399996 ], [ -2.4817100046, 53.180170002099999 ], [ -2.4798200035, 53.179370003199999 ], [ -2.4717500014, 53.179540001 ], [ -2.4650600067, 53.177849998900001 ], [ -2.4626500018, 53.181139996200002 ], [ -2.4568200007, 53.182479995100003 ], [ -2.4509800031, 53.186899993399997 ], [ -2.4566500113, 53.188649993600002 ], [ -2.4571600037, 53.191019989099999 ], [ -2.4602500079, 53.193689989900001 ], [ -2.4585300192, 53.195849993 ], [ -2.4587100316, 53.198119996300001 ], [ -2.4622200205, 53.199189995099999 ], [ -2.4633400044, 53.203259993099998 ], [ -2.4681500024, 53.204749991200003 ], [ -2.4693500127, 53.2076499864 ], [ -2.4748400511, 53.209219968600003 ], [ -2.4733800389, 53.211169978699999 ], [ -2.4731300357, 53.213229983200002 ], [ -2.4697800155, 53.212609993 ], [ -2.4581900211, 53.2146699834 ], [ -2.4595600272, 53.215899980800003 ] ] ] } },
{ "type": "Feature", "properties": { "ODSCode": "N81607", "Name": "WESTMINSTER SURGERY", "ICBCode": "QYG", "Region": "Y62", "stroke.opacity": "1.0", "stroke.width": "2.0", "fill.opacity": "0", "OBJECTID": 235, "stroke": "#0000ff", "fill": "#555555" }, "geometry": { "type": "Polygon", "coordinates": [ [ [ -2.8028900077, 53.265929994499999 ], [ -2.784690004, 53.274349991900003 ], [ -2.7833200025, 53.3069799871 ], [ -2.7960199799, 53.306669991699998 ], [ -2.8047799769, 53.304419986900001 ], [ -2.8131899881, 53.304009985500002 ], [ -2.8303499783, 53.296819988899998 ], [ -2.8427100003, 53.293439991 ], [ -2.8518100124, 53.291899987100003 ], [ -2.8616000101, 53.292309993499998 ], [ -2.8725800107, 53.289179997600002 ], [ -2.8835700093, 53.290979997900003 ], [ -2.8842500104, 53.296879997799998 ], [ -2.8931800148, 53.300309997500001 ], [ -2.9100000167, 53.30892999 ], [ -2.9367800029, 53.313029984800004 ], [ -2.9491400124, 53.303799983200001 ], [ -2.9706000083, 53.299179989499997 ], [ -2.9581500007, 53.286410017 ], [ -2.9510300074, 53.277629998199998 ], [ -2.9301800107, 53.259509985299999 ], [ -2.9216800135, 53.248779982400002 ], [ -2.9100000152, 53.253309978 ], [ -2.9021100232, 53.249599976100001 ], [ -2.8904299983, 53.250429983700002 ], [ -2.8780699992, 53.250219993 ], [ -2.862630018, 53.248169990800001 ], [ -2.8475200328, 53.249189983100003 ], [ -2.8361900478, 53.252689988199997 ], [ -2.809750014, 53.263359995400002 ], [ -2.7915600003, 53.273629996700002 ], [ -2.8028900077, 53.265929994499999 ] ] ] } },
{ "type": "Feature", "properties": { "ODSCode": "N81614", "Name": "THE SURGERY", "ICBCode": "QYG", "Region": "Y62", "stroke.opacity": "1.0", "stroke.width": "2.0", "fill.opacity": "0", "OBJECTID": 3243, "stroke": "#0000ff", "fill": "#555555" }, "geometry": { "type": "Polygon", "coordinates": [ [ [ -2.6858139915, 53.086085992100003 ], [ -2.6985199786, 53.085979985800002 ], [ -2.7103609696, 53.0863949875 ], [ -2.7177429927, 53.084641993799998 ], [ -2.7276990048, 53.079487004199997 ], [ -2.7304460052, 53.078559007199999 ], [ -2.7325060093, 53.076909000299999 ], [ -2.7331920098, 53.072886995600001 ], [ -2.7357670144, 53.064325981899998 ], [ -2.7378270141, 53.058960983399999 ], [ -2.7424620082, 53.055453992 ], [ -2.7445220052, 53.0522549955 ], [ -2.7477840219, 53.047404978300001 ], [ -2.7476120351, 53.045650967199997 ], [ -2.7481270203, 53.040799972 ], [ -2.7392000126, 53.025569982599997 ], [ -2.69817001, 53.021079996700003 ], [ -2.697320001, 52.997169994399997 ], [ -2.6650429991, 52.987201022900003 ], [ -2.6497700102, 52.981979992600003 ], [ -2.6223000077, 52.983269988700002 ], [ -2.5986100155, 52.985856989200002 ], [ -2.5954340174, 52.985753988799999 ], [ -2.5921730215, 52.9854949932 ], [ -2.5844480266, 52.985134003799999 ], [ -2.5785260138, 52.978208975100003 ], [ -2.5719170127, 52.981257983100001 ], [ -2.5628190098, 52.983014990299999 ], [ -2.555780003, 52.983324989400003 ], [ -2.5491709977, 52.983686989900001 ], [ -2.5411030012, 52.981516991399999 ], [ -2.5374979996, 52.981877992 ], [ -2.5306320025, 52.984151990100003 ], [ -2.5327350035, 52.986993995900001 ], [ -2.5339790055, 52.989163999500001 ], [ -2.5341080074, 52.991386003199999 ], [ -2.5339370104, 52.994744001699999 ], [ -2.5339790124, 52.996113000599998 ], [ -2.5332930135, 52.997456000100001 ], [ -2.5314900152, 52.999340997 ], [ -2.5311040159, 53.001019995299998 ], [ -2.5298600112, 53.0037829933 ], [ -2.5284000067, 53.006132992700003 ], [ -2.5248379972, 53.0096189928 ], [ -2.5237659975, 53.011606991599997 ], [ -2.5241949974, 53.013233991900002 ], [ -2.5231219966, 53.016280991199999 ], [ -2.5214909712, 53.019353000099997 ], [ -2.5206330026, 53.024979993199999 ], [ -2.5199029874, 53.026890002599998 ], [ -2.5184009952, 53.029936001 ], [ -2.5177150093, 53.0320779957 ], [ -2.5172420171, 53.033884991599997 ], [ -2.5170280157, 53.036258992299999 ], [ -2.5155690134, 53.038090991399997 ], [ -2.5173710126, 53.040412990699998 ], [ -2.5198170429, 53.042502988400003 ], [ -2.5207610826, 53.0454439831 ], [ -2.5207190759, 53.046759984700003 ], [ -2.51917404, 53.0481789882 ], [ -2.5206760644, 53.049029987200001 ], [ -2.5237230755, 53.050577985 ], [ -2.525868067, 53.052331985800002 ], [ -2.5246240776, 53.053776985799999 ], [ -2.5267270601, 53.055143986799997 ], [ -2.5296450362, 53.056459988599997 ], [ -2.5333790144, 53.0573369898 ], [ -2.5381849753, 53.059425994100003 ], [ -2.5362109866, 53.061101992200001 ], [ -2.5345800045, 53.063190987399999 ], [ -2.5336360065, 53.064583986700001 ], [ -2.5360389914, 53.066078987399997 ], [ -2.5363829894, 53.069173988899998 ], [ -2.5394729793, 53.070256991599997 ], [ -2.5493429702, 53.0712879947 ], [ -2.5500299649, 53.072473993899997 ], [ -2.5471119675, 53.073376992900002 ], [ -2.5475619654, 53.073724993100001 ], [ -2.5481629608, 53.074781990799998 ], [ -2.547411963, 53.075529991 ], [ -2.5483989614, 53.075838990299999 ], [ -2.5508669566, 53.075387990599999 ], [ -2.5555439477, 53.074252991900003 ], [ -2.5602439717, 53.073659990400003 ], [ -2.5689130095, 53.075928984699999 ], [ -2.578268011, 53.077527985300001 ], [ -2.5829890133, 53.078248988399999 ], [ -2.5876240124, 53.078145988599999 ], [ -2.5975800076, 53.076289988299997 ], [ -2.6030730113, 53.077114987100003 ], [ -2.6089100101, 53.075361992399998 ], [ -2.6133730066, 53.071442993700003 ], [ -2.6198960087, 53.072267993499999 ], [ -2.630367018, 53.072370985799999 ], [ -2.6413540119, 53.075361988600001 ], [ -2.6497650192, 53.080105982200003 ], [ -2.6614380105, 53.081548986100003 ], [ -2.6683039797, 53.0876319869 ], [ -2.6858139915, 53.086085992100003 ] ] ] } },
{ "type": "Feature", "properties": { "ODSCode": "N81619", "Name": "OAKS PLACE SURGERY", "ICBCode": "QYG", "Region": "Y62", "stroke.opacity": "1.0", "stroke.width": "2.0", "fill.opacity": "0", "OBJECTID": 6055, "stroke": "#0000ff", "fill": "#555555" }, "geometry": { "type": "Polygon", "coordinates": [ [ [ -2.7785090297, 53.335792998499997 ], [ -2.7695849847, 53.3450179616 ], [ -2.7651958674, 53.347720510400002 ], [ -2.7597383546, 53.349767226399997 ], [ -2.7504283578, 53.350859179300002 ], [ -2.7441539579, 53.350269993799998 ], [ -2.733626225, 53.347928724299997 ], [ -2.7326015326, 53.3500604376 ], [ -2.7313268831, 53.352712000300002 ], [ -2.7275870804, 53.355014326 ], [ -2.7223977002, 53.355434314500002 ], [ -2.7167858113, 53.357145137300002 ], [ -2.711222117, 53.359827934899997 ], [ -2.6959759191, 53.382927556799999 ], [ -2.7034377617, 53.385757676 ], [ -2.7061962489, 53.3889369049 ], [ -2.7123336461, 53.387067890200001 ], [ -2.714506408, 53.3896175187 ], [ -2.7175762458, 53.391117830699997 ], [ -2.7199978633, 53.392673848900003 ], [ -2.7241076534, 53.394681897200002 ], [ -2.7306077996, 53.396891985300002 ], [ -2.7382789281, 53.397858048 ], [ -2.7458416559, 53.398402614200002 ], [ -2.7593081283, 53.396825094900002 ], [ -2.7690672782, 53.390416241099999 ], [ -2.7788550092, 53.373497992799997 ], [ -2.7882388375, 53.353983166 ], [ -2.8025965065, 53.3357156848 ], [ -2.7785090297, 53.335792998499997 ] ] ] } },
{ "type": "Feature", "properties": { "ODSCode": "N81623", "Name": "STRETTON MEDICAL CENTRE", "ICBCode": "QYG", "Region": "Y62", "stroke.opacity": "1.0", "stroke.width": "2.0", "fill.opacity": "0", "OBJECTID": 3668, "stroke": "#0000ff", "fill": "#555555" }, "geometry": { "type": "Polygon", "coordinates": [ [ [ -2.5829000224, 53.304519985100001 ], [ -2.5717160113, 53.304210987600001 ], [ -2.5631599999, 53.308009986899997 ], [ -2.5539210315, 53.31415997 ], [ -2.5453950351, 53.315150975199998 ], [ -2.5350950187, 53.318261987299998 ], [ -2.5364700317, 53.315439980400001 ], [ -2.5193900169, 53.312059992400002 ], [ -2.5108900135, 53.318259991300003 ], [ -2.489520018, 53.312369990299999 ], [ -2.4641099981, 53.321539994200002 ], [ -2.4623100056, 53.3280999917 ], [ -2.4532100177, 53.3374299882 ], [ -2.4569000173, 53.341839987900002 ], [ -2.4533799992, 53.349169991799997 ], [ -2.4659730042, 53.355947991100003 ], [ -2.4758150172, 53.363904005899997 ], [ -2.4746700127, 53.377389986200001 ], [ -2.507630012, 53.381489991499997 ], [ -2.5107190147, 53.386194992199997 ], [ -2.5096900138, 53.388649991800001 ], [ -2.5601599372, 53.3779999733 ], [ -2.5901989933, 53.373429991199998 ], [ -2.6181799933, 53.366119987700003 ], [ -2.628480003, 53.3573099973 ], [ -2.6325990187, 53.348024005699997 ], [ -2.6397510294, 53.344437008 ], [ -2.6438140114, 53.339277997700002 ], [ -2.6411250083, 53.335929995 ], [ -2.6376920038, 53.333776992300002 ], [ -2.6288219994, 53.330599991200003 ], [ -2.6227569977, 53.328617989 ], [ -2.6372300248, 53.3085699895 ], [ -2.631400037, 53.307339990499997 ], [ -2.6217800304, 53.312059993399998 ], [ -2.6106300196, 53.307749987500003 ], [ -2.6004100259, 53.303389991400003 ], [ -2.5915700081, 53.2959499858 ], [ -2.5815580116, 53.301440984800003 ], [ -2.5829000224, 53.304519985100001 ] ] ] } },
{ "type": "Feature", "properties": { "ODSCode": "N81624", "Name": "THE VILLAGE SURGERIES GROUP", "ICBCode": "QYG", "Region": "Y62", "stroke.opacity": "1.0", "stroke.width": "2.0", "fill.opacity": "0", "OBJECTID": 3382, "stroke": "#0000ff", "fill": "#555555" }, "geometry": { "type": "Polygon", "coordinates": [ [ [ -2.9254157041, 53.1053907059 ], [ -2.9251286212, 53.105221634199999 ], [ -2.9245063225, 53.1050155171 ], [ -2.9241361647, 53.1046129478 ], [ -2.9234870701, 53.103757882300002 ], [ -2.922191657, 53.102131436900002 ], [ -2.9218563694, 53.101669257099999 ], [ -2.9214647522, 53.101229618600001 ], [ -2.9207888888, 53.100334223700003 ], [ -2.9205233197, 53.099987977200001 ], [ -2.9202443606, 53.099632065900003 ], [ -2.9197535268, 53.098944391300002 ], [ -2.9186994508, 53.097581894400001 ], [ -2.9182783009, 53.097063295300003 ], [ -2.9179295369, 53.096485098899997 ], [ -2.9177847326, 53.0959777622 ], [ -2.9176828108, 53.0954865251 ], [ -2.917457584, 53.094484708 ], [ -2.9173717158, 53.093978957799997 ], [ -2.9171035253, 53.0935183008 ], [ -2.916347189, 53.0925631514 ], [ -2.9153707361, 53.091817372100003 ], [ -2.9145823029, 53.091031317700001 ], [ -2.9144615516, 53.090652777899997 ], [ -2.914316724, 53.090155038200002 ], [ -2.9139492163, 53.089246525299998 ], [ -2.9135308896, 53.0873859469 ], [ -2.913321621, 53.086781846400001 ], [ -2.9130829418, 53.086211569299998 ], [ -2.9116317259, 53.084745560599998 ], [ -2.911006791, 53.083989983499997 ], [ -2.910507855, 53.0832295604 ], [ -2.9097837951, 53.0821533477 ], [ -2.9094645755, 53.081678063 ], [ -2.9091453937, 53.081178607 ], [ -2.9084937315, 53.080173232699998 ], [ -2.9082603043, 53.079722096499999 ], [ -2.9080110023, 53.079279012900002 ], [ -2.8977514893, 53.068651651800003 ], [ -2.8974456457, 53.067442913800001 ], [ -2.8970862574, 53.066176121300003 ], [ -2.8969896301, 53.065744178099997 ], [ -2.896968165, 53.065312231 ], [ -2.8969790238, 53.064383846699997 ], [ -2.8971185145, 53.063597291800001 ], [ -2.8973330579, 53.062585060300002 ], [ -2.8972417299, 53.0622336777 ], [ -2.8970164813, 53.061901631799998 ], [ -2.8967376012, 53.061356812500001 ], [ -2.8966678003, 53.060824883 ], [ -2.8965926319, 53.060312289700001 ], [ -2.896276154, 53.059325774100003 ], [ -2.8960670244, 53.057394586800001 ], [ -2.8967267382, 53.057178567599998 ], [ -2.8977406192, 53.0567110693 ], [ -2.8987598499, 53.0562500148 ], [ -2.8997201057, 53.055740587199999 ], [ -2.8999829478, 53.055543912099999 ], [ -2.900240452, 53.055402045299999 ], [ -2.9005301205, 53.055260179900003 ], [ -2.9007340651, 53.055105411299998 ], [ -2.901678128, 53.054563732 ], [ -2.9020535973, 53.0543315826 ], [ -2.902547181, 53.053989801100002 ], [ -2.9031265739, 53.053132122599997 ], [ -2.9032552753, 53.052654904900002 ], [ -2.903008573, 53.052164785599999 ], [ -2.9020965546, 53.051216777299999 ], [ -2.9007339214, 53.049417436399999 ], [ -2.8985240534, 53.045663735 ], [ -2.8978910319, 53.044754284500002 ], [ -2.8974942035, 53.044070570099997 ], [ -2.896925538, 53.043399744600002 ], [ -2.8964211818, 53.0429095219 ], [ -2.8954769108, 53.042683757399999 ], [ -2.8951978836, 53.041232394 ], [ -2.8951550338, 53.039703573700002 ], [ -2.8957022477, 53.036568352400003 ], [ -2.8963673688, 53.035303877399997 ], [ -2.8970754386, 53.033929686900002 ], [ -2.8987277695, 53.031219890400003 ], [ -2.8965711827, 53.030097209300003 ], [ -2.8946400115, 53.028980954799998 ], [ -2.891313997, 53.0280259759 ], [ -2.8883743585, 53.0265612205 ], [ -2.885842324, 53.026180499100001 ], [ -2.8833200008, 53.025599997599997 ], [ -2.8678716076, 53.010787689099999 ], [ -2.8677213707, 53.010529480300001 ], [ -2.8672707466, 53.010335824099997 ], [ -2.866691402, 53.009922687900001 ], [ -2.8662944622, 53.009522458900001 ], [ -2.8655219684, 53.0092126037 ], [ -2.8648352654, 53.009115775 ], [ -2.8641270661, 53.009670934900001 ], [ -2.8633867944, 53.010471385300001 ], [ -2.8631400733, 53.010561757700003 ], [ -2.8619169534, 53.010464945700001 ], [ -2.8606081126, 53.010277732600002 ], [ -2.8601574811, 53.010271273100003 ], [ -2.8597819437, 53.010452018400002 ], [ -2.8592240352, 53.010710218500002 ], [ -2.856863689, 53.010355197899997 ], [ -2.8555226325, 53.0109232402 ], [ -2.85419211, 53.011032983500002 ], [ -2.8524112465, 53.011394472 ], [ -2.8502332508, 53.011962517500002 ], [ -2.8490745269, 53.012375629899999 ], [ -2.848623952, 53.012653189600002 ], [ -2.8482162314, 53.012963022699999 ], [ -2.8481733373, 53.013079209399997 ], [ -2.8478834672, 53.013239698 ], [ -2.8434632823, 53.014363704399997 ], [ -2.8434354107, 53.014357408 ], [ -2.8433871927, 53.014369523500001 ], [ -2.8434800093, 53.014419990299999 ], [ -2.8141028708, 53.021994599499997 ], [ -2.8131758468, 53.022173090400003 ], [ -2.8129183793, 53.023179818099997 ], [ -2.8127466846, 53.024270414100002 ], [ -2.8121244102, 53.0255803851 ], [ -2.8112661536, 53.026457973799999 ], [ -2.8106438694, 53.026780613900002 ], [ -2.8102146472, 53.027167780100001 ], [ -2.8095925216, 53.027896927 ], [ -2.8087126733, 53.028606709199998 ], [ -2.8085731972, 53.029000308800001 ], [ -2.8082700032, 53.029559994 ], [ -2.8076800031, 53.030089993799997 ], [ -2.806720003, 53.0307599936 ], [ -2.8041099935, 53.032065109599998 ], [ -2.8031230149, 53.031903810700001 ], [ -2.8022432635, 53.032348990700001 ], [ -2.801792648, 53.032516742299997 ], [ -2.8011595839, 53.032632879399998 ], [ -2.8005695012, 53.033123220100002 ], [ -2.8000759951, 53.033729690100003 ], [ -2.7990997886, 53.033323228 ], [ -2.7986384132, 53.033220003099999 ], [ -2.7980696853, 53.033658719 ], [ -2.7976298003, 53.034071627099998 ], [ -2.7967822193, 53.034845822900003 ], [ -2.7923511732, 53.037690869099997 ], [ -2.7914178007, 53.0380650309 ], [ -2.7909135699, 53.038206953500001 ], [ -2.7904900111, 53.038429987900003 ], [ -2.789829949, 53.038813349500003 ], [ -2.7890252498, 53.039161700900003 ], [ -2.7878400052, 53.039639988799998 ], [ -2.7871907115, 53.039484245499999 ], [ -2.7866221168, 53.039187508300003 ], [ -2.7856886112, 53.039316528 ], [ -2.7843904201, 53.039710024500003 ], [ -2.7626000176, 53.048559986100003 ], [ -2.7505099965, 53.056589992699998 ], [ -2.7431500078, 53.0610799918 ], [ -2.7335800134, 53.0667599911 ], [ -2.7287721581, 53.068703223599996 ], [ -2.7239977835, 53.0708434063 ], [ -2.7147500156, 53.075079990200003 ], [ -2.6915430812, 53.085589731100001 ], [ -2.6912533996, 53.0856541705 ], [ -2.6910495521, 53.085815268399998 ], [ -2.6906525662, 53.086105245500001 ], [ -2.6899766289, 53.086749631300002 ], [ -2.6887750027, 53.088180128300003 ], [ -2.6883995205, 53.088940463500002 ], [ -2.6880346224, 53.089739447200003 ], [ -2.6879381709, 53.090609286199999 ], [ -2.6880776668, 53.091440453700002 ], [ -2.6786040171, 53.103042886799997 ], [ -2.6784806958, 53.127323169199997 ], [ -2.6882200059, 53.145529992699998 ], [ -2.7105300156, 53.158300004799997 ], [ -2.7329349759, 53.1692540799 ], [ -2.7591100031, 53.174609995 ], [ -2.768829999, 53.173359992499996 ], [ -2.7783931296, 53.174006648300001 ], [ -2.7833606227, 53.172900548 ], [ -2.787673474, 53.1714921636 ], [ -2.7961100058, 53.172549994 ], [ -2.8037900111, 53.177879991799998 ], [ -2.8032700115, 53.180019991 ], [ -2.8049800127, 53.1817499896 ], [ -2.8109228672, 53.181915708600002 ], [ -2.8139160019, 53.1814334934 ], [ -2.818438434, 53.180792137300003 ], [ -2.8190821487, 53.181427065500003 ], [ -2.8197473139, 53.182095738800001 ], [ -2.8212386173, 53.1833237572 ], [ -2.8231001737, 53.184262430499999 ], [ -2.8236177489, 53.184871590699998 ], [ -2.8237465215, 53.1852782283 ], [ -2.8237115524, 53.185670393499997 ], [ -2.826723783, 53.185535385 ], [ -2.8292369782, 53.185215546800002 ], [ -2.834523567, 53.185107858599999 ], [ -2.8454599903, 53.184849981699998 ], [ -2.8485899855, 53.181969982200002 ], [ -2.8539599693, 53.178779979 ], [ -2.8586299932, 53.175689988400002 ], [ -2.8602900005, 53.174089990699997 ], [ -2.8629600065, 53.170089992400001 ], [ -2.8665200114, 53.167259991199998 ], [ -2.8700900103, 53.165349990099998 ], [ -2.8816607628, 53.161083777 ], [ -2.8815346821, 53.159520612900003 ], [ -2.8813792085, 53.1580104624 ], [ -2.88132817, 53.157608392599997 ], [ -2.88126112, 53.157281907700003 ], [ -2.8812504175, 53.157129117899999 ], [ -2.8811537885, 53.156786545400003 ], [ -2.8811109695, 53.156646616899998 ], [ -2.8811002074, 53.156595152400001 ], [ -2.8816527177, 53.1565324285 ], [ -2.882374229, 53.156458444499997 ], [ -2.882781918, 53.156339429100001 ], [ -2.8832298445, 53.156262228300001 ], [ -2.8841417972, 53.156130345100003 ], [ -2.8859603428, 53.156014541300003 ], [ -2.8861802476, 53.1560048905 ], [ -2.8866577157, 53.155929298700002 ], [ -2.8873550862, 53.155797412299997 ], [ -2.8887552066, 53.155461264099998 ], [ -2.8917807388, 53.154854901299998 ], [ -2.8932988623, 53.154579866200002 ], [ -2.8948438137, 53.154383637 ], [ -2.896171531, 53.154272655900002 ], [ -2.8968340173, 53.154201887399999 ], [ -2.897491168, 53.154115031700002 ], [ -2.8988617742, 53.153920412600002 ], [ -2.9002082441, 53.153719357500002 ], [ -2.9011979718, 53.153572987700002 ], [ -2.9017129581, 53.153503825900003 ], [ -2.9022038156, 53.1534169687 ], [ -2.9030862472, 53.153204653800003 ], [ -2.903676339, 53.153071151200002 ], [ -2.904215465, 53.152907088200003 ], [ -2.9052829324, 53.152586996700002 ], [ -2.905988407, 53.152360203599997 ], [ -2.9065784928, 53.152183269299996 ], [ -2.9071202886, 53.152028853200001 ], [ -2.9082790136, 53.151708758399998 ], [ -2.9088449485, 53.151554341699999 ], [ -2.9094484539, 53.151387054799997 ], [ -2.9105937544, 53.151071782599999 ], [ -2.9129058195, 53.15045249 ], [ -2.9134583548, 53.1503157621 ], [ -2.9139840619, 53.150174208199999 ], [ -2.9150810514, 53.1498830536 ], [ -2.9154324481, 53.149784930700001 ], [ -2.915700682, 53.149709327300002 ], [ -2.9161486034, 53.1495806406 ], [ -2.9166314019, 53.149453561400001 ], [ -2.9171061575, 53.149384390900003 ], [ -2.9172617514, 53.148612255700002 ], [ -2.9173046518, 53.148440131199997 ], [ -2.9173395218, 53.1482519204 ], [ -2.9173985349, 53.147894799399999 ], [ -2.9174682414, 53.147587543900002 ], [ -2.9176023485, 53.1472915481 ], [ -2.9179671532, 53.1467108099 ], [ -2.9187181835, 53.145557353800001 ], [ -2.9187932716, 53.145446350100002 ], [ -2.9188871353, 53.145295127099999 ], [ -2.9190722263, 53.145024855099997 ], [ -2.9191365882, 53.144905806700002 ], [ -2.9192277896, 53.144804454099997 ], [ -2.9193565354, 53.144593704099997 ], [ -2.9196274431, 53.144173808799998 ], [ -2.9197025368, 53.144056367200001 ], [ -2.9197803226, 53.14393088 ], [ -2.9199278466, 53.143684731900002 ], [ -2.9202068003, 53.143218172600001 ], [ -2.9204186873, 53.142822397800003 ], [ -2.9206279115, 53.142404095300002 ], [ -2.9209686282, 53.141609306699998 ], [ -2.9213120175, 53.140746933099997 ], [ -2.9217893022, 53.1394066756 ], [ -2.9221111618, 53.138701937699999 ], [ -2.9222184468, 53.138589307700002 ], [ -2.9223230515, 53.138465413299997 ], [ -2.9224491079, 53.138351174299999 ], [ -2.9226047001, 53.138269112499998 ], [ -2.9231840512, 53.137953744100002 ], [ -2.923736698, 53.137644805299999 ], [ -2.9243964209, 53.137282773199999 ], [ -2.9246995027, 53.137118648799998 ], [ -2.9248738413, 53.136928779100003 ], [ -2.9278510703, 53.132810973200002 ], [ -2.9309463741, 53.128720129900003 ], [ -2.9311260733, 53.128399863299997 ], [ -2.9312843216, 53.128061890200001 ], [ -2.9316142332, 53.127408468500001 ], [ -2.9322713864, 53.126099984299998 ], [ -2.9325530022, 53.125538273899998 ], [ -2.9328614549, 53.124944365499999 ], [ -2.933202088, 53.124377812299997 ], [ -2.9335615216, 53.123824126 ], [ -2.9343795894, 53.123194783700001 ], [ -2.9351762062, 53.122549334799999 ], [ -2.935495397, 53.122286968399997 ], [ -2.9357421477, 53.122037476700001 ], [ -2.9361525395, 53.121472493200002 ], [ -2.936941114, 53.120656393799997 ], [ -2.937676034, 53.119991592300003 ], [ -2.9381346947, 53.119402436199998 ], [ -2.9384914253, 53.118797175 ], [ -2.938799912, 53.118151661100001 ], [ -2.9389715614, 53.1175592604 ], [ -2.9388454338, 53.116290724700001 ], [ -2.9388800125, 53.115149982699997 ], [ -2.938963527, 53.114729147399999 ], [ -2.9392639431, 53.114284811799997 ], [ -2.9401034765, 53.113333339299999 ], [ -2.9406076916, 53.112900259600003 ], [ -2.9411736163, 53.112397944199998 ], [ -2.9412728868, 53.112307786099997 ], [ -2.941482141, 53.112178987199997 ], [ -2.9412729121, 53.112045363500002 ], [ -2.9395508322, 53.109812223299997 ], [ -2.9399050099, 53.109297000399998 ], [ -2.9396903906, 53.108987857300001 ], [ -2.9393898424, 53.108453294699999 ], [ -2.9395079375, 53.107783475 ], [ -2.9398080656, 53.107306861200001 ], [ -2.9254157041, 53.1053907059 ] ] ] } },
{ "type": "Feature", "properties": { "ODSCode": "N81626", "Name": "WESTERN AVE MEDICAL CTRE", "ICBCode": "QYG", "Region": "Y62", "stroke.opacity": "1.0", "stroke.width": "2.0", "fill.opacity": "0", "OBJECTID": 5644, "stroke": "#0000ff", "fill": "#555555" }, "geometry": { "type": "Polygon", "coordinates": [ [ [ -3.0155800108, 53.20839999 ], [ -3.0109400117, 53.199859993899999 ], [ -3.0004700096, 53.1934899874 ], [ -2.980810018, 53.1924599878 ], [ -2.961850014, 53.191529990200003 ], [ -2.9517999986, 53.188039984500001 ], [ -2.938670009, 53.184949988 ], [ -2.9203000096, 53.181969990200002 ], [ -2.8853699895, 53.191279987500003 ], [ -2.8602200124, 53.208189989200001 ], [ -2.866230011, 53.211279989399998 ], [ -2.8677700052, 53.215079987099998 ], [ -2.8747699973, 53.218189986500001 ], [ -2.8864000092, 53.2211999875 ], [ -2.8985500075, 53.2189599863 ], [ -2.9112300052, 53.229509987 ], [ -2.9262400145, 53.230139991599998 ], [ -2.9417700145, 53.230979992100004 ], [ -2.9646000181, 53.234269989600001 ], [ -2.9876900145, 53.237469988199997 ], [ -3.0011600243, 53.2316699852 ], [ -3.0093100241, 53.226149985600003 ], [ -3.0151900281, 53.2196399953 ], [ -3.0162400145, 53.2104199921 ], [ -3.0155800108, 53.20839999 ] ] ] } },
{ "type": "Feature", "properties": { "ODSCode": "N81628", "Name": "THE ERIC MOORE PARTNERSHIP", "ICBCode": "QYG", "Region": "Y62", "stroke.opacity": "1.0", "stroke.width": "2.0", "fill.opacity": "0", "OBJECTID": 2890, "stroke": "#0000ff", "fill": "#555555" }, "geometry": { "type": "Polygon", "coordinates": [ [ [ -2.6364872487, 53.378768800300001 ], [ -2.5986100693, 53.370430002600003 ], [ -2.5059100112, 53.390489992399999 ], [ -2.5447099578, 53.399499977 ], [ -2.5508900157, 53.403799986700001 ], [ -2.5563800161, 53.403799983200003 ], [ -2.569430008, 53.424259981699997 ], [ -2.5683243294, 53.4309824965 ], [ -2.5666800149, 53.432239977099997 ], [ -2.5680623608, 53.432574970099999 ], [ -2.5680500211, 53.432649982699999 ], [ -2.5681261266, 53.432590422499999 ], [ -2.6106300166, 53.442879987300003 ], [ -2.6216100265, 53.420379990400001 ], [ -2.6525099955, 53.414649992400001 ], [ -2.6442699953, 53.407689991 ], [ -2.6497700041, 53.402569991599997 ], [ -2.637750003, 53.377799998699999 ], [ -2.6364872487, 53.378768800300001 ] ] ] } },
{ "type": "Feature", "properties": { "ODSCode": "N81632", "Name": "BROKEN CROSS SURGERY", "ICBCode": "QYG", "Region": "Y62", "stroke.opacity": "1.0", "stroke.width": "2.0", "fill.opacity": "0", "OBJECTID": 2211, "stroke": "#0000ff", "fill": "#555555" }, "geometry": { "type": "Polygon", "coordinates": [ [ [ -2.1869659426, 53.256382187900002 ], [ -2.1899700164, 53.251966134699998 ], [ -2.1986389163, 53.249757883199997 ], [ -2.1988105772, 53.246881946800002 ], [ -2.1966648107, 53.246265625500001 ], [ -2.1942615513, 53.245906106 ], [ -2.1927165991, 53.244313931800001 ], [ -2.1921157841, 53.242619001800001 ], [ -2.1903133394, 53.242208031899999 ], [ -2.1894979472, 53.241707263 ], [ -2.1880602839, 53.241450435600001 ], [ -2.1867728233, 53.2405772169 ], [ -2.1861720084, 53.239973671900003 ], [ -2.1853780752, 53.239421480700003 ], [ -2.1833610535, 53.238715166200002 ], [ -2.181043625, 53.237019986599996 ], [ -2.1779537196, 53.235376099699998 ], [ -2.172803879, 53.2330642736 ], [ -2.1707439425, 53.231728507299998 ], [ -2.1722888951, 53.229981692599999 ], [ -2.1716400104, 53.228269996900003 ], [ -2.1678256992, 53.227772379599998 ], [ -2.1647357944, 53.229724745399999 ], [ -2.160358429, 53.2294165108 ], [ -2.1590709689, 53.227618230899999 ], [ -2.1569252009, 53.227361313800003 ], [ -2.1546936036, 53.228209085 ], [ -2.1524620057, 53.228337510599999 ], [ -2.150831223, 53.228388920199997 ], [ -2.1493721005, 53.2279778626 ], [ -2.1481275555, 53.228183395099997 ], [ -2.1471405035, 53.227720958799999 ], [ -2.1464538575, 53.227001627900002 ], [ -2.1462392811, 53.226564877900003 ], [ -2.1458530427, 53.225691363 ], [ -2.1439647672, 53.224869240300002 ], [ -2.1420335769, 53.224689364 ], [ -2.1399307253, 53.224406752100002 ], [ -2.1363258363, 53.223995671600001 ], [ -2.1338367457, 53.223713056100003 ], [ -2.1308755871, 53.223918551 ], [ -2.1290302272, 53.222402645899997 ], [ -2.1278715134, 53.222428389299999 ], [ -2.1271419525, 53.22163186 ], [ -2.1254682547, 53.221786041400001 ], [ -2.1234941482, 53.222582563 ], [ -2.1224641807, 53.222916549399997 ], [ -2.1222496038, 53.223481798199998 ], [ -2.1204900738, 53.224072739100002 ], [ -2.1170997625, 53.2282861578 ], [ -2.1074438096, 53.232062413199998 ], [ -2.0945262909, 53.2401533293 ], [ -2.0877456663, 53.247344137100001 ], [ -2.0870590206, 53.254225520399999 ], [ -2.0868873599, 53.260797767100001 ], [ -2.0803642266, 53.266342264599999 ], [ -2.0810508731, 53.270397588199998 ], [ -2.0816946036, 53.274375459600002 ], [ -2.0840549474, 53.273656957 ], [ -2.0859432215, 53.273579953400002 ], [ -2.0865869524, 53.274247174700001 ], [ -2.0876169206, 53.274863090799997 ], [ -2.0887327195, 53.276813371099998 ], [ -2.0899772644, 53.278173394699998 ], [ -2.090706825, 53.279045902299998 ], [ -2.0909214025, 53.279661731399997 ], [ -2.0921659464, 53.281996658200001 ], [ -2.0923376082, 53.282484156 ], [ -2.0927667624, 53.282638108599997 ], [ -2.0928525924, 53.283022974600001 ], [ -2.093453408, 53.283305200400001 ], [ -2.0943546297, 53.286435243699998 ], [ -2.0961141594, 53.289436824799999 ], [ -2.0955562594, 53.291309504300003 ], [ -2.096757889, 53.291412096400002 ], [ -2.0977878576, 53.2903347162 ], [ -2.0984745027, 53.291617346300001 ], [ -2.0986032485, 53.293695073899997 ], [ -2.099633217, 53.2940285683 ], [ -2.1010065083, 53.293464262900002 ], [ -2.1028947826, 53.293412948799997 ], [ -2.104740143, 53.293002545100002 ], [ -2.1074008945, 53.292976889499997 ], [ -2.1101474767, 53.293566868 ], [ -2.1126365662, 53.292489502499997 ], [ -2.1153831477, 53.291873859200003 ], [ -2.1180438998, 53.291976454100002 ], [ -2.1207046509, 53.291437764800001 ], [ -2.1222066884, 53.291540365300001 ], [ -2.1237945555, 53.291078514200002 ], [ -2.1275281899, 53.291129925600004 ], [ -2.1294593808, 53.291386446499999 ], [ -2.1306180956, 53.291283841 ], [ -2.131347656, 53.290668179500003 ], [ -2.1335792535, 53.292053419600002 ], [ -2.1342229844, 53.292925577299997 ], [ -2.1347808836, 53.293977273499998 ], [ -2.1358752252, 53.293823369400002 ], [ -2.1367335313, 53.293554039199996 ], [ -2.1383857733, 53.293630985900002 ], [ -2.1400380128, 53.293592509900002 ], [ -2.1426558498, 53.293618160699999 ], [ -2.1438789366, 53.293695112199998 ], [ -2.1452522273, 53.293630984799996 ], [ -2.1469473836, 53.292643414200001 ], [ -2.147462368, 53.2923355888 ], [ -2.1479344365, 53.291861036699999 ], [ -2.1480846403, 53.291771258200001 ], [ -2.148213387, 53.291245366 ], [ -2.1483635902, 53.291014525 ], [ -2.1488356585, 53.290847748600001 ], [ -2.1495008469, 53.290629737400003 ], [ -2.1501016617, 53.290129511099998 ], [ -2.1509385104, 53.289898587300002 ], [ -2.1520972255, 53.288641554199998 ], [ -2.1529340749, 53.288731341899997 ], [ -2.1538138388, 53.288603077700003 ], [ -2.1544146538, 53.288333719500002 ], [ -2.1558523179, 53.287884794299998 ], [ -2.1569466591, 53.287615444099998 ], [ -2.1576333048, 53.287371656300003 ], [ -2.1581053741, 53.287063871199997 ], [ -2.1592962738, 53.286249279099998 ], [ -2.159864903, 53.285678405900001 ], [ -2.1604871744, 53.285434672299999 ], [ -2.1620750423, 53.284741950499999 ], [ -2.1622681611, 53.284549528100001 ], [ -2.161967754, 53.284292962899997 ], [ -2.1621179581, 53.283946594100001 ], [ -2.1620750423, 53.283689904699997 ], [ -2.1634912493, 53.282458474099997 ], [ -2.1653795246, 53.2819196389 ], [ -2.1670746803, 53.278057947400001 ], [ -2.1677184105, 53.275709922 ], [ -2.1718597406, 53.274170205899999 ], [ -2.1741771703, 53.271013546500001 ], [ -2.1829318995, 53.267972169899998 ], [ -2.1839833258, 53.2614652161 ], [ -2.1825027463, 53.2589494817 ], [ -2.1842193599, 53.257614502700001 ], [ -2.1869659426, 53.256382187900002 ] ] ] } },
{ "type": "Feature", "properties": { "ODSCode": "N81637", "Name": "COCKHEDGE MEDICAL CENTRE", "ICBCode": "QYG", "Region": "Y62", "stroke.opacity": "1.0", "stroke.width": "2.0", "fill.opacity": "0", "OBJECTID": 665, "stroke": "#0000ff", "fill": "#555555" }, "geometry": { "type": "Polygon", "coordinates": [ [ [ -2.5659599932, 53.381329987199997 ], [ -2.5655299904, 53.381509987 ], [ -2.5656299925, 53.381689986700003 ], [ -2.5649999884, 53.381839985699997 ], [ -2.5641699811, 53.381999984399997 ], [ -2.5619999647, 53.38218998 ], [ -2.5605799559, 53.382899979 ], [ -2.56091996, 53.383889980799999 ], [ -2.56165997, 53.384739981800003 ], [ -2.5628699812, 53.385779985200003 ], [ -2.5648399976, 53.386699988300002 ], [ -2.5651900002, 53.386979988 ], [ -2.5657700076, 53.388319990200003 ], [ -2.566480014, 53.389679990700003 ], [ -2.5670200173, 53.390019992200003 ], [ -2.5731000211, 53.391739994 ], [ -2.5730900213, 53.391999993299997 ], [ -2.5736500213, 53.392239993600001 ], [ -2.5747700191, 53.391809993199999 ], [ -2.5754200187, 53.392109993699997 ], [ -2.5759100174, 53.391649993199998 ], [ -2.5807100168, 53.392679994300003 ], [ -2.5816300167, 53.392659994100001 ], [ -2.5826300143, 53.392509994400001 ], [ -2.5839700175, 53.393179995 ], [ -2.585070025, 53.394129995699998 ], [ -2.5847700367, 53.395869997299997 ], [ -2.5844400183, 53.398759998700001 ], [ -2.5857000192, 53.398979998900003 ], [ -2.5860500196, 53.398989998899999 ], [ -2.5865300215, 53.3988399992 ], [ -2.5904100418, 53.396509995899997 ], [ -2.5940600348, 53.393819992499999 ], [ -2.59767003, 53.393179990500002 ], [ -2.5991000262, 53.392769990200001 ], [ -2.6022100204, 53.392179989 ], [ -2.6023100186, 53.391679988600004 ], [ -2.6021600187, 53.3906499888 ], [ -2.6021300203, 53.388669989900002 ], [ -2.6034900236, 53.388689991100001 ], [ -2.6027500254, 53.3869899918 ], [ -2.6028300259, 53.386479991900003 ], [ -2.6026100235, 53.386379992199998 ], [ -2.6026700245, 53.386329991899999 ], [ -2.6025500223, 53.386069992 ], [ -2.6023100204, 53.385819991300004 ], [ -2.601960019, 53.385859991099998 ], [ -2.6004100157, 53.385739989800001 ], [ -2.6003300171, 53.3855899904 ], [ -2.6000800144, 53.38551999 ], [ -2.599280015, 53.385589989800003 ], [ -2.5990800146, 53.385559989699999 ], [ -2.5989700148, 53.3854899902 ], [ -2.5988100113, 53.384129990399998 ], [ -2.5994100041, 53.382689990700001 ], [ -2.6008099854, 53.379799994899997 ], [ -2.6000999854, 53.379519995099997 ], [ -2.5994899854, 53.379399995 ], [ -2.5989699851, 53.379429994100001 ], [ -2.5979699852, 53.379269994 ], [ -2.5954499939, 53.380449991500001 ], [ -2.5934300081, 53.383649989299997 ], [ -2.5922200067, 53.383309988199997 ], [ -2.5912000091, 53.384789988500003 ], [ -2.5861300055, 53.383019986100003 ], [ -2.5826200057, 53.3818599863 ], [ -2.5756300057, 53.379779988400003 ], [ -2.5743800095, 53.381129989500003 ], [ -2.5741660649, 53.381664850900002 ], [ -2.5748700083, 53.382229988799999 ], [ -2.5745100101, 53.3825899888 ], [ -2.5724500102, 53.3819699899 ], [ -2.5714100103, 53.381749989699998 ], [ -2.5669400024, 53.381449989499998 ], [ -2.5659599932, 53.381329987199997 ] ] ] } },
{ "type": "Feature", "properties": { "ODSCode": "N81642", "Name": "WATERS EDGE MEDICAL CENTRE", "ICBCode": "QYG", "Region": "Y62", "stroke.opacity": "1.0", "stroke.width": "2.0", "fill.opacity": "0", "OBJECTID": 3608, "stroke": "#0000ff", "fill": "#555555" }, "geometry": { "type": "Polygon", "coordinates": [ [ [ -2.5072899334, 53.202950049800002 ], [ -2.474840025, 53.1481100166 ], [ -2.4529100109, 53.145049993599997 ], [ -2.4248000034, 53.1465099905 ], [ -2.4156200065, 53.169829988899998 ], [ -2.3912400192, 53.195749991 ], [ -2.3936500151, 53.208709990099997 ], [ -2.4070400103, 53.210349984499999 ], [ -2.4115000086, 53.2187799895 ], [ -2.4063500128, 53.235429984500001 ], [ -2.4533800072, 53.214459987399998 ], [ -2.4897799701, 53.208710016 ], [ -2.5072899334, 53.202950049800002 ] ] ] } },
{ "type": "Feature", "properties": { "ODSCode": "N81645", "Name": "4 SEASONS MEDICAL CENTRE", "ICBCode": "QYG", "Region": "Y62", "stroke.opacity": "1.0", "stroke.width": "2.0", "fill.opacity": "0", "OBJECTID": 3512, "stroke": "#0000ff", "fill": "#555555" }, "geometry": { "type": "Polygon", "coordinates": [ [ [ -2.5682300068, 53.423239980699996 ], [ -2.6212700241, 53.4200699907 ], [ -2.609599939, 53.413829967799998 ], [ -2.6099399957, 53.406969991799997 ], [ -2.616980019, 53.399499997900001 ], [ -2.6190400083, 53.388239993100001 ], [ -2.6039300166, 53.3916199887 ], [ -2.5867700182, 53.392639994699998 ], [ -2.5668500186, 53.396839991599997 ], [ -2.572690048, 53.405639994600001 ], [ -2.5627299646, 53.410959980800001 ], [ -2.5682300068, 53.423239980699996 ] ] ] } },
{ "type": "Feature", "properties": { "ODSCode": "N81651", "Name": "UPTON ROCKS PRIMARY CARE", "ICBCode": "QYG", "Region": "Y62", "stroke.opacity": "1.0", "stroke.width": "2.0", "fill.opacity": "0", "OBJECTID": 3104, "stroke": "#0000ff", "fill": "#555555" }, "geometry": { "type": "Polygon", "coordinates": [ [ [ -2.7967100074, 53.395609986499998 ], [ -2.797050008, 53.390899987899999 ], [ -2.7905300026, 53.378209998599999 ], [ -2.7881199964, 53.3607999627 ], [ -2.7815999825, 53.361000003 ], [ -2.7754199901, 53.360390002199999 ], [ -2.7695800006, 53.358749997899999 ], [ -2.7606600097, 53.359979992699998 ], [ -2.7537900128, 53.36099999 ], [ -2.7472700186, 53.360799983900002 ], [ -2.7404000234, 53.360799974800003 ], [ -2.7331900057, 53.359769979200003 ], [ -2.7263299628, 53.360589981099999 ], [ -2.7222099758, 53.365299987900002 ], [ -2.7177400052, 53.3714499883 ], [ -2.7170600086, 53.385789984 ], [ -2.7191200135, 53.387419981400001 ], [ -2.7287300116, 53.390089984 ], [ -2.7404000112, 53.390289985199999 ], [ -2.7544800106, 53.389880000300003 ], [ -2.7682100075, 53.387419990300003 ], [ -2.7809100161, 53.392339994499999 ], [ -2.7967100074, 53.395609986499998 ] ] ] } },
{ "type": "Feature", "properties": { "ODSCode": "N81655", "Name": "ST WERBURGH'S MEDICAL PRACTICE HOMELESS", "ICBCode": "QYG", "Region": "Y62", "stroke.opacity": "1.0", "stroke.width": "2.0", "fill.opacity": "0", "OBJECTID": 314, "stroke": "#0000ff", "fill": "#555555" }, "geometry": { "type": "Polygon", "coordinates": [ [ [ -2.9310529691, 53.196246960499998 ], [ -2.9201136494, 53.188863405399999 ], [ -2.918381048, 53.179628915599999 ], [ -2.9253592023, 53.172422661699997 ], [ -2.928595388, 53.1661728387 ], [ -2.9123055104, 53.158686037 ], [ -2.9058959845, 53.157272285499999 ], [ -2.8976085862, 53.157950227100002 ], [ -2.8903447513, 53.1594549422 ], [ -2.8838236319, 53.161522696600002 ], [ -2.8697850557, 53.1668095916 ], [ -2.8570597976, 53.176434696699999 ], [ -2.8507237135, 53.186418803400002 ], [ -2.8464076916, 53.195626149 ], [ -2.8489386207, 53.216380006599998 ], [ -2.8676360487, 53.232592693100003 ], [ -2.8794626596, 53.239518133300002 ], [ -2.9028877561, 53.236404872599998 ], [ -2.9251665066, 53.2271196441 ], [ -2.9366458295, 53.221848581 ], [ -2.9481251491, 53.216576869599997 ], [ -2.9427886694, 53.206088730700003 ], [ -2.9371115999, 53.200335718799998 ], [ -2.9310529691, 53.196246960499998 ] ] ] } },
{ "type": "Feature", "properties": { "ODSCode": "N82001", "Name": "THE MARGARET THOMPSON MED CENTRE", "ICBCode": "QYG", "Region": "Y62", "stroke.opacity": "1.0", "stroke.width": "2.0", "fill.opacity": "0", "OBJECTID": 2228, "stroke": "#0000ff", "fill": "#555555" }, "geometry": { "type": "Polygon", "coordinates": [ [ [ -2.793023542, 53.322632465700003 ], [ -2.7901800152, 53.321849990700002 ], [ -2.7850184088, 53.323904691 ], [ -2.7836600112, 53.3243099878 ], [ -2.7798800126, 53.326569988 ], [ -2.7774800159, 53.329439989100003 ], [ -2.7782831186, 53.330999339599998 ], [ -2.7778200188, 53.3320999894 ], [ -2.7771400223, 53.334559992099997 ], [ -2.7777986031, 53.334778478099999 ], [ -2.7774800279, 53.335589996899998 ], [ -2.781940033, 53.336560002299997 ], [ -2.7851200289, 53.3378400016 ], [ -2.8036600016, 53.341739988 ], [ -2.8045567991, 53.343862744500001 ], [ -2.8073499907, 53.352189964799997 ], [ -2.792077452, 53.352028436399998 ], [ -2.7913900378, 53.351990020700001 ], [ -2.7913280584, 53.352020464500001 ], [ -2.7884700318, 53.351990017299997 ], [ -2.7877116113, 53.353796620200001 ], [ -2.7874400181, 53.3539299965 ], [ -2.7860600046, 53.356289977400003 ], [ -2.7857199988, 53.3572099716 ], [ -2.7857199938, 53.3584399621 ], [ -2.7852099929, 53.358899962899997 ], [ -2.7874055008, 53.35879174 ], [ -2.7912099833, 53.359359943100003 ], [ -2.798079986, 53.359159940300003 ], [ -2.8049500092, 53.362439982600002 ], [ -2.8148999964, 53.366119992900003 ], [ -2.8178134208, 53.36692267 ], [ -2.8214299855, 53.368269960900001 ], [ -2.8279499854, 53.369399959500001 ], [ -2.8323581919, 53.369363091099999 ], [ -2.8327600098, 53.369399974499999 ], [ -2.8430600219, 53.37185999 ], [ -2.849920005, 53.372879984699999 ], [ -2.8519198858, 53.373036986599999 ], [ -2.8533600092, 53.3732699838 ], [ -2.852683489, 53.373096924800002 ], [ -2.8578200186, 53.3734999845 ], [ -2.8580225853, 53.373459476699999 ], [ -2.8585900186, 53.373549984299999 ], [ -2.8612991357, 53.372804192499999 ], [ -2.862970019, 53.3724699857 ], [ -2.8641195525, 53.372107218 ], [ -2.868800023, 53.371449985300004 ], [ -2.8685611107, 53.3707053969 ], [ -2.8688000227, 53.370629986899999 ], [ -2.8678126816, 53.368372676 ], [ -2.8670900168, 53.366119994599998 ], [ -2.866740017, 53.365919994499997 ], [ -2.8698300234, 53.364279998 ], [ -2.8743054147, 53.3637499202 ], [ -2.8767000269, 53.3638699997 ], [ -2.8764916074, 53.362613374600002 ], [ -2.8770400266, 53.362229998799997 ], [ -2.8771449705, 53.361792594500002 ], [ -2.8773900261, 53.3618199991 ], [ -2.8794500217, 53.355259998 ], [ -2.87910287, 53.3544466731 ], [ -2.8812991356, 53.350517323 ], [ -2.8818653868, 53.3500435188 ], [ -2.8872100597, 53.348592360200001 ], [ -2.8883700102, 53.348499995399997 ], [ -2.8888265403, 53.348153398199997 ], [ -2.8890600108, 53.348089995400002 ], [ -2.889640898, 53.347535116899998 ], [ -2.8921500116, 53.345629992699998 ], [ -2.893614545, 53.343738934900003 ], [ -2.8942100159, 53.343169989499998 ], [ -2.8942388964, 53.3429440552 ], [ -2.8962700187, 53.341119989399999 ], [ -2.8945253074, 53.3407033242 ], [ -2.8945500174, 53.340509989 ], [ -2.8905217412, 53.339565551299998 ], [ -2.8873400135, 53.337839994500001 ], [ -2.8839100105, 53.336609993499998 ], [ -2.8815100135, 53.335179994900002 ], [ -2.8777300174, 53.333949996299999 ], [ -2.8743000206, 53.333539995800002 ], [ -2.8712100222, 53.332509995499997 ], [ -2.8667400088, 53.330459991399998 ], [ -2.8612774236, 53.329120124900001 ], [ -2.8602200079, 53.328619991899998 ], [ -2.8553283769, 53.328328031700003 ], [ -2.8543900099, 53.328209992700003 ], [ -2.8488900151, 53.327799990599999 ], [ -2.8437400157, 53.3275899908 ], [ -2.8413400178, 53.327589990299998 ], [ -2.8375600143, 53.32738999 ], [ -2.832410014, 53.328409991299999 ], [ -2.830833959, 53.329117720699998 ], [ -2.8289800098, 53.329439991699999 ], [ -2.8221100099, 53.331689993200001 ], [ -2.8169600124, 53.330869993199997 ], [ -2.8083800092, 53.328409993500003 ], [ -2.8073344346, 53.327993853499997 ], [ -2.8063200087, 53.327389993399997 ], [ -2.8020664478, 53.325896925099997 ], [ -2.799857034, 53.3250243385 ], [ -2.7960200122, 53.323079990499998 ], [ -2.793023542, 53.322632465700003 ] ] ] } },
{ "type": "Feature", "properties": { "ODSCode": "N82002", "Name": "YEW TREE CENTRE", "ICBCode": "QYG", "Region": "Y62", "stroke.opacity": "1.0", "stroke.width": "2.0", "fill.opacity": "0", "OBJECTID": 734, "stroke": "#0000ff", "fill": "#555555" }, "geometry": { "type": "Polygon", "coordinates": [ [ [ -2.8607800183, 53.422060050399999 ], [ -2.8656300041, 53.425080008099997 ], [ -2.8665300034, 53.425390000299998 ], [ -2.8696600043, 53.4269999992 ], [ -2.8725800106, 53.42874002 ], [ -2.8733500105, 53.429330022800002 ], [ -2.8749800129, 53.4303000178 ], [ -2.8779000108, 53.431170008899997 ], [ -2.8776500124, 53.434420012499999 ], [ -2.8793400103, 53.435480007400002 ], [ -2.8795400107, 53.436300007500002 ], [ -2.8803100086, 53.436650004299999 ], [ -2.8778800113, 53.439620015099997 ], [ -2.8926100062, 53.439969982299999 ], [ -2.8922400083, 53.434189989499998 ], [ -2.8964400107, 53.434079990299999 ], [ -2.9051100081, 53.430299985799998 ], [ -2.90236001, 53.428819987899999 ], [ -2.8998800115, 53.4286099897 ], [ -2.8896600125, 53.424719988500001 ], [ -2.8964400141, 53.421039989199997 ], [ -2.891890016, 53.418079986599999 ], [ -2.8607800183, 53.422060050399999 ] ] ] } },
{ "type": "Feature", "properties": { "ODSCode": "N82003", "Name": "DOVECOT HEALTH CENTRE", "ICBCode": "QYG", "Region": "Y62", "stroke.opacity": "1.0", "stroke.width": "2.0", "fill.opacity": "0", "OBJECTID": 2455, "stroke": "#0000ff", "fill": "#555555" }, "geometry": { "type": "Polygon", "coordinates": [ [ [ -2.8885900183, 53.418709984899998 ], [ -2.8883700182, 53.418469985 ], [ -2.8859700195, 53.417449983799997 ], [ -2.8817200164, 53.416269987900002 ], [ -2.8720699993, 53.412589995099999 ], [ -2.8710399984, 53.412309989699999 ], [ -2.8658900107, 53.418330001500003 ], [ -2.8690000094, 53.420259988600002 ], [ -2.8676500068, 53.420399986 ], [ -2.8681800066, 53.421079983600002 ], [ -2.8687800037, 53.423279990200001 ], [ -2.8682300013, 53.423859986499998 ], [ -2.869860003, 53.424849998 ], [ -2.8728400045, 53.425240019100002 ], [ -2.8724300058, 53.426140017100003 ], [ -2.8726700066, 53.426580018700001 ], [ -2.8734600072, 53.427440019300001 ], [ -2.8747900081, 53.426870015299997 ], [ -2.8797900089, 53.4232799993 ], [ -2.8842800163, 53.420419984200002 ], [ -2.8854100155, 53.420479984099998 ], [ -2.8865700173, 53.4201599835 ], [ -2.8887400182, 53.419159984399997 ], [ -2.8885900183, 53.418709984899998 ] ] ] } },
{ "type": "Feature", "properties": { "ODSCode": "N82004", "Name": "GARSTON FAMILY HEALTH CENTRE", "ICBCode": "QYG", "Region": "Y62", "stroke.opacity": "1.0", "stroke.width": "2.0", "fill.opacity": "0", "OBJECTID": 4169, "stroke": "#0000ff", "fill": "#555555" }, "geometry": { "type": "Polygon", "coordinates": [ [ [ -2.8930500137, 53.345039991599997 ], [ -2.8745100297, 53.357569998599999 ], [ -2.8845689016, 53.360264441299996 ], [ -2.8846874669, 53.360415303400003 ], [ -2.8825400195, 53.365039994699998 ], [ -2.8931400173, 53.369889989599997 ], [ -2.9106558653, 53.369801600700001 ], [ -2.9108597275, 53.369893695499997 ], [ -2.9109500131, 53.370089992399997 ], [ -2.9197900123, 53.371449991200002 ], [ -2.9188400125, 53.3643799982 ], [ -2.918355264, 53.364713896 ], [ -2.9180181112, 53.364716324500002 ], [ -2.9048915653, 53.356100710200003 ], [ -2.9009500052, 53.347169991199998 ], [ -2.8962300083, 53.3464999917 ], [ -2.892884723, 53.346480222399997 ], [ -2.8926623307, 53.3463192225 ], [ -2.8930500137, 53.345039991599997 ] ] ] } },
{ "type": "Feature", "properties": { "ODSCode": "N82009", "Name": "GRASSENDALE MEDICAL CENTRE", "ICBCode": "QYG", "Region": "Y62", "stroke.opacity": "1.0", "stroke.width": "2.0", "fill.opacity": "0", "OBJECTID": 1006, "stroke": "#0000ff", "fill": "#555555" }, "geometry": { "type": "Polygon", "coordinates": [ [ [ -2.9342900052, 53.375239980099998 ], [ -2.9460700119, 53.3673299879 ], [ -2.9449400123, 53.366739987800003 ], [ -2.9337800144, 53.36258999 ], [ -2.925540015, 53.357599991 ], [ -2.920220018, 53.356699993600003 ], [ -2.9135700156, 53.3525899917 ], [ -2.8966100026, 53.351759994200002 ], [ -2.8846800126, 53.3582899974 ], [ -2.8813800212, 53.364779995799999 ], [ -2.8746400377, 53.371169992900001 ], [ -2.8941200179, 53.385269981299999 ], [ -2.9097900005, 53.387909977200003 ], [ -2.9158400025, 53.384609946600001 ], [ -2.9342900052, 53.375239980099998 ] ] ] } },
{ "type": "Feature", "properties": { "ODSCode": "N82011", "Name": "PRIORY MEDICAL CENTRE", "ICBCode": "QYG", "Region": "Y62", "stroke.opacity": "1.0", "stroke.width": "2.0", "fill.opacity": "0", "OBJECTID": 1856, "stroke": "#0000ff", "fill": "#555555" }, "geometry": { "type": "Polygon", "coordinates": [ [ [ -2.9677030059, 53.411782966799997 ], [ -2.9623390031, 53.411961939100003 ], [ -2.9615660037, 53.410835942 ], [ -2.956588007, 53.411654954 ], [ -2.9477480091, 53.4121159671 ], [ -2.9451730104, 53.4121669723 ], [ -2.9350020084, 53.413931990400002 ], [ -2.9313110072, 53.414417988099999 ], [ -2.9238440055, 53.415158987600002 ], [ -2.9194660052, 53.415337987199997 ], [ -2.9212690101, 53.417639987 ], [ -2.9256460116, 53.421118979699997 ], [ -2.927663012, 53.422882982200001 ], [ -2.9298950129, 53.425337986400002 ], [ -2.9237150098, 53.426846978100002 ], [ -2.9206680096, 53.426795979200001 ], [ -2.918136008, 53.427230978200001 ], [ -2.9217840056, 53.429582962799998 ], [ -2.9257320083, 53.433341986400002 ], [ -2.9266760096, 53.434133987700001 ], [ -2.9380920106, 53.439067991500004 ], [ -2.9479620045, 53.441240985 ], [ -2.9490780041, 53.441393984699999 ], [ -2.9532410026, 53.442416984399998 ], [ -2.9571030037, 53.444128988899998 ], [ -2.9608800057, 53.446071993499999 ], [ -2.9635410056, 53.447196995699997 ], [ -2.9656430053, 53.447502996499999 ], [ -2.9664590041, 53.447579997699997 ], [ -2.9676600043, 53.446684997600002 ], [ -2.9677890028, 53.446224996300003 ], [ -2.967746003, 53.445407994699998 ], [ -2.9705789961, 53.4432859932 ], [ -2.9708359972, 53.442672991800002 ], [ -2.9709649948, 53.439655991199999 ], [ -2.971522993, 53.4379689911 ], [ -2.9724669916, 53.436485991799998 ], [ -2.97276699, 53.434593991699998 ], [ -2.9732819891, 53.433059992099999 ], [ -2.9737539897, 53.432164991900002 ], [ -2.9755569866, 53.431218993400002 ], [ -2.9767159849, 53.430375994 ], [ -2.974740995, 53.425261989299997 ], [ -2.9721670032, 53.421246986699998 ], [ -2.9722200024, 53.420286986699999 ], [ -2.9714320047, 53.418739987099997 ], [ -2.9697630075, 53.416054985 ], [ -2.968218007, 53.413035973 ], [ -2.967827006, 53.411865967799997 ], [ -2.9677030059, 53.411782966799997 ] ] ] } },
{ "type": "Feature", "properties": { "ODSCode": "N82014", "Name": "LANCE LANE MEDICAL CENTRE", "ICBCode": "QYG", "Region": "Y62", "stroke.opacity": "1.0", "stroke.width": "2.0", "fill.opacity": "0", "OBJECTID": 4553, "stroke": "#0000ff", "fill": "#555555" }, "geometry": { "type": "Polygon", "coordinates": [ [ [ -2.8911200079, 53.406459986100003 ], [ -2.895900011, 53.405869986699997 ], [ -2.9003300121, 53.406669986300003 ], [ -2.9023500112, 53.407809986899998 ], [ -2.9072600059, 53.407559986199999 ], [ -2.91288, 53.409029986500002 ], [ -2.9173899957, 53.409939985500003 ], [ -2.9205999996, 53.406329989100001 ], [ -2.924250004, 53.403239992700001 ], [ -2.9254500044, 53.3999599964 ], [ -2.9297699923, 53.396300024600002 ], [ -2.9301199905, 53.395720027800003 ], [ -2.9290399879, 53.395420030099999 ], [ -2.9277899884, 53.3956200282 ], [ -2.9252500008, 53.391880005099999 ], [ -2.9220099989, 53.387969974800001 ], [ -2.9202599993, 53.386749963600003 ], [ -2.9188499998, 53.3865399604 ], [ -2.9122700055, 53.382279972600003 ], [ -2.898200014, 53.384609975700002 ], [ -2.8940200189, 53.384019984600002 ], [ -2.893270021, 53.383649986899997 ], [ -2.8921300207, 53.383969986099999 ], [ -2.8886300233, 53.384589986 ], [ -2.8844300253, 53.385229990600003 ], [ -2.8821500244, 53.385039993100001 ], [ -2.8784200266, 53.383479994699996 ], [ -2.8753700287, 53.382819992599998 ], [ -2.8748100297, 53.382609991499997 ], [ -2.8738800237, 53.384240000200002 ], [ -2.8732500161, 53.386280005400003 ], [ -2.8731400028, 53.392410009700001 ], [ -2.8754899895, 53.394360034499996 ], [ -2.8781099947, 53.395410026599997 ], [ -2.8788599955, 53.395960023599997 ], [ -2.8764199979, 53.396910016100001 ], [ -2.8772599988, 53.3971800144 ], [ -2.8791199969, 53.3965800191 ], [ -2.8832600032, 53.399489998299998 ], [ -2.8807500045, 53.399809995600002 ], [ -2.8869400045, 53.402799988699996 ], [ -2.8884300062, 53.404079987300001 ], [ -2.8896300068, 53.4038199875 ], [ -2.8911200079, 53.406459986100003 ] ] ] } },
{ "type": "Feature", "properties": { "ODSCode": "N82018", "Name": "ELLERGREEN MEDICAL CENTRE", "ICBCode": "QYG", "Region": "Y62", "stroke.opacity": "1.0", "stroke.width": "2.0", "fill.opacity": "0", "OBJECTID": 401, "stroke": "#0000ff", "fill": "#555555" }, "geometry": { "type": "Polygon", "coordinates": [ [ [ -2.9275100101, 53.452490000300003 ], [ -2.9276800106, 53.452590001 ], [ -2.9563500032, 53.443289987299998 ], [ -2.9034800098, 53.414849991300002 ], [ -2.8763600123, 53.431830014600003 ], [ -2.9106900033, 53.458009991099999 ], [ -2.9275100101, 53.452490000300003 ] ] ] } },
{ "type": "Feature", "properties": { "ODSCode": "N82019", "Name": "LANGBANK MEDICAL CENTRE", "ICBCode": "QYG", "Region": "Y62", "stroke.opacity": "1.0", "stroke.width": "2.0", "fill.opacity": "0", "OBJECTID": 5366, "stroke": "#0000ff", "fill": "#555555" }, "geometry": { "type": "Polygon", "coordinates": [ [ [ -2.9237400067, 53.4322899796 ], [ -2.9060300043, 53.442159975499997 ], [ -2.9090200046, 53.445789973 ], [ -2.9128400052, 53.448649981300001 ], [ -2.9206500069, 53.454170001900003 ], [ -2.9592700023, 53.443999989200002 ], [ -2.9400400086, 53.4393199903 ], [ -2.9237400067, 53.4322899796 ] ] ] } },
{ "type": "Feature", "properties": { "ODSCode": "N82022", "Name": "BEACON HEALTH KENSINGTON", "ICBCode": "QYG", "Region": "Y62", "stroke.opacity": "1.0", "stroke.width": "2.0", "fill.opacity": "0", "OBJECTID": 2692, "stroke": "#0000ff", "fill": "#555555" }, "geometry": { "type": "Polygon", "coordinates": [ [ [ -2.9244534486, 53.412832765300003 ], [ -2.9417600104, 53.414139977300003 ], [ -2.9726599931, 53.412399977699998 ], [ -2.9748899919, 53.4050299572 ], [ -2.9675100077, 53.397349976599997 ], [ -2.951200015, 53.398479991199999 ], [ -2.9259700034, 53.3894699903 ], [ -2.8918099898, 53.394590037699999 ], [ -2.9015900108, 53.410959989399998 ], [ -2.9244534486, 53.412832765300003 ] ] ] } },
{ "type": "Feature", "properties": { "ODSCode": "N82024", "Name": "WEST DERBY MEDICAL CENTRE", "ICBCode": "QYG", "Region": "Y62", "stroke.opacity": "1.0", "stroke.width": "2.0", "fill.opacity": "0", "OBJECTID": 1934, "stroke": "#0000ff", "fill": "#555555" }, "geometry": { "type": "Polygon", "coordinates": [ [ [ -2.894730149, 53.416364028799997 ], [ -2.8858109246, 53.417764669199997 ], [ -2.8454599922, 53.420379952899999 ], [ -2.8548901376, 53.430359924400001 ], [ -2.8719591998, 53.437492214599999 ], [ -2.8824150072, 53.445138317199998 ], [ -2.8898633783, 53.449942452800002 ], [ -2.9244200084, 53.432039977300001 ], [ -2.9069100081, 53.415469990200002 ], [ -2.894730149, 53.416364028799997 ] ] ] } },
{ "type": "Feature", "properties": { "ODSCode": "N82026", "Name": "PENNY LANE SURGERY", "ICBCode": "QYG", "Region": "Y62", "stroke.opacity": "1.0", "stroke.width": "2.0", "fill.opacity": "0", "OBJECTID": 2497, "stroke": "#0000ff", "fill": "#555555" }, "geometry": { "type": "Polygon", "coordinates": [ [ [ -2.9181599991, 53.398580003399999 ], [ -2.9174299872, 53.3924800136 ], [ -2.9231599998, 53.390139991600002 ], [ -2.9243100003, 53.390049991700003 ], [ -2.9271099855, 53.394820034600002 ], [ -2.9299699908, 53.395660028499996 ], [ -2.9333799992, 53.392610024100001 ], [ -2.9301000066, 53.390259998300003 ], [ -2.927090003, 53.390009994899998 ], [ -2.9247300041, 53.386599968100001 ], [ -2.9245800044, 53.3844899578 ], [ -2.9239800028, 53.383079976200001 ], [ -2.9224900017, 53.382319976 ], [ -2.9221200069, 53.379129977799998 ], [ -2.9208300106, 53.376859979499997 ], [ -2.9259300091, 53.375529981100001 ], [ -2.927190007, 53.37551998 ], [ -2.9270500069, 53.377649980400001 ], [ -2.9297300055, 53.377839981299999 ], [ -2.9344100087, 53.373349983200001 ], [ -2.9332000119, 53.371059986500001 ], [ -2.9302300155, 53.36949999 ], [ -2.9200100114, 53.373549986100002 ], [ -2.9184200108, 53.370269993699999 ], [ -2.9181800095, 53.367859998299998 ], [ -2.9162200087, 53.3665100001 ], [ -2.9149400088, 53.367049998100001 ], [ -2.9066900156, 53.370249991599998 ], [ -2.9007500171, 53.371509990299998 ], [ -2.8989000181, 53.3725799901 ], [ -2.8932900192, 53.366869991100003 ], [ -2.8884300174, 53.368829990599998 ], [ -2.8805900259, 53.370929991600001 ], [ -2.8739500387, 53.371449992700001 ], [ -2.8778200346, 53.374749986 ], [ -2.8860100222, 53.379889982900004 ], [ -2.8806700276, 53.380859984399997 ], [ -2.8747600301, 53.382719992600002 ], [ -2.8778700287, 53.383279993899997 ], [ -2.8807000244, 53.3846099955 ], [ -2.8828600246, 53.385169992199998 ], [ -2.8840100236, 53.387029994199999 ], [ -2.8850700202, 53.391810003499998 ], [ -2.8864100018, 53.393160028 ], [ -2.8876699931, 53.393800041799999 ], [ -2.8923199915, 53.395430031099998 ], [ -2.8969699968, 53.3974900121 ], [ -2.9041199908, 53.396650018400003 ], [ -2.908929994, 53.397560009899998 ], [ -2.9110499974, 53.3981400053 ], [ -2.9181599991, 53.398580003399999 ] ] ] } },
{ "type": "Feature", "properties": { "ODSCode": "N82033", "Name": "DINGLE PARK PRACTICE", "ICBCode": "QYG", "Region": "Y62", "stroke.opacity": "1.0", "stroke.width": "2.0", "fill.opacity": "0", "OBJECTID": 5085, "stroke": "#0000ff", "fill": "#555555" }, "geometry": { "type": "Polygon", "coordinates": [ [ [ -2.9566592335, 53.370592303599999 ], [ -2.9434159076, 53.365005528499999 ], [ -2.9404953673, 53.3672338465 ], [ -2.9381433769, 53.369108216299999 ], [ -2.9356261942, 53.370948668799997 ], [ -2.9342634987, 53.373061469600003 ], [ -2.9322453176, 53.374903695599997 ], [ -2.9302537693, 53.3771702847 ], [ -2.9295543034, 53.378051263800003 ], [ -2.9295019457, 53.378372131200003 ], [ -2.9295156258, 53.378664880599999 ], [ -2.9301608811, 53.378730783599998 ], [ -2.9303577736, 53.378776202899999 ], [ -2.9303965149, 53.378898446100003 ], [ -2.929418558, 53.380008630200003 ], [ -2.9289385317, 53.3806131861 ], [ -2.928587424, 53.381251576700002 ], [ -2.9257480201, 53.3813151791 ], [ -2.9243606384, 53.381383229299999 ], [ -2.9236423616, 53.3813993184 ], [ -2.9228866865, 53.3814555238 ], [ -2.9224512604, 53.381611597400003 ], [ -2.9223264856, 53.381656321199998 ], [ -2.9223822243, 53.381967592199999 ], [ -2.9225507551, 53.382234626399999 ], [ -2.9227905264, 53.382383732 ], [ -2.923524712, 53.382840293 ], [ -2.9243233738, 53.383791886899999 ], [ -2.9245617973, 53.384247027 ], [ -2.9246137973, 53.384741133799999 ], [ -2.9245041296, 53.385329608299998 ], [ -2.9243014567, 53.385775264400003 ], [ -2.9242278174, 53.386226478799998 ], [ -2.9245988464, 53.38698069 ], [ -2.9251239852, 53.387732674900001 ], [ -2.9263840069, 53.389175962700001 ], [ -2.9267320653, 53.389727361799999 ], [ -2.9275348472, 53.389769811699999 ], [ -2.9284850549, 53.389925698100001 ], [ -2.9301212664, 53.390303044200003 ], [ -2.9376799934, 53.394850026100002 ], [ -2.9502600145, 53.398739991500001 ], [ -2.9905909566, 53.392490954800003 ], [ -2.9840740051, 53.384146990399998 ], [ -2.968197006, 53.373651983199998 ], [ -2.9566592335, 53.370592303599999 ] ] ] } },
{ "type": "Feature", "properties": { "ODSCode": "N82034", "Name": "THE VILLAGE SURGERY", "ICBCode": "QYG", "Region": "Y62", "stroke.opacity": "1.0", "stroke.width": "2.0", "fill.opacity": "0", "OBJECTID": 4191, "stroke": "#0000ff", "fill": "#555555" }, "geometry": { "type": "Polygon", "coordinates": [ [ [ -2.8912300084, 53.355279995099998 ], [ -2.8865900116, 53.3555599978 ], [ -2.8900200118, 53.359109995600001 ], [ -2.8895100163, 53.363479992599999 ], [ -2.8881300185, 53.364049994 ], [ -2.8864200174, 53.363809993700002 ], [ -2.8845300178, 53.365719991699997 ], [ -2.8886400177, 53.368679990700002 ], [ -2.8931000191, 53.367129990599999 ], [ -2.8982400177, 53.372959989800002 ], [ -2.9135900106, 53.367709997299997 ], [ -2.9265400153, 53.359599992200003 ], [ -2.9206200186, 53.356109992500002 ], [ -2.9155600199, 53.353699992099997 ], [ -2.9139400176, 53.355489992800003 ], [ -2.9092200111, 53.354509991500002 ], [ -2.9011700013, 53.348699992100002 ], [ -2.9025300044, 53.347709990600002 ], [ -2.8927900148, 53.343629991100002 ], [ -2.8887200121, 53.346989994200001 ], [ -2.8824500138, 53.350759995700002 ], [ -2.8822800148, 53.351879996599997 ], [ -2.8863800124, 53.352589997700001 ], [ -2.8920800075, 53.353459995400002 ], [ -2.892020008, 53.353459995800002 ], [ -2.8912300084, 53.355279995099998 ] ] ] } },
{ "type": "Feature", "properties": { "ODSCode": "N82035", "Name": "MATHER AVENUE SURGERY", "ICBCode": "QYG", "Region": "Y62", "stroke.opacity": "1.0", "stroke.width": "2.0", "fill.opacity": "0", "OBJECTID": 2468, "stroke": "#0000ff", "fill": "#555555" }, "geometry": { "type": "Polygon", "coordinates": [ [ [ -2.8851100104, 53.349119994799999 ], [ -2.8846000089, 53.3499399942 ], [ -2.8793600216, 53.351779996 ], [ -2.8747900306, 53.359029998799997 ], [ -2.877350026, 53.361309999 ], [ -2.8759100291, 53.364010000199997 ], [ -2.8822800196, 53.363469995199999 ], [ -2.8829900175, 53.3639999946 ], [ -2.8836500184, 53.365529993199999 ], [ -2.879470026, 53.367519996399999 ], [ -2.8846400181, 53.368699991 ], [ -2.8874300156, 53.373679989599999 ], [ -2.8799400295, 53.377999975800002 ], [ -2.8844700241, 53.380099982899999 ], [ -2.8821900265, 53.3820599883 ], [ -2.8841000259, 53.384979991 ], [ -2.882300023, 53.387039996299997 ], [ -2.8971100082, 53.3899600003 ], [ -2.899850009, 53.386819983 ], [ -2.9007100085, 53.386519979900001 ], [ -2.9094499997, 53.388369981300002 ], [ -2.9184199996, 53.383349968399997 ], [ -2.9173400024, 53.382059969399997 ], [ -2.917320003, 53.381749969300003 ], [ -2.9165300058, 53.380769971900001 ], [ -2.914340009, 53.379709974299999 ], [ -2.9191700102, 53.377349978200002 ], [ -2.9167000138, 53.373969986500001 ], [ -2.9158400111, 53.369539994500002 ], [ -2.9228800115, 53.368169995499997 ], [ -2.9253000143, 53.365909996 ], [ -2.9252000145, 53.3644299953 ], [ -2.9287100143, 53.361719992200001 ], [ -2.8927500161, 53.3426599903 ], [ -2.8851100104, 53.349119994799999 ] ] ] } },
{ "type": "Feature", "properties": { "ODSCode": "N82036", "Name": "NETHERLEY HEALTH CENTRE", "ICBCode": "QYG", "Region": "Y62", "stroke.opacity": "1.0", "stroke.width": "2.0", "fill.opacity": "0", "OBJECTID": 3276, "stroke": "#0000ff", "fill": "#555555" }, "geometry": { "type": "Polygon", "coordinates": [ [ [ -2.8430600122, 53.399089983300001 ], [ -2.8445411958, 53.399090004900003 ], [ -2.8473500155, 53.397510000799997 ], [ -2.8586800107, 53.390080032299998 ], [ -2.8342999974, 53.380819997099998 ], [ -2.8224099902, 53.379410014199998 ], [ -2.8218600061, 53.386809997699999 ], [ -2.8317300212, 53.3995000066 ], [ -2.8424221642, 53.399222594 ], [ -2.8422000131, 53.398529987 ], [ -2.8430600122, 53.399089983300001 ] ] ] } },
{ "type": "Feature", "properties": { "ODSCode": "N82037", "Name": "WESTMORELAND GP CENTRE", "ICBCode": "QYG", "Region": "Y62", "stroke.opacity": "1.0", "stroke.width": "2.0", "fill.opacity": "0", "OBJECTID": 5827, "stroke": "#0000ff", "fill": "#555555" }, "geometry": { "type": "Polygon", "coordinates": [ [ [ -2.9717200193, 53.456090023199998 ], [ -2.9621900232, 53.4579200015 ], [ -2.9536700177, 53.460379991099998 ], [ -2.9468000156, 53.460429993299996 ], [ -2.9371500042, 53.4598599905 ], [ -2.9326200012, 53.459829989 ], [ -2.9264000058, 53.462179989600003 ], [ -2.9302800002, 53.459049987900002 ], [ -2.9274900097, 53.455500010400002 ], [ -2.9212500065, 53.456510009799999 ], [ -2.9200200077, 53.454840003699999 ], [ -2.9158800039, 53.457050001600003 ], [ -2.9043200051, 53.460399987499997 ], [ -2.9066100106, 53.463809989 ], [ -2.9036500132, 53.4668899821 ], [ -2.9070400163, 53.4721499897 ], [ -2.9027100134, 53.473219990099999 ], [ -2.9024100128, 53.473809989599999 ], [ -2.9104100131, 53.480179994399997 ], [ -2.9146600122, 53.482479995799999 ], [ -2.9166100103, 53.4831399961 ], [ -2.9215500162, 53.479069994299998 ], [ -2.9305000112, 53.482819989799999 ], [ -2.9322600123, 53.485719991499998 ], [ -2.9334100124, 53.4863299915 ], [ -2.9348700114, 53.486689992199999 ], [ -2.9380300105, 53.487019994 ], [ -2.949400011, 53.489139997 ], [ -2.949400006, 53.487789997 ], [ -2.950279999, 53.485259999500002 ], [ -2.9528800015, 53.480439996 ], [ -2.9548700148, 53.475149991400002 ], [ -2.9551700162, 53.473669992200001 ], [ -2.9646800067, 53.469589987100001 ], [ -2.9653200055, 53.468149986299998 ], [ -2.9704899966, 53.466169987599997 ], [ -2.9719899935, 53.465019989699996 ], [ -2.9735199978, 53.462659990900001 ], [ -2.97369, 53.461779991900002 ], [ -2.9717200193, 53.456090023199998 ] ] ] } },
{ "type": "Feature", "properties": { "ODSCode": "N82039", "Name": "STORRSDALE MEDICAL CENTRE", "ICBCode": "QYG", "Region": "Y62", "stroke.opacity": "1.0", "stroke.width": "2.0", "fill.opacity": "0", "OBJECTID": 804, "stroke": "#0000ff", "fill": "#555555" }, "geometry": { "type": "Polygon", "coordinates": [ [ [ -2.9041882502, 53.359043512100001 ], [ -2.918930019, 53.356699994499998 ], [ -2.8591900097, 53.351369987699996 ], [ -2.7946500101, 53.330869993199997 ], [ -2.7973900066, 53.375960007300002 ], [ -2.8134792567, 53.373418392200001 ], [ -2.8935200144, 53.4187399877 ], [ -2.9433100131, 53.4074899875 ], [ -2.9199600193, 53.3575199944 ], [ -2.9041882502, 53.359043512100001 ] ] ] } },
{ "type": "Feature", "properties": { "ODSCode": "N82041", "Name": "OAK VALE MEDICAL CENTRE", "ICBCode": "QYG", "Region": "Y62", "stroke.opacity": "1.0", "stroke.width": "2.0", "fill.opacity": "0", "OBJECTID": 6066, "stroke": "#0000ff", "fill": "#555555" }, "geometry": { "type": "Polygon", "coordinates": [ [ [ -2.8724999961, 53.407919994799997 ], [ -2.8692799969, 53.406409981400003 ], [ -2.8682499946, 53.406719975900003 ], [ -2.8676899916, 53.408019977599999 ], [ -2.8658899927, 53.408509994299997 ], [ -2.8673899957, 53.411019982299997 ], [ -2.8814200162, 53.416259989399997 ], [ -2.8858000192, 53.417489983899998 ], [ -2.8881200175, 53.418479984500003 ], [ -2.8886500176, 53.419069984300002 ], [ -2.8893600181, 53.4196699847 ], [ -2.8907300161, 53.420539985700003 ], [ -2.8934800154, 53.422409987899997 ], [ -2.8904800119, 53.424009987799998 ], [ -2.8901300118, 53.424719987800003 ], [ -2.8964400115, 53.427409989499999 ], [ -2.8984600124, 53.427899988900002 ], [ -2.900430011, 53.428789989599998 ], [ -2.9024500101, 53.428759988 ], [ -2.9052800086, 53.430269984600002 ], [ -2.9063100079, 53.430119984100003 ], [ -2.9088400072, 53.430119979799997 ], [ -2.9115100069, 53.429429975399998 ], [ -2.9130100078, 53.428359977900001 ], [ -2.9161000108, 53.426669981499998 ], [ -2.9180300093, 53.427149978 ], [ -2.9236900094, 53.426869977700001 ], [ -2.9278100112, 53.425899982700003 ], [ -2.9298700132, 53.425309986400002 ], [ -2.9288900123, 53.423929984099999 ], [ -2.9274300116, 53.422699982300003 ], [ -2.9260100117, 53.42124998 ], [ -2.9239900123, 53.419889982599997 ], [ -2.9202200083, 53.416539988099998 ], [ -2.9194500056, 53.415289987400001 ], [ -2.9257500077, 53.415009987300003 ], [ -2.9297900069, 53.414489988600003 ], [ -2.9339100082, 53.414159989700003 ], [ -2.9378600087, 53.413419985600001 ], [ -2.9360500123, 53.409509993500002 ], [ -2.9359700138, 53.407659995700001 ], [ -2.9368700122, 53.406639994800003 ], [ -2.9379400118, 53.405749993199997 ], [ -2.9372100121, 53.405459993800001 ], [ -2.9335600109, 53.405819995100003 ], [ -2.9307700069, 53.405669994500002 ], [ -2.9306900073, 53.404899994099999 ], [ -2.9263500045, 53.405459993199997 ], [ -2.92146, 53.405999990300003 ], [ -2.9211999996, 53.4057699898 ], [ -2.9236900033, 53.403669991500003 ], [ -2.9290600054, 53.402959993300001 ], [ -2.929140005, 53.400499995799997 ], [ -2.9255800023, 53.399759998299999 ], [ -2.9286299939, 53.397000018699998 ], [ -2.9284099933, 53.396740021 ], [ -2.9241199996, 53.390139992500004 ], [ -2.9225800003, 53.387579972700003 ], [ -2.9191899996, 53.383559969499998 ], [ -2.9152800092, 53.379049976 ], [ -2.9127100162, 53.374929986300003 ], [ -2.9111200149, 53.372929989 ], [ -2.9078600152, 53.369759992 ], [ -2.9069100147, 53.3701899916 ], [ -2.9035700171, 53.370759990800003 ], [ -2.9007800172, 53.371599989899998 ], [ -2.8986700186, 53.372649990399999 ], [ -2.8932200169, 53.376799979 ], [ -2.8887600188, 53.378209980400001 ], [ -2.8865300218, 53.380049982800003 ], [ -2.880650029, 53.376239970599997 ], [ -2.8776500341, 53.374189987100003 ], [ -2.8738300391, 53.371089993200002 ], [ -2.8718500447, 53.372419989699999 ], [ -2.865540018, 53.374039980500001 ], [ -2.8670000171, 53.375339974799999 ], [ -2.8671300153, 53.376619955899997 ], [ -2.8665700143, 53.377929963200003 ], [ -2.8664000101, 53.381489980399998 ], [ -2.8666600096, 53.382149984 ], [ -2.8637800148, 53.383019991600001 ], [ -2.8619400185, 53.3832999965 ], [ -2.8597500224, 53.383760003399999 ], [ -2.8591900233, 53.3840200084 ], [ -2.8564900165, 53.386020030399997 ], [ -2.8566200157, 53.388090033399997 ], [ -2.8529700042, 53.390390009199997 ], [ -2.8589800086, 53.392260038400003 ], [ -2.8669999962, 53.396380012400002 ], [ -2.8744700077, 53.400299991600001 ], [ -2.8751600075, 53.400269991400002 ], [ -2.875240008, 53.400599992300002 ], [ -2.8722800087, 53.400399991800001 ], [ -2.8654821549, 53.398532037599999 ], [ -2.8657083295, 53.400757723799998 ], [ -2.8664902244, 53.400810558099998 ], [ -2.8673500044, 53.403109981199997 ], [ -2.8681200026, 53.403649976399997 ], [ -2.869190002, 53.403799980899997 ], [ -2.8726199966, 53.407459994200003 ], [ -2.8724999961, 53.407919994799997 ] ] ] } },
{ "type": "Feature", "properties": { "ODSCode": "N82046", "Name": "SEFTON PARK MEDICAL CENTRE", "ICBCode": "QYG", "Region": "Y62", "stroke.opacity": "1.0", "stroke.width": "2.0", "fill.opacity": "0", "OBJECTID": 4518, "stroke": "#0000ff", "fill": "#555555" }, "geometry": { "type": "Polygon", "coordinates": [ [ [ -2.926700015, 53.361719993100003 ], [ -2.9102678073, 53.363019378899999 ], [ -2.9050000117, 53.363169990599999 ], [ -2.9024993777, 53.364701390500002 ], [ -2.9023094848, 53.364734355499998 ], [ -2.8972600142, 53.364019991299998 ], [ -2.8828000212, 53.3675599926 ], [ -2.8724178831, 53.382908390200001 ], [ -2.8608700027, 53.392880041399998 ], [ -2.8607600094, 53.4018400247 ], [ -2.8680299932, 53.407129975 ], [ -2.887016503, 53.405058396800001 ], [ -2.9249800006, 53.409839989799998 ], [ -2.9565700116, 53.406919974899999 ], [ -2.9718602849, 53.397069108 ], [ -2.9827851418, 53.394510053399998 ], [ -2.9832199836, 53.394459958299997 ], [ -2.9685800061, 53.377359981700003 ], [ -2.9565300091, 53.372469985599999 ], [ -2.9465900113, 53.368629989699997 ], [ -2.926700015, 53.361719993100003 ] ] ] } },
{ "type": "Feature", "properties": { "ODSCode": "N82048", "Name": "WALTON MEDICAL CENTRE", "ICBCode": "QYG", "Region": "Y62", "stroke.opacity": "1.0", "stroke.width": "2.0", "fill.opacity": "0", "OBJECTID": 2074, "stroke": "#0000ff", "fill": "#555555" }, "geometry": { "type": "Polygon", "coordinates": [ [ [ -2.9860500036, 53.459949991899997 ], [ -2.983780016, 53.4565000148 ], [ -2.9835600083, 53.453250007900003 ], [ -2.9838600002, 53.446610002500002 ], [ -2.9800399878, 53.440829995100003 ], [ -2.9765699884, 53.442339995700003 ], [ -2.9750570433, 53.442771031299998 ], [ -2.9715899938, 53.438349990699997 ], [ -2.969069999, 53.437879989599999 ], [ -2.9674, 53.437319989599999 ], [ -2.963100001, 53.437579987600003 ], [ -2.9621500007, 53.4405199865 ], [ -2.9605200009, 53.442949987200002 ], [ -2.9429600114, 53.448239996300003 ], [ -2.9470800161, 53.45029 ], [ -2.9550600141, 53.450649999600003 ], [ -2.9572100171, 53.452540007899998 ], [ -2.9560300203, 53.453270011 ], [ -2.9551900219, 53.4540500146 ], [ -2.9545500255, 53.455760022 ], [ -2.9555800231, 53.4580099983 ], [ -2.962360022, 53.457900001299997 ], [ -2.9613300143, 53.461809990100001 ], [ -2.9705600048, 53.462909991099998 ], [ -2.9754099948, 53.462399991799998 ], [ -2.9860500036, 53.459949991899997 ] ] ] } },
{ "type": "Feature", "properties": { "ODSCode": "N82049", "Name": "WESTMINSTER MEDICAL CENTRE", "ICBCode": "QYG", "Region": "Y62", "stroke.opacity": "1.0", "stroke.width": "2.0", "fill.opacity": "0", "OBJECTID": 2355, "stroke": "#0000ff", "fill": "#555555" }, "geometry": { "type": "Polygon", "coordinates": [ [ [ -3.0031300099, 53.468019991299997 ], [ -3.0008100041, 53.4679199905 ], [ -3.0005599995, 53.466999991400002 ], [ -2.9991799893, 53.46449999 ], [ -2.9925699568, 53.458569990400001 ], [ -2.9916299626, 53.454380018599998 ], [ -2.9894799703, 53.446230010599997 ], [ -2.986389985, 53.435389994700003 ], [ -2.9832199927, 53.429329993 ], [ -2.9828699913, 53.426179991399998 ], [ -2.9808599876, 53.426129992299998 ], [ -2.9764399867, 53.4302499936 ], [ -2.9714199963, 53.431269991500002 ], [ -2.9671700052, 53.430809988199996 ], [ -2.9597400096, 53.428939989500002 ], [ -2.9547200106, 53.4246699877 ], [ -2.926610008, 53.428529966100001 ], [ -2.9301700108, 53.436669987199998 ], [ -2.9320200055, 53.441799991700002 ], [ -2.9358400148, 53.450649995900001 ], [ -2.946220015, 53.465419996100003 ], [ -2.9481600178, 53.472929993699999 ], [ -2.9493100053, 53.487689997 ], [ -2.9515500198, 53.491669996600002 ], [ -2.9543800149, 53.491819996 ], [ -2.9562700078, 53.489879996 ], [ -2.9622699973, 53.484269993300003 ], [ -2.9669100124, 53.482019990200001 ], [ -2.9832199983, 53.475579995399997 ], [ -3.0031300099, 53.468019991299997 ] ] ] } },
{ "type": "Feature", "properties": { "ODSCode": "N82050", "Name": "GATEACRE MEDICAL CENTRE", "ICBCode": "QYG", "Region": "Y62", "stroke.opacity": "1.0", "stroke.width": "2.0", "fill.opacity": "0", "OBJECTID": 3695, "stroke": "#0000ff", "fill": "#555555" }, "geometry": { "type": "Polygon", "coordinates": [ [ [ -2.8784000002, 53.407399989799998 ], [ -2.8793200014, 53.4071199905 ], [ -2.8802700015, 53.407009989099997 ], [ -2.8820700028, 53.406949988199997 ], [ -2.8843700037, 53.406779986099998 ], [ -2.8866800061, 53.406399987199997 ], [ -2.8882200057, 53.406049987499998 ], [ -2.8905300076, 53.4056599862 ], [ -2.8906700068, 53.405179986 ], [ -2.8909600075, 53.404839986500001 ], [ -2.89530001, 53.402749985600003 ], [ -2.8960900101, 53.402819984700002 ], [ -2.8967400112, 53.403189984199997 ], [ -2.8970300122, 53.403429984200002 ], [ -2.8976600122, 53.403669985 ], [ -2.8986100118, 53.404259984900001 ], [ -2.8987400123, 53.404399984299999 ], [ -2.898840011, 53.404429984700002 ], [ -2.8989300121, 53.404409984799997 ], [ -2.8989000122, 53.4043799843 ], [ -2.899120011, 53.404369984500001 ], [ -2.8993000118, 53.4042899847 ], [ -2.8992600113, 53.403929984199998 ], [ -2.8983600124, 53.401769984300003 ], [ -2.8977300095, 53.400659985300003 ], [ -2.8962699938, 53.396640018799999 ], [ -2.8953499935, 53.396190023400003 ], [ -2.8926699897, 53.395050033700002 ], [ -2.892319991, 53.394680037 ], [ -2.892029989, 53.394230040099998 ], [ -2.89317, 53.392680021799997 ], [ -2.8935400091, 53.3912900049 ], [ -2.8942100107, 53.39005 ], [ -2.8953000099, 53.3895799979 ], [ -2.8933800132, 53.389169996299998 ], [ -2.8906500163, 53.388659995600001 ], [ -2.8879900203, 53.388299995099999 ], [ -2.8819900222, 53.387049996099996 ], [ -2.8792200216, 53.3862999993 ], [ -2.880380025, 53.384389995299998 ], [ -2.8787700262, 53.383589994499999 ], [ -2.8789000285, 53.383329993099998 ], [ -2.8807100284, 53.382679990500002 ], [ -2.8813500285, 53.38251999 ], [ -2.8818600286, 53.382779990899998 ], [ -2.8835000271, 53.382319988799999 ], [ -2.8842600267, 53.382149988 ], [ -2.8845900263, 53.382589988699998 ], [ -2.8847300267, 53.382949990199997 ], [ -2.8849800288, 53.383809991100001 ], [ -2.8849800273, 53.384119990599999 ], [ -2.8852600271, 53.384539989799997 ], [ -2.8860900252, 53.385189989399997 ], [ -2.8865100249, 53.385689989600003 ], [ -2.8865000237, 53.3862399912 ], [ -2.8866300239, 53.386569991899997 ], [ -2.8872800235, 53.386859992200002 ], [ -2.8889800203, 53.386779990599997 ], [ -2.8897000203, 53.3864599893 ], [ -2.8899300207, 53.386129987799997 ], [ -2.8896400237, 53.3845799853 ], [ -2.890050023, 53.384429985099999 ], [ -2.8909400218, 53.384309985800002 ], [ -2.891410022, 53.384189985699997 ], [ -2.8920400207, 53.384099985699997 ], [ -2.8923200204, 53.384009985 ], [ -2.890930022, 53.383109988199998 ], [ -2.8906400219, 53.383009988 ], [ -2.8895900237, 53.382359987299999 ], [ -2.8891500239, 53.382169987099999 ], [ -2.8877700233, 53.381349985900002 ], [ -2.8856300219, 53.379789982399998 ], [ -2.8800400312, 53.376259970100001 ], [ -2.8766500364, 53.373579988499998 ], [ -2.8738300392, 53.371459992299997 ], [ -2.8692300274, 53.373039982599998 ], [ -2.8666900169, 53.3728599819 ], [ -2.8663200175, 53.372899982299998 ], [ -2.8660100183, 53.373009982 ], [ -2.865880017, 53.373109982099997 ], [ -2.8655500181, 53.372859983200001 ], [ -2.8654100179, 53.372679982500003 ], [ -2.8639200194, 53.372049985399997 ], [ -2.8637500197, 53.371679987699999 ], [ -2.8637900188, 53.371569987199997 ], [ -2.8645000195, 53.3708999881 ], [ -2.8648700187, 53.370789988200002 ], [ -2.8658700174, 53.370769987499997 ], [ -2.866240018, 53.370639987399997 ], [ -2.8673800156, 53.369959987199998 ], [ -2.8676700169, 53.369619988 ], [ -2.8677400165, 53.369329988499999 ], [ -2.867710016, 53.368839990300003 ], [ -2.8667300182, 53.366999995599997 ], [ -2.8665100167, 53.366189995200003 ], [ -2.8663000164, 53.365849995200001 ], [ -2.8659300185, 53.3656899956 ], [ -2.8655200178, 53.365609996 ], [ -2.8650400194, 53.365659997599998 ], [ -2.8641400208, 53.365879999 ], [ -2.8625400261, 53.366940003400003 ], [ -2.8616100266, 53.366990004900003 ], [ -2.8580000328, 53.366980011 ], [ -2.8577600342, 53.3670600118 ], [ -2.8576400345, 53.367260010099997 ], [ -2.8572100361, 53.367340010299998 ], [ -2.8554600333, 53.3674200078 ], [ -2.8531900258, 53.3674600011 ], [ -2.8538400256, 53.366150005500003 ], [ -2.8540800255, 53.365460003199999 ], [ -2.8545700261, 53.365420004699999 ], [ -2.8552300271, 53.365440006199997 ], [ -2.85686003, 53.365320009 ], [ -2.8570100301, 53.3652200075 ], [ -2.8571700286, 53.364730006 ], [ -2.8569800212, 53.362740000099997 ], [ -2.8570300209, 53.362829999699997 ], [ -2.8566000135, 53.360319991099999 ], [ -2.8561300107, 53.359369987699999 ], [ -2.8556100093, 53.359119986400003 ], [ -2.8526600101, 53.359819988399998 ], [ -2.8518700098, 53.360059988 ], [ -2.8511800102, 53.360179987899997 ], [ -2.8509600101, 53.360179988500001 ], [ -2.8507600116, 53.360249988900001 ], [ -2.8504800115, 53.360439989 ], [ -2.8496100126, 53.3606599899 ], [ -2.8489500136, 53.36088999 ], [ -2.8476500155, 53.361029991300001 ], [ -2.8462300162, 53.360979991299999 ], [ -2.8429500144, 53.360169989600003 ], [ -2.8397100075, 53.359529988799999 ], [ -2.8373500005, 53.358809987299999 ], [ -2.835410001, 53.357979991299999 ], [ -2.833430011, 53.357260000399997 ], [ -2.8315200232, 53.3569200146 ], [ -2.8263200518, 53.356150043299998 ], [ -2.8253700477, 53.356070038 ], [ -2.8247600447, 53.356140035300001 ], [ -2.8235700393, 53.356160029500003 ], [ -2.8226100358, 53.356100023800003 ], [ -2.8215300284, 53.355920017899997 ], [ -2.8207700296, 53.356800017899999 ], [ -2.8205700284, 53.357340019299997 ], [ -2.8208800335, 53.357900023900001 ], [ -2.8212300362, 53.358280027200003 ], [ -2.8214900353, 53.35872003 ], [ -2.8221000363, 53.3590700313 ], [ -2.8216800312, 53.360000021600001 ], [ -2.8216100257, 53.360850014 ], [ -2.8213600189, 53.361940005699999 ], [ -2.8228999997, 53.36625997 ], [ -2.8225299984, 53.366689967799999 ], [ -2.8225099953, 53.367009963599997 ], [ -2.8221099835, 53.367559952699999 ], [ -2.8209099879, 53.368609964100003 ], [ -2.8196899899, 53.369379970899999 ], [ -2.8185199933, 53.370359977699998 ], [ -2.8176099967, 53.3709199814 ], [ -2.8171799973, 53.371499984700002 ], [ -2.8171999981, 53.371819985899997 ], [ -2.8173299995, 53.372079985299997 ], [ -2.8178200018, 53.3726299852 ], [ -2.8183800047, 53.374019989600001 ], [ -2.8185200038, 53.374049989100001 ], [ -2.8189200029, 53.373879990100001 ], [ -2.8202199984, 53.373819992599998 ], [ -2.8207799972, 53.373959994899998 ], [ -2.821099995, 53.374209996200001 ], [ -2.8213399953, 53.374279997499997 ], [ -2.8229099898, 53.373439995399998 ], [ -2.8237299861, 53.373129993900001 ], [ -2.8252599818, 53.3736000006 ], [ -2.8260399769, 53.375390022300003 ], [ -2.8262199714, 53.375670028899997 ], [ -2.8266699667, 53.375900035500003 ], [ -2.8273599723, 53.375690028 ], [ -2.8277999787, 53.375220017899998 ], [ -2.8286599805, 53.375400017099999 ], [ -2.8296099791, 53.375740017699997 ], [ -2.8318899956, 53.375190000899998 ], [ -2.835649988, 53.376669994799997 ], [ -2.8291599832, 53.379650016 ], [ -2.8274199838, 53.380290019100002 ], [ -2.8265899832, 53.380390019499998 ], [ -2.8251999881, 53.380430016 ], [ -2.824619987, 53.380110016400003 ], [ -2.8243699863, 53.380010016599996 ], [ -2.8240099882, 53.379940016600003 ], [ -2.8232099899, 53.379970013200001 ], [ -2.8228099906, 53.380130012099997 ], [ -2.8219999963, 53.380640008299999 ], [ -2.821999996, 53.380860007199999 ], [ -2.8222299972, 53.381350005400002 ], [ -2.8228599996, 53.382310001500002 ], [ -2.8236100023, 53.382650002200002 ], [ -2.8259200035, 53.384590003100001 ], [ -2.8261100019, 53.385100006400002 ], [ -2.8283700002, 53.386730007499999 ], [ -2.8328899996, 53.388760007400002 ], [ -2.8326100059, 53.3906200017 ], [ -2.8337000086, 53.391410000199997 ], [ -2.8346200107, 53.391859998 ], [ -2.8350400116, 53.392170000299998 ], [ -2.8357500138, 53.392520003599998 ], [ -2.8373200201, 53.393420010200003 ], [ -2.8384600214, 53.393420013 ], [ -2.8405200174, 53.392930014199997 ], [ -2.8421400058, 53.392020013100002 ], [ -2.8435500023, 53.3914100131 ], [ -2.8442900021, 53.3914600114 ], [ -2.846140004, 53.391740004500001 ], [ -2.8472000069, 53.3923300051 ], [ -2.8476800106, 53.3926700078 ], [ -2.8484900151, 53.393610017599997 ], [ -2.8486700164, 53.394170024200001 ], [ -2.8482100173, 53.39633001 ], [ -2.8490800148, 53.396770007199997 ], [ -2.8500700131, 53.397030007200001 ], [ -2.8503700135, 53.397010007 ], [ -2.8517900123, 53.396610013900002 ], [ -2.8560500074, 53.395750062200001 ], [ -2.858880004, 53.396220060899999 ], [ -2.8612900043, 53.397380039 ], [ -2.864150005, 53.398210015700002 ], [ -2.866960007, 53.399259989900003 ], [ -2.8673200097, 53.399979981599998 ], [ -2.8649000101, 53.4006599963 ], [ -2.8642700104, 53.4009600005 ], [ -2.8643700092, 53.401530001099999 ], [ -2.8653800039, 53.403539995800003 ], [ -2.8660600012, 53.404619991 ], [ -2.867239996, 53.406149982099997 ], [ -2.8685199934, 53.406959977500001 ], [ -2.8703099935, 53.407509984599997 ], [ -2.8730399947, 53.408099993500002 ], [ -2.8756099979, 53.407889991799998 ], [ -2.876449999, 53.407639992100002 ], [ -2.8773500005, 53.407439990900002 ], [ -2.8784000002, 53.407399989799998 ] ] ] } },
{ "type": "Feature", "properties": { "ODSCode": "N82052", "Name": "TOWNSEND MEDICAL CENTRE", "ICBCode": "QYG", "Region": "Y62", "stroke.opacity": "1.0", "stroke.width": "2.0", "fill.opacity": "0", "OBJECTID": 1782, "stroke": "#0000ff", "fill": "#555555" }, "geometry": { "type": "Polygon", "coordinates": [ [ [ -2.9322600128, 53.424739985800002 ], [ -2.9236500078, 53.428239969300002 ], [ -2.9233300075, 53.429099965100001 ], [ -2.920560005, 53.431759977500001 ], [ -2.9202800057, 53.433459987600003 ], [ -2.9203500008, 53.437589970700003 ], [ -2.9232200033, 53.441099982 ], [ -2.9259900044, 53.443039988099997 ], [ -2.9266300038, 53.443039989500001 ], [ -2.9282600052, 53.443869989600003 ], [ -2.9325800079, 53.445059993100003 ], [ -2.9396800086, 53.444719992700001 ], [ -2.9455800071, 53.443769990100002 ], [ -2.952360003, 53.440589983099997 ], [ -2.9546100094, 53.432839985599998 ], [ -2.9541400094, 53.431989986200001 ], [ -2.9499800094, 53.427779988 ], [ -2.9404500104, 53.423959982 ], [ -2.9322600128, 53.424739985800002 ] ] ] } },
{ "type": "Feature", "properties": { "ODSCode": "N82053", "Name": "AINTREE PARK GROUP PRACTICE", "ICBCode": "QYG", "Region": "Y62", "stroke.opacity": "1.0", "stroke.width": "2.0", "fill.opacity": "0", "OBJECTID": 2210, "stroke": "#0000ff", "fill": "#555555" }, "geometry": { "type": "Polygon", "coordinates": [ [ [ -2.9834299984, 53.450339995100002 ], [ -2.9837999994, 53.448989998400002 ], [ -2.983299998, 53.448739999799997 ], [ -2.9809299927, 53.447960002400002 ], [ -2.9789299885, 53.447760005 ], [ -2.9723399974, 53.447470000700001 ], [ -2.9691900029, 53.4474999993 ], [ -2.9663800067, 53.447739997299998 ], [ -2.9620900095, 53.4492099956 ], [ -2.9596400106, 53.450099996399999 ], [ -2.9586200134, 53.451040001 ], [ -2.9575900123, 53.450769998600002 ], [ -2.9575200186, 53.452700007600001 ], [ -2.9568400183, 53.452600008200001 ], [ -2.9556700194, 53.453430011899997 ], [ -2.9551100209, 53.454140014899998 ], [ -2.9546400249, 53.455410020099997 ], [ -2.9546800264, 53.456130024399997 ], [ -2.9547400258, 53.455780022 ], [ -2.9548800265, 53.456480021300003 ], [ -2.9576600175, 53.460289990699998 ], [ -2.945880015, 53.463789995399999 ], [ -2.9425200139, 53.464339994 ], [ -2.9284300074, 53.462999989300002 ], [ -2.9265400079, 53.463029989200002 ], [ -2.9173200138, 53.4650299937 ], [ -2.9127700091, 53.463139990199998 ], [ -2.9067300118, 53.464449989599999 ], [ -2.905180012, 53.465289990199999 ], [ -2.9041800144, 53.4670099816 ], [ -2.9055400144, 53.469549986399997 ], [ -2.9082000164, 53.471089988599999 ], [ -2.9075100158, 53.471269988800003 ], [ -2.9029700132, 53.472699989200002 ], [ -2.9027300139, 53.473569990100003 ], [ -2.9142700127, 53.482129995400001 ], [ -2.905840005, 53.490799985899997 ], [ -2.9077100058, 53.491339986 ], [ -2.9097100075, 53.491339988699998 ], [ -2.911240008, 53.491279990499997 ], [ -2.913760009, 53.4913899931 ], [ -2.9273400104, 53.485419993900003 ], [ -2.9534300143, 53.493919996 ], [ -2.9563162543, 53.4897289723 ], [ -2.9589499993, 53.486929995200001 ], [ -2.9615699968, 53.484519994099998 ], [ -2.9634099962, 53.483399993 ], [ -2.9683300177, 53.481229988899997 ], [ -2.9921999665, 53.471939986700001 ], [ -2.9956799659, 53.471099986699997 ], [ -2.9976599815, 53.470279988800002 ], [ -2.9970599755, 53.469409987500001 ], [ -2.9942999479, 53.467319983199999 ], [ -2.9856800062, 53.459859992 ], [ -2.9838800161, 53.4561700187 ], [ -2.9834299984, 53.450339995100002 ] ] ] } },
{ "type": "Feature", "properties": { "ODSCode": "N82054", "Name": "ABERCROMBY FAMILY PRACTICE", "ICBCode": "QYG", "Region": "Y62", "stroke.opacity": "1.0", "stroke.width": "2.0", "fill.opacity": "0", "OBJECTID": 4615, "stroke": "#0000ff", "fill": "#555555" }, "geometry": { "type": "Polygon", "coordinates": [ [ [ -2.969754558, 53.3890372603 ], [ -2.9674800023, 53.386229983600003 ], [ -2.9573600041, 53.380939989200002 ], [ -2.957389674, 53.381108795800003 ], [ -2.9499800007, 53.385609976200001 ], [ -2.9477900009, 53.3871499802 ], [ -2.9455800021, 53.3881099838 ], [ -2.9430500036, 53.388839988199997 ], [ -2.936590009, 53.389589997500003 ], [ -2.9297400064, 53.390119997200003 ], [ -2.9363999895, 53.394310031800003 ], [ -2.9402199952, 53.395650016899999 ], [ -2.9426799989, 53.396370009 ], [ -2.9377700084, 53.402849993799997 ], [ -2.941140012, 53.403479992 ], [ -2.9483900167, 53.404199987200002 ], [ -2.9547000167, 53.405349980099999 ], [ -2.9618116688, 53.406252562799999 ], [ -2.9618200109, 53.406299966 ], [ -2.9664200114, 53.406029975499997 ], [ -2.9684173926, 53.403446224 ], [ -2.972769999, 53.403849956499997 ], [ -2.9741400016, 53.399209950699998 ], [ -2.9693553868, 53.398367686599997 ], [ -2.9694216729, 53.397942705200002 ], [ -2.9714600029, 53.3981999616 ], [ -2.9711999923, 53.395359959300002 ], [ -2.9710699904, 53.394849959399998 ], [ -2.9700372896, 53.3939953219 ], [ -2.9705394497, 53.390774857799997 ], [ -2.9775999908, 53.3895499383 ], [ -2.9767199916, 53.387739942700001 ], [ -2.969754558, 53.3890372603 ] ] ] } },
{ "type": "Feature", "properties": { "ODSCode": "N82058", "Name": "ROCK COURT SURGERY", "ICBCode": "QYG", "Region": "Y62", "stroke.opacity": "1.0", "stroke.width": "2.0", "fill.opacity": "0", "OBJECTID": 4649, "stroke": "#0000ff", "fill": "#555555" }, "geometry": { "type": "Polygon", "coordinates": [ [ [ -2.9303774846, 53.410174876 ], [ -2.9274500038, 53.4102199907 ], [ -2.9235276416, 53.410115982900003 ], [ -2.9237100009, 53.408109989700002 ], [ -2.9240400012, 53.407009991300001 ], [ -2.9206099992, 53.406199989199997 ], [ -2.9140000008, 53.406349987799999 ], [ -2.912579999, 53.4090699861 ], [ -2.9094900043, 53.407889986500003 ], [ -2.9084200045, 53.407659986900001 ], [ -2.9069100067, 53.407589986799998 ], [ -2.9023600125, 53.407739986 ], [ -2.9017200095, 53.4082299875 ], [ -2.9015500096, 53.409579988499999 ], [ -2.9021500104, 53.4109099884 ], [ -2.9027900099, 53.411859988800003 ], [ -2.9038700105, 53.412879989099999 ], [ -2.9047700081, 53.414779989899998 ], [ -2.9057100091, 53.4155699907 ], [ -2.9075600102, 53.418079990700001 ], [ -2.9076400122, 53.419119992100001 ], [ -2.908930012, 53.420299991500002 ], [ -2.9100500139, 53.421089992 ], [ -2.9117600131, 53.421449991300001 ], [ -2.9133900133, 53.4220399911 ], [ -2.9141700136, 53.422059989799997 ], [ -2.9145500135, 53.421529991 ], [ -2.9143800127, 53.420859990799997 ], [ -2.914340013, 53.419759990700001 ], [ -2.915240012, 53.4193799906 ], [ -2.9162402309, 53.419108086500003 ], [ -2.9162300112, 53.419169990299999 ], [ -2.9175600113, 53.418789990400001 ], [ -2.918840012, 53.4185599893 ], [ -2.9219300097, 53.417849987 ], [ -2.9206544961, 53.417125711700002 ], [ -2.9198300079, 53.416079988 ], [ -2.9196795862, 53.415389988 ], [ -2.9219800062, 53.415389987 ], [ -2.9233900056, 53.415159987400003 ], [ -2.9248100071, 53.415109987 ], [ -2.9266100075, 53.414879987399999 ], [ -2.9282900068, 53.414719987 ], [ -2.9301363501, 53.414416180899998 ], [ -2.933650008, 53.414139989 ], [ -2.9356200094, 53.413909989099999 ], [ -2.9371700092, 53.413649986499998 ], [ -2.9379400085, 53.4133399854 ], [ -2.9365118819, 53.410310341200002 ], [ -2.9362200114, 53.409429993800003 ], [ -2.9331253882, 53.40996304 ], [ -2.9303774846, 53.410174876 ] ] ] } },
{ "type": "Feature", "properties": { "ODSCode": "N82059", "Name": "GREENBANK DRIVE SURGERY", "ICBCode": "QYG", "Region": "Y62", "stroke.opacity": "1.0", "stroke.width": "2.0", "fill.opacity": "0", "OBJECTID": 4463, "stroke": "#0000ff", "fill": "#555555" }, "geometry": { "type": "Polygon", "coordinates": [ [ [ -2.9372573003, 53.374380504299999 ], [ -2.9370600071, 53.375319984100003 ], [ -2.934960006, 53.375469981400002 ], [ -2.9333300056, 53.376609982300003 ], [ -2.9321700059, 53.377939982100003 ], [ -2.9320900061, 53.377919982 ], [ -2.931630005, 53.378679982800001 ], [ -2.9313200058, 53.380419985 ], [ -2.9300500053, 53.380869983700002 ], [ -2.9288800061, 53.381079982599999 ], [ -2.9224900037, 53.381379976200002 ], [ -2.9186599988, 53.383039969400002 ], [ -2.9167900056, 53.3807199711 ], [ -2.9144200089, 53.379649974499998 ], [ -2.9084300069, 53.382659976200003 ], [ -2.9066900089, 53.384529964 ], [ -2.9071300073, 53.385099963400002 ], [ -2.9077500057, 53.385709966100002 ], [ -2.9103200007, 53.387859976900003 ], [ -2.9112099995, 53.3882699782 ], [ -2.9122399987, 53.388589979400003 ], [ -2.9142199972, 53.389009980600001 ], [ -2.9144599952, 53.390449990800001 ], [ -2.9164499935, 53.391049994500001 ], [ -2.9174199836, 53.392670017599997 ], [ -2.9239400005, 53.390219993099997 ], [ -2.9261899814, 53.393580041900002 ], [ -2.9284199939, 53.397110018 ], [ -2.9339199984, 53.392730026400002 ], [ -2.9333300059, 53.392110013299998 ], [ -2.9376200089, 53.391250002200003 ], [ -2.9432400064, 53.391319995099998 ], [ -2.9433600044, 53.388879988100001 ], [ -2.9467300028, 53.387799982499999 ], [ -2.9499000012, 53.3860299778 ], [ -2.9527800011, 53.384009982 ], [ -2.9564300041, 53.3815899891 ], [ -2.9551600043, 53.381099989799999 ], [ -2.955237003, 53.3810691901 ], [ -2.9540400045, 53.380749991099997 ], [ -2.9504400064, 53.379419994400003 ], [ -2.9407600097, 53.375599989100003 ], [ -2.9372573003, 53.374380504299999 ] ] ] } },
{ "type": "Feature", "properties": { "ODSCode": "N82062", "Name": "FULWOOD GREEN MEDICAL CTR", "ICBCode": "QYG", "Region": "Y62", "stroke.opacity": "1.0", "stroke.width": "2.0", "fill.opacity": "0", "OBJECTID": 1594, "stroke": "#0000ff", "fill": "#555555" }, "geometry": { "type": "Polygon", "coordinates": [ [ [ -2.9455800131, 53.372189992499997 ], [ -2.9516100133, 53.374640000299998 ], [ -2.9530500123, 53.3732399947 ], [ -2.9534300121, 53.373359993500003 ], [ -2.9545900117, 53.375059995 ], [ -2.9608400056, 53.377819985800002 ], [ -2.9615400055, 53.377489984599997 ], [ -2.9619300061, 53.377489983499999 ], [ -2.9642700073, 53.376399983500001 ], [ -2.9663700077, 53.377339984400002 ], [ -2.9663700065, 53.377999985400002 ], [ -2.9705600004, 53.3803299753 ], [ -2.9723199967, 53.3795799659 ], [ -2.9776799914, 53.383789951700003 ], [ -2.9787799924, 53.384949955499998 ], [ -2.9799599948, 53.386759959 ], [ -2.9829599807, 53.393319953300001 ], [ -2.9891599694, 53.392209962899997 ], [ -2.9879399842, 53.390019974399998 ], [ -2.9863699946, 53.387989982 ], [ -2.9828700027, 53.384579982399998 ], [ -2.9815600014, 53.383439975800002 ], [ -2.9786499913, 53.381179954899999 ], [ -2.9749999897, 53.378949952 ], [ -2.9723799958, 53.377519962500003 ], [ -2.9634800061, 53.373359979699998 ], [ -2.9471000121, 53.367919988899999 ], [ -2.9332000147, 53.3619699901 ], [ -2.9241400168, 53.357789991799997 ], [ -2.9227500163, 53.357699992500002 ], [ -2.9214800179, 53.356649992400001 ], [ -2.9192100188, 53.355109993100001 ], [ -2.9154800189, 53.353569991599997 ], [ -2.911980015, 53.355109993100001 ], [ -2.907190011, 53.358249990700003 ], [ -2.905600011, 53.359379990199997 ], [ -2.9032000097, 53.361219989799999 ], [ -2.9040400103, 53.361439990400001 ], [ -2.9074500112, 53.362119993 ], [ -2.9135900111, 53.365439997300001 ], [ -2.9143200099, 53.365819998200003 ], [ -2.9161400089, 53.366610000199998 ], [ -2.9185700112, 53.367929998199997 ], [ -2.9204100106, 53.3670299988 ], [ -2.9230700122, 53.368289995 ], [ -2.9217800124, 53.369699992599998 ], [ -2.9290200091, 53.373659983899998 ], [ -2.9317200042, 53.375729980300001 ], [ -2.9326400047, 53.3760699798 ], [ -2.9341400063, 53.376339981900003 ], [ -2.935520005, 53.375709982 ], [ -2.937450007, 53.375619984499998 ], [ -2.937810007, 53.375069984500001 ], [ -2.9410100095, 53.376189989899999 ], [ -2.9455800131, 53.372189992499997 ] ] ] } },
{ "type": "Feature", "properties": { "ODSCode": "N82065", "Name": "EARLE ROAD MEDICAL CENTRE", "ICBCode": "QYG", "Region": "Y62", "stroke.opacity": "1.0", "stroke.width": "2.0", "fill.opacity": "0", "OBJECTID": 3527, "stroke": "#0000ff", "fill": "#555555" }, "geometry": { "type": "Polygon", "coordinates": [ [ [ -2.9462200126, 53.408099983699998 ], [ -2.9611600168, 53.398939980199998 ], [ -2.9671700047, 53.385479984 ], [ -2.9191100008, 53.384349953 ], [ -2.9144699833, 53.392800022099998 ], [ -2.9110300074, 53.400009989799997 ], [ -2.9241700019, 53.4091799905 ], [ -2.9364000133, 53.408689994600003 ], [ -2.9462200126, 53.408099983699998 ] ] ] } },
{ "type": "Feature", "properties": { "ODSCode": "N82066", "Name": "WOOLTON HOUSE MEDICAL CTR", "ICBCode": "QYG", "Region": "Y62", "stroke.opacity": "1.0", "stroke.width": "2.0", "fill.opacity": "0", "OBJECTID": 4944, "stroke": "#0000ff", "fill": "#555555" }, "geometry": { "type": "Polygon", "coordinates": [ [ [ -2.8521400132, 53.370559990399997 ], [ -2.8524600066, 53.3725799857 ], [ -2.8533799987, 53.375529972199999 ], [ -2.8543400002, 53.377389964199999 ], [ -2.8566500157, 53.379159975199997 ], [ -2.8595700193, 53.381259987 ], [ -2.8622000184, 53.383509997399997 ], [ -2.8638400111, 53.384590006400003 ], [ -2.864560008, 53.384880008300001 ], [ -2.8654300046, 53.385320007799997 ], [ -2.866620002, 53.3863100031 ], [ -2.8680199987, 53.3872999982 ], [ -2.8728900098, 53.390340002400002 ], [ -2.8732800169, 53.386480005499998 ], [ -2.8739000205, 53.384630002599998 ], [ -2.8747700284, 53.382799992899997 ], [ -2.879950029, 53.3811199855 ], [ -2.8821000273, 53.380649984500003 ], [ -2.8860300219, 53.379999982299999 ], [ -2.8784500331, 53.374979986200003 ], [ -2.8741100393, 53.371549992799999 ], [ -2.8735600391, 53.370999993600002 ], [ -2.8716900341, 53.365520004799997 ], [ -2.8705900288, 53.364000000499999 ], [ -2.8660900126, 53.360169989 ], [ -2.8650300118, 53.359099987500002 ], [ -2.8639800124, 53.358649986700001 ], [ -2.8632800104, 53.358529986199997 ], [ -2.8614200104, 53.358349986699999 ], [ -2.8601800082, 53.358389985599999 ], [ -2.8514400115, 53.360459989 ], [ -2.8530900162, 53.362719995 ], [ -2.8535200202, 53.3636799983 ], [ -2.8536200221, 53.364550000800001 ], [ -2.8536700255, 53.3659900042 ], [ -2.8533900261, 53.3667100049 ], [ -2.8520300185, 53.369109992600002 ], [ -2.8521400132, 53.370559990399997 ] ] ] } },
{ "type": "Feature", "properties": { "ODSCode": "N82067", "Name": "BENIM MEDICAL CENTRE", "ICBCode": "QYG", "Region": "Y62", "stroke.opacity": "1.0", "stroke.width": "2.0", "fill.opacity": "0", "OBJECTID": 2708, "stroke": "#0000ff", "fill": "#555555" }, "geometry": { "type": "Polygon", "coordinates": [ [ [ -2.9495700131, 53.408099983100001 ], [ -2.9274700043, 53.410319990700003 ], [ -2.9300000075, 53.414369988300002 ], [ -2.933972646, 53.414077472300001 ], [ -2.9342062593, 53.414171904299998 ], [ -2.9367768788, 53.4199799445 ], [ -2.9351700117, 53.4238299883 ], [ -2.9387564825, 53.423056058900002 ], [ -2.9390418643, 53.423138621600003 ], [ -2.9396141747, 53.424163245899997 ], [ -2.9397523935, 53.424195163100002 ], [ -2.9404500103, 53.424929987900001 ], [ -2.9409021066, 53.4250965616 ], [ -2.9412668453, 53.425367668699998 ], [ -2.9412521345, 53.425540294699999 ], [ -2.9398300122, 53.4263899862 ], [ -2.9418304732, 53.427221859399999 ], [ -2.9419800095, 53.427319982500002 ], [ -2.9456052217, 53.425810285099999 ], [ -2.9458404463, 53.425809877600003 ], [ -2.9501300092, 53.427399988200001 ], [ -2.9519300094, 53.426249991699997 ], [ -2.9541600108, 53.424709988099998 ], [ -2.9473338378, 53.420129885599998 ], [ -2.9473617973, 53.419936960199998 ], [ -2.9559200136, 53.415879972699997 ], [ -2.9516784138, 53.411836266100003 ], [ -2.9495700131, 53.408099983100001 ] ] ] } },
{ "type": "Feature", "properties": { "ODSCode": "N82070", "Name": "THE ELMS MEDICAL CENTRE", "ICBCode": "QYG", "Region": "Y62", "stroke.opacity": "1.0", "stroke.width": "2.0", "fill.opacity": "0", "OBJECTID": 5631, "stroke": "#0000ff", "fill": "#555555" }, "geometry": { "type": "Polygon", "coordinates": [ [ [ -2.9690600034, 53.3757499771 ], [ -2.9689700062, 53.375749978100004 ], [ -2.9317200145, 53.3613599898 ], [ -2.9146400184, 53.352059990800001 ], [ -2.8982400178, 53.342759988300003 ], [ -2.8790600211, 53.348659994800002 ], [ -2.87436003, 53.349139994799998 ], [ -2.8703000308, 53.350049994700001 ], [ -2.8658900179, 53.349829987200003 ], [ -2.8643400136, 53.3541899875 ], [ -2.8642600116, 53.358539986799997 ], [ -2.8709900317, 53.364380002200001 ], [ -2.8738600387, 53.371299992700003 ], [ -2.8754100373, 53.372419990099999 ], [ -2.8791700306, 53.3755099802 ], [ -2.8839500221, 53.378389979 ], [ -2.8926700208, 53.383939986 ], [ -2.8993600098, 53.386139979100001 ], [ -2.9088000012, 53.3882399815 ], [ -2.9109500001, 53.388289979500001 ], [ -2.9138199958, 53.388929980100002 ], [ -2.9234600001, 53.390099991600003 ], [ -2.9262100026, 53.389709991899998 ], [ -2.9294900062, 53.389929995099997 ], [ -2.936999992, 53.394620028399999 ], [ -2.9476100092, 53.397869996700003 ], [ -2.9500100142, 53.3988199916 ], [ -2.9543800111, 53.398069988400003 ], [ -2.988799961, 53.392799955100003 ], [ -2.9859599972, 53.387969983399998 ], [ -2.9817600005, 53.3837599764 ], [ -2.9757499884, 53.379349949 ], [ -2.9690600034, 53.3757499771 ] ] ] } },
{ "type": "Feature", "properties": { "ODSCode": "N82073", "Name": "THE ASH SURGERY", "ICBCode": "QYG", "Region": "Y62", "stroke.opacity": "1.0", "stroke.width": "2.0", "fill.opacity": "0", "OBJECTID": 2960, "stroke": "#0000ff", "fill": "#555555" }, "geometry": { "type": "Polygon", "coordinates": [ [ [ -2.956270009, 53.370719982799997 ], [ -2.9399600136, 53.364589989099997 ], [ -2.9327500151, 53.361589989800002 ], [ -2.9248500145, 53.357859992199998 ], [ -2.9223000181, 53.3568699928 ], [ -2.9107800128, 53.359989993900001 ], [ -2.9076000108, 53.358299990699997 ], [ -2.9044900106, 53.360369990199999 ], [ -2.900540014, 53.363139990199997 ], [ -2.8980900156, 53.365699991200003 ], [ -2.8930700172, 53.366649991199999 ], [ -2.8987800172, 53.372719989700002 ], [ -2.8964900164, 53.374329989800003 ], [ -2.8953500156, 53.375309989400002 ], [ -2.9058780168, 53.373497989 ], [ -2.8942100181, 53.376289979399999 ], [ -2.8887000189, 53.378259979699997 ], [ -2.8864000215, 53.379949982900001 ], [ -2.8932500192, 53.384489981599998 ], [ -2.8986700113, 53.386049980599999 ], [ -2.9057300019, 53.387649980900001 ], [ -2.9149999971, 53.389129981099998 ], [ -2.9245900052, 53.384539956 ], [ -2.9247900046, 53.385489961499999 ], [ -2.9332900093, 53.384659971200001 ], [ -2.9320000061, 53.382339987100003 ], [ -2.9317000055, 53.380039984600003 ], [ -2.9337400049, 53.376309981600002 ], [ -2.9356200063, 53.375389982199998 ], [ -2.938500008, 53.375509986600001 ], [ -2.9402200093, 53.376849989100002 ], [ -2.9409500072, 53.378629990599997 ], [ -2.9414800041, 53.381739993399997 ], [ -2.9436100007, 53.383119993199998 ], [ -2.9444900011, 53.382529992899997 ], [ -2.9491900078, 53.378949995299998 ], [ -2.9475500086, 53.378319995699997 ], [ -2.9495700094, 53.377769997 ], [ -2.9523000142, 53.375390000199999 ], [ -2.9518900131, 53.374589998700003 ], [ -2.956270009, 53.370719982799997 ] ] ] } },
{ "type": "Feature", "properties": { "ODSCode": "N82074", "Name": "OLD SWAN HEALTH CENTRE", "ICBCode": "QYG", "Region": "Y62", "stroke.opacity": "1.0", "stroke.width": "2.0", "fill.opacity": "0", "OBJECTID": 4401, "stroke": "#0000ff", "fill": "#555555" }, "geometry": { "type": "Polygon", "coordinates": [ [ [ -2.9026993669, 53.406193887400001 ], [ -2.9017737417, 53.406851682899998 ], [ -2.8959594485, 53.405883976699997 ], [ -2.8933552891, 53.406004229799997 ], [ -2.8920373427, 53.4059333493 ], [ -2.8907244158, 53.4057873418 ], [ -2.890956584, 53.406627196499997 ], [ -2.8910997965, 53.406930838800001 ], [ -2.8917197194, 53.407439697 ], [ -2.8921018171, 53.407772665499998 ], [ -2.8925020439, 53.408096248 ], [ -2.8926156181, 53.408203264199997 ], [ -2.8926438261, 53.408610291700001 ], [ -2.8925105084, 53.409187251900001 ], [ -2.8925684892, 53.409617506399997 ], [ -2.8926052613, 53.409890372200003 ], [ -2.8926241166, 53.410162447600001 ], [ -2.8909442577, 53.415964325899999 ], [ -2.8936635682, 53.419146855699999 ], [ -2.8955163566, 53.420644302500001 ], [ -2.8975508177, 53.421924967300001 ], [ -2.8988820809, 53.421676742300001 ], [ -2.9003203124, 53.421238541100003 ], [ -2.9017138223, 53.420860418300002 ], [ -2.9048325416, 53.4200140875 ], [ -2.9075168299, 53.4194803635 ], [ -2.9090813582, 53.420953398 ], [ -2.9140872821, 53.422222014600003 ], [ -2.9146263925, 53.422800698899998 ], [ -2.9150041737, 53.423400874099997 ], [ -2.9151934508, 53.4241960198 ], [ -2.9155137009, 53.424873840700002 ], [ -2.9192700133, 53.423569988200001 ], [ -2.9207800128, 53.423159987399998 ], [ -2.9208019969, 53.4234740733 ], [ -2.9209266935, 53.423775833699999 ], [ -2.9213815216, 53.4242639195 ], [ -2.9238404241, 53.423514183 ], [ -2.9253458562, 53.423105353499999 ], [ -2.9267400114, 53.422629982 ], [ -2.9273293324, 53.422469923400001 ], [ -2.926459404, 53.421536518700002 ], [ -2.925304369, 53.420810039099997 ], [ -2.9233297113, 53.419191224499997 ], [ -2.9211338502, 53.417390882799999 ], [ -2.9202021905, 53.4164923636 ], [ -2.9196298536, 53.415583142300001 ], [ -2.9194500052, 53.415469987 ], [ -2.919676248, 53.415427751700001 ], [ -2.9226718847, 53.415285998500003 ], [ -2.9259555107, 53.415044665800004 ], [ -2.9292918946, 53.414588324299999 ], [ -2.9326271864, 53.4142960394 ], [ -2.9362111057, 53.413805616099999 ], [ -2.9387088309, 53.413338905099998 ], [ -2.9414211748, 53.412881746899998 ], [ -2.9424047008, 53.412685832100003 ], [ -2.9434729722, 53.412486163 ], [ -2.9442742857, 53.4123363836 ], [ -2.9429761689, 53.410478163500002 ], [ -2.9424191189, 53.409486814899999 ], [ -2.9421589447, 53.408974926100001 ], [ -2.9420415995, 53.408483116500001 ], [ -2.936252057, 53.409345620300002 ], [ -2.9335152725, 53.409778044200003 ], [ -2.9319871608, 53.409966007100003 ], [ -2.9304439865, 53.410079527599997 ], [ -2.9307322435, 53.406653246300003 ], [ -2.9277561397, 53.406727453099997 ], [ -2.9262157093, 53.406749016 ], [ -2.9246491804, 53.406665202299997 ], [ -2.9209563454, 53.405773359400001 ], [ -2.9135514595, 53.406317252599997 ], [ -2.905660483, 53.406512709399998 ], [ -2.9053369211, 53.406096400400003 ], [ -2.9026993669, 53.406193887400001 ] ] ] } },
{ "type": "Feature", "properties": { "ODSCode": "N82076", "Name": "BROWNLOW HEALTH @ PRINCES PARK", "ICBCode": "QYG", "Region": "Y62", "stroke.opacity": "1.0", "stroke.width": "2.0", "fill.opacity": "0", "OBJECTID": 5897, "stroke": "#0000ff", "fill": "#555555" }, "geometry": { "type": "Polygon", "coordinates": [ [ [ -2.9295741315, 53.378231715799998 ], [ -2.9293580054, 53.378553981800003 ], [ -2.9261968837, 53.381297967199998 ], [ -2.9249700037, 53.381359978600003 ], [ -2.9238700036, 53.381359977099997 ], [ -2.9230000043, 53.381429976699998 ], [ -2.9223500042, 53.381649976 ], [ -2.9224500018, 53.382159976099999 ], [ -2.9234167812, 53.382778838100002 ], [ -2.9240708507, 53.383483784100001 ], [ -2.9243585734, 53.3864103099 ], [ -2.9241400039, 53.386109964399999 ], [ -2.924230004, 53.386459966799997 ], [ -2.9245700042, 53.387029971499999 ], [ -2.9255400028, 53.388279981 ], [ -2.9266800025, 53.389599991399997 ], [ -2.9439800011, 53.3968900056 ], [ -2.9641600221, 53.400829975500002 ], [ -2.9694368082, 53.40137756 ], [ -2.9732700003, 53.401889946600001 ], [ -2.9739500013, 53.3994699514 ], [ -2.9740118932, 53.399331231399998 ], [ -2.9743500003, 53.398999949100002 ], [ -2.9743600009, 53.398899949 ], [ -2.9739800006, 53.398619950600001 ], [ -2.9738611838, 53.3986881975 ], [ -2.96862999, 53.3926399729 ], [ -2.964629999, 53.388679980399999 ], [ -2.9636200016, 53.388079980299999 ], [ -2.9603880317, 53.386571575700003 ], [ -2.9464297086, 53.379056904899997 ], [ -2.9463100081, 53.379180995 ], [ -2.9461559344, 53.379089539600002 ], [ -2.945967007, 53.379168994399997 ], [ -2.9461275316, 53.379072680100002 ], [ -2.9397252939, 53.375447962099997 ], [ -2.9405302581, 53.375749814300001 ], [ -2.9416500096, 53.376019990499998 ], [ -2.9399854784, 53.375426359800002 ], [ -2.9395200085, 53.375149987299999 ], [ -2.933950009, 53.373394983300003 ], [ -2.9309460056, 53.376185980499997 ], [ -2.9304151886, 53.3769775584 ], [ -2.9298800059, 53.3776299807 ], [ -2.9295741315, 53.378231715799998 ] ] ] } },
{ "type": "Feature", "properties": { "ODSCode": "N82077", "Name": "BOUSFIELD SURGERY - DR SHAH", "ICBCode": "QYG", "Region": "Y62", "stroke.opacity": "1.0", "stroke.width": "2.0", "fill.opacity": "0", "OBJECTID": 4108, "stroke": "#0000ff", "fill": "#555555" }, "geometry": { "type": "Polygon", "coordinates": [ [ [ -2.9746721083, 53.437012187699999 ], [ -2.9752799857, 53.435769993199997 ], [ -2.980899987, 53.4344399931 ], [ -2.9840299937, 53.434469991 ], [ -2.9858799879, 53.4347199937 ], [ -2.9829599927, 53.429379993200001 ], [ -2.9829199916, 53.428409992699997 ], [ -2.9795299855, 53.428479994900002 ], [ -2.9777699841, 53.428199995100002 ], [ -2.9760499899, 53.428359993100003 ], [ -2.9727499966, 53.428989990799998 ], [ -2.9732497749, 53.430900922100001 ], [ -2.9715399968, 53.431399990599999 ], [ -2.9677200059, 53.430909988 ], [ -2.9677700005, 53.433089989199999 ], [ -2.9692299983, 53.433059990399997 ], [ -2.9672499994, 53.437199988400003 ], [ -2.96764, 53.437559989500002 ], [ -2.969479996, 53.438099989900003 ], [ -2.9728699928, 53.438249991500001 ], [ -2.9745768523, 53.437118372699999 ], [ -2.9745899885, 53.437179992600001 ], [ -2.9746721083, 53.437012187699999 ] ] ] } },
{ "type": "Feature", "properties": { "ODSCode": "N82078", "Name": "BOUSFIELD - ROBERTS", "ICBCode": "QYG", "Region": "Y62", "stroke.opacity": "1.0", "stroke.width": "2.0", "fill.opacity": "0", "OBJECTID": 4181, "stroke": "#0000ff", "fill": "#555555" }, "geometry": { "type": "Polygon", "coordinates": [ [ [ -2.9674699994, 53.437179989199997 ], [ -2.971159994, 53.438379990800001 ], [ -2.9737799899, 53.437839992400001 ], [ -2.9745899874, 53.436919992900002 ], [ -2.9769499844, 53.438609994700002 ], [ -2.9827499905, 53.436329992099999 ], [ -2.9813299868, 53.4343399929 ], [ -2.9840299935, 53.434489990800003 ], [ -2.9830499903, 53.432369992300004 ], [ -2.9838599943, 53.432089991399998 ], [ -2.9826599911, 53.430759992799999 ], [ -2.9786699815, 53.431039995 ], [ -2.9757899883, 53.430479993900001 ], [ -2.9706399977, 53.431649990499999 ], [ -2.9687099978, 53.433339989399997 ], [ -2.9674699994, 53.437179989199997 ] ] ] } },
{ "type": "Feature", "properties": { "ODSCode": "N82079", "Name": "GREENBANK ROAD SURGERY", "ICBCode": "QYG", "Region": "Y62", "stroke.opacity": "1.0", "stroke.width": "2.0", "fill.opacity": "0", "OBJECTID": 3840, "stroke": "#0000ff", "fill": "#555555" }, "geometry": { "type": "Polygon", "coordinates": [ [ [ -2.9337399955, 53.392930029799999 ], [ -2.9338600002, 53.392540022799999 ], [ -2.933470007, 53.392160014 ], [ -2.9364700091, 53.3916100056 ], [ -2.9395000069, 53.391179999599998 ], [ -2.944590006, 53.391549994800002 ], [ -2.9446600039, 53.388609986299997 ], [ -2.9478000017, 53.387429980900002 ], [ -2.9507600013, 53.385399976099997 ], [ -2.9562200036, 53.381869988799998 ], [ -2.9560600045, 53.3815399888 ], [ -2.9554600046, 53.381209990499997 ], [ -2.950760006, 53.379419994300001 ], [ -2.9447900101, 53.377069994400003 ], [ -2.9420800098, 53.375919990600003 ], [ -2.9391100083, 53.374929986399998 ], [ -2.9361400088, 53.3740599833 ], [ -2.934620008, 53.373109984099997 ], [ -2.9331400119, 53.3711299868 ], [ -2.9323600124, 53.3714599857 ], [ -2.9315900097, 53.3718799854 ], [ -2.9264900091, 53.375329981500002 ], [ -2.9259500079, 53.375399981199998 ], [ -2.9240200105, 53.375779981299999 ], [ -2.9211600095, 53.3764199803 ], [ -2.9202400103, 53.376789979500003 ], [ -2.9174500101, 53.378059976499998 ], [ -2.9148400083, 53.379349975799997 ], [ -2.9088500063, 53.382469976199999 ], [ -2.9080900077, 53.382669976499997 ], [ -2.907450007, 53.383129977800003 ], [ -2.9073400074, 53.383809974 ], [ -2.9068800071, 53.384279967399998 ], [ -2.9070100074, 53.384889961 ], [ -2.9075400055, 53.385509965 ], [ -2.9087700018, 53.38668997 ], [ -2.9100800006, 53.387659976 ], [ -2.9115699995, 53.388539979900003 ], [ -2.913379997, 53.389039981899998 ], [ -2.9143199969, 53.389159981699997 ], [ -2.9144999946, 53.390669993 ], [ -2.9158999943, 53.3908399926 ], [ -2.9162899941, 53.391109994600001 ], [ -2.9166099918, 53.391529998499998 ], [ -2.9173399827, 53.392800021100001 ], [ -2.9194499942, 53.391860001799998 ], [ -2.9236099996, 53.390239992600002 ], [ -2.9241599992, 53.390299993399999 ], [ -2.9244600004, 53.3905699954 ], [ -2.9247900002, 53.391150000300001 ], [ -2.9258099946, 53.392410017499998 ], [ -2.9274099853, 53.394740034100003 ], [ -2.9288699893, 53.395360031099997 ], [ -2.9303299912, 53.395770028299999 ], [ -2.9337399955, 53.392930029799999 ] ] ] } },
{ "type": "Feature", "properties": { "ODSCode": "N82081", "Name": "ISLINGTON HOUSE MEDICAL CENTRE", "ICBCode": "QYG", "Region": "Y62", "stroke.opacity": "1.0", "stroke.width": "2.0", "fill.opacity": "0", "OBJECTID": 3825, "stroke": "#0000ff", "fill": "#555555" }, "geometry": { "type": "Polygon", "coordinates": [ [ [ -2.9441813154, 53.432913642599999 ], [ -2.9475015442, 53.433575986699999 ], [ -2.9516984328, 53.434413051200004 ], [ -2.9544986423, 53.432684048299997 ], [ -2.9581675459, 53.435490681700003 ], [ -2.9631625825, 53.4378837346 ], [ -2.9611590008, 53.442978988100002 ], [ -2.9640770006, 53.443387989400001 ], [ -2.9667927436, 53.443356613299997 ], [ -2.9690600527, 53.443135155100002 ], [ -2.9750649904, 53.442569994700001 ], [ -2.9775529867, 53.441598994899998 ], [ -2.9821869924, 53.438735993199998 ], [ -2.9837580164, 53.436701160200002 ], [ -2.9859619875, 53.434696993499998 ], [ -2.9880880233, 53.433697106700002 ], [ -2.991123977, 53.430935762200001 ], [ -2.9929183694, 53.426362641399997 ], [ -2.9943930902, 53.421338575100002 ], [ -2.9945633336, 53.416884815800003 ], [ -2.9934858607, 53.4124748033 ], [ -2.9855133471, 53.413520121300003 ], [ -2.9820596816, 53.413858149799999 ], [ -2.9825349874, 53.411373987300003 ], [ -2.9819490205, 53.411291891899999 ], [ -2.9803090454, 53.411022623400001 ], [ -2.9778492989, 53.411179116699998 ], [ -2.9739636682, 53.411545201499997 ], [ -2.9678467113, 53.411887512299998 ], [ -2.9625822461, 53.411886967199997 ], [ -2.9555918476, 53.411709162299999 ], [ -2.955482202, 53.411687287100001 ], [ -2.9555188835, 53.411624973899997 ], [ -2.9535665821, 53.411808534099997 ], [ -2.9491565629, 53.412088031099998 ], [ -2.946379994, 53.412119683900002 ], [ -2.944354403, 53.412355733200002 ], [ -2.9459717152, 53.416682116200001 ], [ -2.9476507308, 53.421172577100002 ], [ -2.9447705498, 53.421982634800003 ], [ -2.9403909182, 53.422492804699999 ], [ -2.9413878122, 53.423862918600001 ], [ -2.9459031285, 53.425822751200002 ], [ -2.948460374, 53.426932537100001 ], [ -2.949820951, 53.428125259 ], [ -2.9446152597, 53.429989604900001 ], [ -2.9406756941, 53.432421526399999 ], [ -2.9441813154, 53.432913642599999 ] ] ] } },
{ "type": "Feature", "properties": { "ODSCode": "N82082", "Name": "ST. JAMES' HEALTH CENTRE", "ICBCode": "QYG", "Region": "Y62", "stroke.opacity": "1.0", "stroke.width": "2.0", "fill.opacity": "0", "OBJECTID": 2690, "stroke": "#0000ff", "fill": "#555555" }, "geometry": { "type": "Polygon", "coordinates": [ [ [ -2.981695079, 53.386011582800002 ], [ -2.9724899962, 53.3771799616 ], [ -2.9134400169, 53.353419992100001 ], [ -2.9022800047, 53.347669991399997 ], [ -2.8923700077, 53.353269995799998 ], [ -2.8930100103, 53.3578599943 ], [ -2.9059900155, 53.3662499928 ], [ -2.9099200132, 53.369009993399999 ], [ -2.9189800113, 53.371849989899999 ], [ -2.9213500095, 53.376399980199999 ], [ -2.9207100106, 53.376809979199997 ], [ -2.9221400077, 53.3793199773 ], [ -2.9223200017, 53.3819299755 ], [ -2.9246300049, 53.384839955700002 ], [ -2.9242800039, 53.386559967499998 ], [ -2.9268100026, 53.389679992200001 ], [ -2.9295900063, 53.390109997 ], [ -2.9368199923, 53.394590028499998 ], [ -2.9501700173, 53.399199990600003 ], [ -2.9584100098, 53.407379971300003 ], [ -2.9632200062, 53.413829951300002 ], [ -2.9716300041, 53.420969985399999 ], [ -3.0017600135, 53.415159986600003 ], [ -2.9947999691, 53.4015499741 ], [ -2.9882799783, 53.391309970099996 ], [ -2.9817599993, 53.385989972200001 ], [ -2.981695079, 53.386011582800002 ] ] ] } },
{ "type": "Feature", "properties": { "ODSCode": "N82083", "Name": "JUBILEE MEDICAL CENTRE", "ICBCode": "QYG", "Region": "Y62", "stroke.opacity": "1.0", "stroke.width": "2.0", "fill.opacity": "0", "OBJECTID": 4089, "stroke": "#0000ff", "fill": "#555555" }, "geometry": { "type": "Polygon", "coordinates": [ [ [ -2.9195300073, 53.454530002299997 ], [ -2.9242900094, 53.453150000400001 ], [ -2.9287100112, 53.452180000299997 ], [ -2.930950008, 53.445379991700001 ], [ -2.9238800024, 53.4403599806 ], [ -2.9194800003, 53.436979971299998 ], [ -2.9179700018, 53.436189975399998 ], [ -2.9157300046, 53.435579978200003 ], [ -2.9114900075, 53.433089986900001 ], [ -2.9097200071, 53.4326499863 ], [ -2.9059400084, 53.430559984399999 ], [ -2.9052300088, 53.4302499844 ], [ -2.9044900082, 53.4306099864 ], [ -2.9013000113, 53.431949991499998 ], [ -2.8979400109, 53.433489992699997 ], [ -2.8965200104, 53.433909990899998 ], [ -2.8948000099, 53.4339999898 ], [ -2.8931600084, 53.4340099892 ], [ -2.891940009, 53.4342399895 ], [ -2.8864900055, 53.435839987100003 ], [ -2.8844300042, 53.436719989 ], [ -2.8810800097, 53.437790002699998 ], [ -2.8774700117, 53.4388500174 ], [ -2.861940016, 53.448270035299998 ], [ -2.864620009, 53.451420014200004 ], [ -2.8681500078, 53.4544099911 ], [ -2.8734600184, 53.458120018800003 ], [ -2.8771300203, 53.460310009300002 ], [ -2.8816400102, 53.460409999 ], [ -2.886400005, 53.461379990099999 ], [ -2.8897500043, 53.463319991100001 ], [ -2.8937800052, 53.462809989599997 ], [ -2.8978200068, 53.461789986900001 ], [ -2.9053700039, 53.459739986099997 ], [ -2.9173400055, 53.456270006300002 ], [ -2.9195300073, 53.454530002299997 ] ] ] } },
{ "type": "Feature", "properties": { "ODSCode": "N82084", "Name": "GATEACRE BROW SURGERY", "ICBCode": "QYG", "Region": "Y62", "stroke.opacity": "1.0", "stroke.width": "2.0", "fill.opacity": "0", "OBJECTID": 1457, "stroke": "#0000ff", "fill": "#555555" }, "geometry": { "type": "Polygon", "coordinates": [ [ [ -2.900050011, 53.406669986700003 ], [ -2.8962700014, 53.398270004099999 ], [ -2.9014199849, 53.392950029799998 ], [ -2.9096599989, 53.388649983199997 ], [ -2.8969600151, 53.385579979500001 ], [ -2.9072600147, 53.370219992099997 ], [ -2.8924900097, 53.3579199948 ], [ -2.8712100327, 53.366120004700001 ], [ -2.8653700131, 53.36058999 ], [ -2.8636600136, 53.354039987699998 ], [ -2.8204000211, 53.354850007400003 ], [ -2.8214300388, 53.358340029700003 ], [ -2.8221100154, 53.3632599966 ], [ -2.8217699853, 53.368379959499997 ], [ -2.8162799969, 53.371859989599997 ], [ -2.819370003, 53.374729994299997 ], [ -2.8173099996, 53.379230003099998 ], [ -2.813530009, 53.382919995199998 ], [ -2.8190200071, 53.386809994700002 ], [ -2.824170006, 53.389059998199997 ], [ -2.8221100163, 53.396230000400003 ], [ -2.8372200139, 53.400729992400002 ], [ -2.8509500147, 53.401339991699999 ], [ -2.8619400035, 53.405640024699998 ], [ -2.872919996, 53.408299994300002 ], [ -2.8835700042, 53.407489986900003 ], [ -2.893520008, 53.4062599867 ], [ -2.900050011, 53.406669986700003 ] ] ] } },
{ "type": "Feature", "properties": { "ODSCode": "N82086", "Name": "ABINGDON FAMILY HEALTH CARE CENTRE", "ICBCode": "QYG", "Region": "Y62", "stroke.opacity": "1.0", "stroke.width": "2.0", "fill.opacity": "0", "OBJECTID": 3405, "stroke": "#0000ff", "fill": "#555555" }, "geometry": { "type": "Polygon", "coordinates": [ [ [ -2.9408200124, 53.4325499865 ], [ -2.937250013, 53.434189992599997 ], [ -2.9330500136, 53.436949991299997 ], [ -2.9326600059, 53.442239992899999 ], [ -2.9420600139, 53.448679996099997 ], [ -2.9539760759, 53.444986679300001 ], [ -2.9542698594, 53.445040313299998 ], [ -2.9560500068, 53.446989995800003 ], [ -2.959230006, 53.445889993100003 ], [ -2.956400004, 53.444209989299999 ], [ -2.9555554208, 53.4444777008 ], [ -2.9551658571, 53.444185892100002 ], [ -2.9555800046, 53.4438999889 ], [ -2.9538340933, 53.442519897300002 ], [ -2.9540581689, 53.4422670923 ], [ -2.9551700014, 53.442299985399998 ], [ -2.9561600009, 53.442019984399998 ], [ -2.9560510955, 53.441911080200001 ], [ -2.9560500016, 53.441729984399998 ], [ -2.9515567039, 53.4399152 ], [ -2.9514771372, 53.439767531699999 ], [ -2.9519700034, 53.438969982899998 ], [ -2.9527500086, 53.434239985 ], [ -2.9510924066, 53.434606453800001 ], [ -2.9408200124, 53.4325499865 ] ] ] } },
{ "type": "Feature", "properties": { "ODSCode": "N82087", "Name": "GILLMOSS MEDICAL CENTRE", "ICBCode": "QYG", "Region": "Y62", "stroke.opacity": "1.0", "stroke.width": "2.0", "fill.opacity": "0", "OBJECTID": 1961, "stroke": "#0000ff", "fill": "#555555" }, "geometry": { "type": "Polygon", "coordinates": [ [ [ -2.9329600054, 53.442319992500003 ], [ -2.9178100028, 53.435819977800001 ], [ -2.9000900035, 53.4453799749 ], [ -2.8994000045, 53.446229971500003 ], [ -2.8960600022, 53.448219967299998 ], [ -2.8953700079, 53.451519986100003 ], [ -2.8915500058, 53.457669983 ], [ -2.8885900041, 53.460489982699997 ], [ -2.8931800065, 53.462839989400003 ], [ -2.9081200026, 53.458949985799997 ], [ -2.9300000124, 53.451849998900002 ], [ -2.9329600054, 53.442319992500003 ] ] ] } },
{ "type": "Feature", "properties": { "ODSCode": "N82089", "Name": "PICTON GREEN", "ICBCode": "QYG", "Region": "Y62", "stroke.opacity": "1.0", "stroke.width": "2.0", "fill.opacity": "0", "OBJECTID": 5522, "stroke": "#0000ff", "fill": "#555555" }, "geometry": { "type": "Polygon", "coordinates": [ [ [ -2.9772899843, 53.3951999274 ], [ -2.9682000064, 53.380869988400001 ], [ -2.950860013, 53.368579989399997 ], [ -2.9079400126, 53.359569992200001 ], [ -2.8729200499, 53.376159961799999 ], [ -2.8787599949, 53.395720025499998 ], [ -2.8619400075, 53.398890024 ], [ -2.8909500069, 53.408509986600002 ], [ -2.9103500117, 53.425899986899999 ], [ -2.9297400092, 53.417719981700003 ], [ -2.9532600134, 53.418539970799998 ], [ -2.9717999957, 53.409329979 ], [ -2.9772899843, 53.3951999274 ] ] ] } },
{ "type": "Feature", "properties": { "ODSCode": "N82090", "Name": "GREEN LANE MEDICAL CENTRE", "ICBCode": "QYG", "Region": "Y62", "stroke.opacity": "1.0", "stroke.width": "2.0", "fill.opacity": "0", "OBJECTID": 752, "stroke": "#0000ff", "fill": "#555555" }, "geometry": { "type": "Polygon", "coordinates": [ [ [ -2.9329600096, 53.4194599733 ], [ -2.9256700112, 53.42106998 ], [ -2.9238000123, 53.419739983100001 ], [ -2.9208800099, 53.417309987899998 ], [ -2.9196800068, 53.415939988200002 ], [ -2.9195500055, 53.415289987100003 ], [ -2.9183900062, 53.415109987 ], [ -2.9141000042, 53.413709987200001 ], [ -2.9146600093, 53.416439988699999 ], [ -2.9157800117, 53.419159989900002 ], [ -2.9144200135, 53.419559990800003 ], [ -2.9143600136, 53.420259991 ], [ -2.914450014, 53.4215299906 ], [ -2.9139900128, 53.421979990799997 ], [ -2.9109300135, 53.4213399908 ], [ -2.9087200124, 53.4202099914 ], [ -2.9079700124, 53.419229992299996 ], [ -2.9053700116, 53.4197999915 ], [ -2.9016100115, 53.420789992899998 ], [ -2.8979400138, 53.421819990400003 ], [ -2.8964900146, 53.421209989200001 ], [ -2.892990014, 53.422649987200003 ], [ -2.8901800114, 53.424329987100002 ], [ -2.8901300115, 53.424639988 ], [ -2.8906100122, 53.424949988500003 ], [ -2.8923900118, 53.425679988100001 ], [ -2.8963600118, 53.427489989199998 ], [ -2.8983100111, 53.427979989 ], [ -2.9002200102, 53.428819990100003 ], [ -2.9023600106, 53.428839988100002 ], [ -2.9052200091, 53.430259984599999 ], [ -2.9066100084, 53.431229984399998 ], [ -2.9093400094, 53.432569986700003 ], [ -2.9099600091, 53.433019987 ], [ -2.9099200088, 53.433229988400001 ], [ -2.9077500081, 53.434479983899998 ], [ -2.9104500051, 53.435889976299997 ], [ -2.9147200024, 53.437509967300002 ], [ -2.9148700001, 53.437549967499997 ], [ -2.9183300019, 53.435779976600003 ], [ -2.9218100072, 53.433779987100003 ], [ -2.9227500068, 53.432909983400002 ], [ -2.9236500077, 53.431589974399998 ], [ -2.9259700105, 53.433639987799999 ], [ -2.9327900133, 53.4365999909 ], [ -2.9333600137, 53.435869991099999 ], [ -2.9347900148, 53.434769994600003 ], [ -2.9353500156, 53.434419993100001 ], [ -2.9375900136, 53.433779993100003 ], [ -2.9400000121, 53.432469985399997 ], [ -2.93776001, 53.428499974600001 ], [ -2.93893001, 53.428129978 ], [ -2.9404500102, 53.427439982099997 ], [ -2.9445100102, 53.425309986 ], [ -2.94270501, 53.424493982400001 ], [ -2.9415040106, 53.424340982799997 ], [ -2.9413750093, 53.423522977 ], [ -2.9408600096, 53.422754972500002 ], [ -2.9411170093, 53.423291976599998 ], [ -2.9403450107, 53.4229859752 ], [ -2.9397440096, 53.422857975900001 ], [ -2.9399382163, 53.422603107800001 ], [ -2.9389300105, 53.422169973 ], [ -2.9383700096, 53.422319975 ], [ -2.9373800097, 53.422489977700003 ], [ -2.9365500096, 53.422379978499997 ], [ -2.93587001, 53.422169978 ], [ -2.9357700096, 53.421809976799999 ], [ -2.9353100092, 53.421139974399999 ], [ -2.9340300101, 53.420249971700002 ], [ -2.9333500093, 53.419399974 ], [ -2.9329600096, 53.4194599733 ] ] ] } },
{ "type": "Feature", "properties": { "ODSCode": "N82091", "Name": "GP PRACTICE RIVERSIDE (DR JUDE)", "ICBCode": "QYG", "Region": "Y62", "stroke.opacity": "1.0", "stroke.width": "2.0", "fill.opacity": "0", "OBJECTID": 3252, "stroke": "#0000ff", "fill": "#555555" }, "geometry": { "type": "Polygon", "coordinates": [ [ [ -2.9303900152, 53.361919990799997 ], [ -2.9248100135, 53.367149996599998 ], [ -2.9172600099, 53.369499995399998 ], [ -2.9249000083, 53.375699981099999 ], [ -2.9267400071, 53.377899980400002 ], [ -2.9284600058, 53.377979980799999 ], [ -2.9246800056, 53.385199958900003 ], [ -2.9264800026, 53.389679991900003 ], [ -2.9237400003, 53.390159993200001 ], [ -2.9154099972, 53.388959979 ], [ -2.9068299806, 53.393110031100001 ], [ -2.8996999788, 53.394000043699997 ], [ -2.8972099942, 53.396940015799998 ], [ -2.9367000073, 53.402369994099999 ], [ -2.9405200104, 53.400419993 ], [ -2.9412499968, 53.395840013499999 ], [ -2.9504300147, 53.398709992 ], [ -2.9645100216, 53.400829975299999 ], [ -2.9642900111, 53.4060799696 ], [ -2.9705100066, 53.417259988700003 ], [ -2.9967399686, 53.421349996499998 ], [ -3.005280006, 53.420839983100002 ], [ -2.9838600044, 53.385169986699999 ], [ -2.9573800065, 53.371009981 ], [ -2.9315000143, 53.361209990100001 ], [ -2.9303900152, 53.361919990799997 ] ] ] } },
{ "type": "Feature", "properties": { "ODSCode": "N82092", "Name": "THE VALLEY MEDICAL CENTRE", "ICBCode": "QYG", "Region": "Y62", "stroke.opacity": "1.0", "stroke.width": "2.0", "fill.opacity": "0", "OBJECTID": 2911, "stroke": "#0000ff", "fill": "#555555" }, "geometry": { "type": "Polygon", "coordinates": [ [ [ -2.8996600115, 53.405689985499997 ], [ -2.896659996, 53.397280013600003 ], [ -2.9022799965, 53.391520007399997 ], [ -2.8737500185, 53.385060005500002 ], [ -2.8690800088, 53.3840499947 ], [ -2.8676400067, 53.383369988600002 ], [ -2.8665900109, 53.3823299847 ], [ -2.8642600135, 53.383039991399997 ], [ -2.8617500187, 53.383279996 ], [ -2.8593100227, 53.384070008599998 ], [ -2.857460022, 53.385160029300003 ], [ -2.8566300184, 53.3859500302 ], [ -2.8565700169, 53.386790031499999 ], [ -2.8567600156, 53.388150034299997 ], [ -2.8563100147, 53.388510031199999 ], [ -2.8533300044, 53.390380010599998 ], [ -2.8509700018, 53.3910499952 ], [ -2.852440006, 53.391830000699997 ], [ -2.8569900052, 53.393870077199999 ], [ -2.8577400044, 53.3955700721 ], [ -2.8585700042, 53.396000064200003 ], [ -2.8680200063, 53.3990299855 ], [ -2.8670900077, 53.401749982299997 ], [ -2.8726900055, 53.4023299941 ], [ -2.8760700057, 53.4012699926 ], [ -2.8814400022, 53.406919987899997 ], [ -2.884970004, 53.406719986100001 ], [ -2.8904200068, 53.405689986600002 ], [ -2.8996600115, 53.405689985499997 ] ] ] } },
{ "type": "Feature", "properties": { "ODSCode": "N82093", "Name": "DERBY LANE MEDICAL CENTRE", "ICBCode": "QYG", "Region": "Y62", "stroke.opacity": "1.0", "stroke.width": "2.0", "fill.opacity": "0", "OBJECTID": 1255, "stroke": "#0000ff", "fill": "#555555" }, "geometry": { "type": "Polygon", "coordinates": [ [ [ -2.9172100103, 53.426719980800002 ], [ -2.9314600074, 53.414549988399997 ], [ -2.9019400111, 53.407179986499997 ], [ -2.8842500113, 53.4143399843 ], [ -2.9172100103, 53.426719980800002 ] ] ] } },
{ "type": "Feature", "properties": { "ODSCode": "N82094", "Name": "BELLE VALE HEALTH CENTRE", "ICBCode": "QYG", "Region": "Y62", "stroke.opacity": "1.0", "stroke.width": "2.0", "fill.opacity": "0", "OBJECTID": 1416, "stroke": "#0000ff", "fill": "#555555" }, "geometry": { "type": "Polygon", "coordinates": [ [ [ -2.901418012, 53.406973986600001 ], [ -2.9011170114, 53.406128985700001 ], [ -2.9001730117, 53.405463985200001 ], [ -2.897168997, 53.397328012700001 ], [ -2.8971689942, 53.396944016 ], [ -2.9028769967, 53.391647008200003 ], [ -2.909700999, 53.388165979500002 ], [ -2.9003450085, 53.386425979899997 ], [ -2.8985430109, 53.385759978300001 ], [ -2.8942510184, 53.384710979700003 ], [ -2.8867410219, 53.380179983799998 ], [ -2.8788020309, 53.375110986099997 ], [ -2.8739520388, 53.371269992599998 ], [ -2.8714200344, 53.364894004600004 ], [ -2.868631018, 53.362461992900002 ], [ -2.8541250292, 53.367711002699998 ], [ -2.8506490202, 53.367941993199999 ], [ -2.8506920179, 53.368709992500001 ], [ -2.8481600254, 53.368760991499997 ], [ -2.8480310278, 53.368248993 ], [ -2.8436110339, 53.3697079895 ], [ -2.8538680045, 53.379846977200003 ], [ -2.8518079977, 53.380998980400001 ], [ -2.8495759903, 53.380870986799998 ], [ -2.8472589845, 53.381510999100001 ], [ -2.8465719842, 53.381920004800001 ], [ -2.8442979762, 53.382125015900002 ], [ -2.8427959719, 53.381818019900003 ], [ -2.8408639744, 53.381665019400003 ], [ -2.8368729896, 53.381537003299997 ], [ -2.8349849975, 53.381305996899997 ], [ -2.8324959965, 53.3816650013 ], [ -2.8307359933, 53.380871006200003 ], [ -2.8293629909, 53.381101010099997 ], [ -2.8278609854, 53.380385017499997 ], [ -2.8251569885, 53.380615015 ], [ -2.8242989879, 53.380077016100003 ], [ -2.8230119911, 53.380103012200003 ], [ -2.8221099964, 53.380666008 ], [ -2.8227969998, 53.382151002800001 ], [ -2.8308219982, 53.387475008599999 ], [ -2.8325820006, 53.388320008500003 ], [ -2.8332250017, 53.3891900064 ], [ -2.8321530121, 53.392337999399999 ], [ -2.8337830201, 53.396637004799999 ], [ -2.8345130191, 53.396586005300001 ], [ -2.8371310126, 53.400090990599999 ], [ -2.8473020117, 53.401037983400002 ], [ -2.8558850108, 53.402522037700002 ], [ -2.8630940029, 53.405311015599999 ], [ -2.8666139952, 53.406794987700003 ], [ -2.8692739958, 53.40651298 ], [ -2.872149996, 53.407868992700003 ], [ -2.8742099965, 53.408022992799999 ], [ -2.880776001, 53.407126988800002 ], [ -2.8851530041, 53.406768986599999 ], [ -2.890346008, 53.405949986899998 ], [ -2.893092009, 53.406000986099997 ], [ -2.8967400109, 53.406154986 ], [ -2.8979420102, 53.4065899868 ], [ -2.901418012, 53.406973986600001 ] ] ] } },
{ "type": "Feature", "properties": { "ODSCode": "N82095", "Name": "ALBION SURGERY", "ICBCode": "QYG", "Region": "Y62", "stroke.opacity": "1.0", "stroke.width": "2.0", "fill.opacity": "0", "OBJECTID": 5770, "stroke": "#0000ff", "fill": "#555555" }, "geometry": { "type": "Polygon", "coordinates": [ [ [ -2.999270005, 53.410659993700001 ], [ -2.9954899712, 53.409330003199997 ], [ -2.9893099684, 53.411370000399998 ], [ -2.9802099836, 53.409119980100002 ], [ -2.9542900116, 53.407589978099999 ], [ -2.9460500138, 53.4085099841 ], [ -2.9165299968, 53.410349986 ], [ -2.9148100034, 53.413619987099999 ], [ -2.9137800126, 53.421809991300002 ], [ -2.9171300124, 53.425539987100002 ], [ -2.9269600104, 53.434109987399999 ], [ -2.9298300113, 53.434849987299998 ], [ -2.9379800123, 53.438579992299999 ], [ -2.9518000021, 53.441239983599999 ], [ -2.9639100049, 53.446559994899999 ], [ -2.9769499891, 53.446970004800001 ], [ -2.9795299858, 53.4405299943 ], [ -2.9848499938, 53.434289990400003 ], [ -2.9929199464, 53.4341900119 ], [ -2.9977199812, 53.431220003 ], [ -2.9995299921, 53.421139988100002 ], [ -2.999270005, 53.410659993700001 ] ] ] } },
{ "type": "Feature", "properties": { "ODSCode": "N82097", "Name": "THE GREY ROAD SURGERY", "ICBCode": "QYG", "Region": "Y62", "stroke.opacity": "1.0", "stroke.width": "2.0", "fill.opacity": "0", "OBJECTID": 1631, "stroke": "#0000ff", "fill": "#555555" }, "geometry": { "type": "Polygon", "coordinates": [ [ [ -2.9566100049, 53.4442319893 ], [ -2.9363970157, 53.450595996700002 ], [ -2.9394440159, 53.453739010600003 ], [ -2.9449370214, 53.455477021299998 ], [ -2.9471250212, 53.4571120138 ], [ -2.9490140177, 53.459258992300001 ], [ -2.9515030186, 53.461455991400001 ], [ -2.9530050158, 53.463269993799997 ], [ -2.9546790136, 53.465083994399997 ], [ -2.9582410121, 53.464138990899997 ], [ -2.9594850134, 53.463167990300001 ], [ -2.9613730152, 53.461838990099999 ], [ -2.9627040129, 53.462145989200003 ], [ -2.964163014, 53.461813988899998 ], [ -2.9651930128, 53.46196699 ], [ -2.9662660123, 53.462426989800001 ], [ -2.9682400098, 53.462605990699998 ], [ -2.9699130054, 53.4628099906 ], [ -2.9719310015, 53.462784990599999 ], [ -2.9734749984, 53.4626059912 ], [ -2.9756209959, 53.462068992 ], [ -2.9759219952, 53.461711991800001 ], [ -2.975878997, 53.4612009923 ], [ -2.9751920058, 53.459130993199999 ], [ -2.9748490084, 53.457700003200003 ], [ -2.9749770119, 53.456525017600001 ], [ -2.9767799914, 53.447580003500001 ], [ -2.976393989, 53.444461998900003 ], [ -2.9772519873, 53.443234997 ], [ -2.9780239861, 53.442595996400001 ], [ -2.9785819843, 53.441930996 ], [ -2.979826988, 53.440831994900002 ], [ -2.9782389848, 53.440039995799999 ], [ -2.9761359856, 53.438351994 ], [ -2.9754499878, 53.437840993899997 ], [ -2.9747629877, 53.437431992800001 ], [ -2.9734329905, 53.438121991599999 ], [ -2.9726599921, 53.438326992 ], [ -2.9717589939, 53.438377990900001 ], [ -2.9706859958, 53.438351989700003 ], [ -2.9696129962, 53.438224990199998 ], [ -2.9684539984, 53.437942988800003 ], [ -2.9676820002, 53.437815989400001 ], [ -2.9674239999, 53.4375599882 ], [ -2.9648920012, 53.437763987700002 ], [ -2.9641200017, 53.437942987699998 ], [ -2.9635190009, 53.438377987099997 ], [ -2.9631330015, 53.438965986500001 ], [ -2.9628320012, 53.439681986700002 ], [ -2.9626180009, 53.440627986400003 ], [ -2.9620170012, 53.441675986500002 ], [ -2.9610300017, 53.443055988399998 ], [ -2.9595710033, 53.443438988 ], [ -2.9585410025, 53.443617988200003 ], [ -2.9576830023, 53.443847989299996 ], [ -2.957125005, 53.444128988800003 ], [ -2.9566100049, 53.4442319893 ] ] ] } },
{ "type": "Feature", "properties": { "ODSCode": "N82099", "Name": "MERE LANE GROUP PRACTICE", "ICBCode": "QYG", "Region": "Y62", "stroke.opacity": "1.0", "stroke.width": "2.0", "fill.opacity": "0", "OBJECTID": 3581, "stroke": "#0000ff", "fill": "#555555" }, "geometry": { "type": "Polygon", "coordinates": [ [ [ -2.9761299883, 53.428859993400003 ], [ -2.9756199914, 53.427199991499997 ], [ -2.9749999935, 53.425979990400002 ], [ -2.9736300002, 53.423459988700003 ], [ -2.9720800025, 53.421109986200001 ], [ -2.9723200027, 53.420339986099997 ], [ -2.9713900039, 53.418639987600002 ], [ -2.9702400077, 53.416899988399997 ], [ -2.9679000058, 53.412289969600003 ], [ -2.9678100044, 53.411689967 ], [ -2.9678100052, 53.410359971799998 ], [ -2.9614600038, 53.4109099406 ], [ -2.9571700063, 53.411639952500003 ], [ -2.9496600098, 53.412059969 ], [ -2.9454100098, 53.412099972 ], [ -2.9344400087, 53.41404999 ], [ -2.9319300069, 53.414279987800001 ], [ -2.9253500077, 53.415099987300003 ], [ -2.9194700054, 53.415309987599997 ], [ -2.919830008, 53.416159988099999 ], [ -2.9208800108, 53.417319988 ], [ -2.9223400116, 53.418539986399999 ], [ -2.9263500121, 53.42154998 ], [ -2.9278300122, 53.4229999816 ], [ -2.9298300131, 53.4251699864 ], [ -2.928840013, 53.425559985900001 ], [ -2.9283300119, 53.425659984699998 ], [ -2.9280500115, 53.4258599825 ], [ -2.928220012, 53.426129980900001 ], [ -2.9267400103, 53.428179968800002 ], [ -2.9255400066, 53.429339961099998 ], [ -2.923690007, 53.431559974700001 ], [ -2.9261800102, 53.433799987199997 ], [ -2.92942001, 53.435339987 ], [ -2.9351100131, 53.437749994699999 ], [ -2.9379400099, 53.438999992200003 ], [ -2.9380500093, 53.440419991600002 ], [ -2.9383100059, 53.441539990800003 ], [ -2.9387100059, 53.442739991099998 ], [ -2.9402200089, 53.445329993800001 ], [ -2.9411000103, 53.446509994499998 ], [ -2.9426800135, 53.448399996600003 ], [ -2.9565500036, 53.444009989599998 ], [ -2.9580900036, 53.444689991 ], [ -2.9609000053, 53.446079993399998 ], [ -2.9633900052, 53.447169995300001 ], [ -2.9665900041, 53.447589997400001 ], [ -2.9696100015, 53.447359998700001 ], [ -2.973219995, 53.447410001599998 ], [ -2.9732599961, 53.447020002099997 ], [ -2.9730499952, 53.446530000800003 ], [ -2.9707099975, 53.442949992499997 ], [ -2.9707699957, 53.440509990199999 ], [ -2.9712199953, 53.438859991400001 ], [ -2.9722499929, 53.436599991100003 ], [ -2.9728299895, 53.4342399919 ], [ -2.9736299902, 53.4322199916 ], [ -2.9757699857, 53.4312399939 ], [ -2.976609985, 53.430239993400001 ], [ -2.9761299883, 53.428859993400003 ] ] ] } },
{ "type": "Feature", "properties": { "ODSCode": "N82101", "Name": "KIRKDALE MEDICAL CENTRE", "ICBCode": "QYG", "Region": "Y62", "stroke.opacity": "1.0", "stroke.width": "2.0", "fill.opacity": "0", "OBJECTID": 5885, "stroke": "#0000ff", "fill": "#555555" }, "geometry": { "type": "Polygon", "coordinates": [ [ [ -2.976376843, 53.430467451299997 ], [ -2.9761199868, 53.430449994100002 ], [ -2.9750199898, 53.430559992500001 ], [ -2.9710699965, 53.431369991099999 ], [ -2.9689999978, 53.433409990500003 ], [ -2.9682799981, 53.434689989299997 ], [ -2.9726199914, 53.434839992299999 ], [ -2.9713799943, 53.4381899913 ], [ -2.9708299951, 53.440139991199999 ], [ -2.9708835225, 53.440097229300001 ], [ -2.9731099923, 53.439769992099997 ], [ -2.9768599845, 53.438619994500002 ], [ -2.9780899833, 53.437929994400001 ], [ -2.9787799837, 53.437659994800001 ], [ -2.9799099845, 53.437369994199997 ], [ -2.9792799828, 53.436479995100001 ], [ -2.9784699801, 53.435519994400003 ], [ -2.979529984, 53.435179993699997 ], [ -2.9786899799, 53.434009994699998 ], [ -2.9782399785, 53.433199995099997 ], [ -2.9788499818, 53.430979994700003 ], [ -2.9771499831, 53.430519994400001 ], [ -2.976376843, 53.430467451299997 ] ] ] } },
{ "type": "Feature", "properties": { "ODSCode": "N82103", "Name": "ANFIELD GROUP PRACTICE", "ICBCode": "QYG", "Region": "Y62", "stroke.opacity": "1.0", "stroke.width": "2.0", "fill.opacity": "0", "OBJECTID": 3967, "stroke": "#0000ff", "fill": "#555555" }, "geometry": { "type": "Polygon", "coordinates": [ [ [ -2.9165300035, 53.446969984299997 ], [ -2.9287100105, 53.451979998699997 ], [ -2.9364400151, 53.4498299953 ], [ -2.9540300022, 53.442629985499998 ], [ -2.9596100088, 53.430409988299999 ], [ -2.9573200123, 53.426469988800001 ], [ -2.9570400135, 53.419689967499998 ], [ -2.9263100113, 53.419199981200002 ], [ -2.8949000106, 53.428549989300002 ], [ -2.9165300035, 53.446969984299997 ] ] ] } },
{ "type": "Feature", "properties": { "ODSCode": "N82104", "Name": "STONEYCROFT MEDICAL CENTRE", "ICBCode": "QYG", "Region": "Y62", "stroke.opacity": "1.0", "stroke.width": "2.0", "fill.opacity": "0", "OBJECTID": 2735, "stroke": "#0000ff", "fill": "#555555" }, "geometry": { "type": "Polygon", "coordinates": [ [ [ -2.9300000136, 53.425129986400002 ], [ -2.9194700063, 53.4153599873 ], [ -2.9209900061, 53.415359987 ], [ -2.9235400065, 53.4151799873 ], [ -2.9242600013, 53.410709989600001 ], [ -2.9242100015, 53.4101699888 ], [ -2.9159299963, 53.409809986 ], [ -2.906570007, 53.407379986400002 ], [ -2.9018900119, 53.407769986200002 ], [ -2.9007100114, 53.406579986099999 ], [ -2.8994500096, 53.406739986200002 ], [ -2.8910800077, 53.406489986899999 ], [ -2.8914600068, 53.410449987500002 ], [ -2.9007300098, 53.416639991300002 ], [ -2.8880300173, 53.418939984300003 ], [ -2.8874300121, 53.423859987699998 ], [ -2.8875200124, 53.423859987 ], [ -2.8938700111, 53.4265099896 ], [ -2.905200009, 53.430399986 ], [ -2.9091000082, 53.432419986600003 ], [ -2.915240004, 53.435159981 ], [ -2.9170400059, 53.432399983 ], [ -2.9215000057, 53.429659962800002 ], [ -2.9198100063, 53.428229972300002 ], [ -2.9179300081, 53.427289978499999 ], [ -2.9198300106, 53.426809979200002 ], [ -2.9234800105, 53.426849978 ], [ -2.9300000136, 53.425129986400002 ] ] ] } },
{ "type": "Feature", "properties": { "ODSCode": "N82106", "Name": "THE VILLAGE MEDICAL CTRE", "ICBCode": "QYG", "Region": "Y62", "stroke.opacity": "1.0", "stroke.width": "2.0", "fill.opacity": "0", "OBJECTID": 6225, "stroke": "#0000ff", "fill": "#555555" }, "geometry": { "type": "Polygon", "coordinates": [ [ [ -2.8870400208, 53.379539981699999 ], [ -2.880925034, 53.375190210900001 ], [ -2.8763572054, 53.371940694400003 ], [ -2.8829839226, 53.370525735400001 ], [ -2.8843457076, 53.370251849200002 ], [ -2.8855919919, 53.369954732899998 ], [ -2.8869793874, 53.369445813699997 ], [ -2.8880603538, 53.368380868599999 ], [ -2.887299454, 53.367669893699997 ], [ -2.8862989432, 53.366980336099999 ], [ -2.8844544008, 53.365768175900001 ], [ -2.8831002227, 53.364939573500003 ], [ -2.8810909622, 53.366339041800003 ], [ -2.8790814041, 53.3670762279 ], [ -2.8780414834, 53.367940818800001 ], [ -2.8773310241, 53.368531486899997 ], [ -2.8740624676, 53.3709654468 ], [ -2.8693200279, 53.364795416500002 ], [ -2.8638300125, 53.358749987300001 ], [ -2.8565300289, 53.364820007299997 ], [ -2.8535900262, 53.366330004300004 ], [ -2.8519400168, 53.369219993 ], [ -2.8528400022, 53.374879979399999 ], [ -2.8614200193, 53.383740000400003 ], [ -2.8658000036, 53.385530006400003 ], [ -2.8659263844, 53.385858393299998 ], [ -2.8693682365, 53.385038147099998 ], [ -2.8737813919, 53.385119379300001 ], [ -2.87510018, 53.3828104165 ], [ -2.8804283445, 53.381111444699997 ], [ -2.8834771641, 53.382014726500003 ], [ -2.88590551, 53.381526462700002 ], [ -2.8873266833, 53.380928108 ], [ -2.8879613457, 53.380400612400003 ], [ -2.8870400208, 53.379539981699999 ] ] ] } },
{ "type": "Feature", "properties": { "ODSCode": "N82107", "Name": "BEACON HEALTH MOSSLEY HILL", "ICBCode": "QYG", "Region": "Y62", "stroke.opacity": "1.0", "stroke.width": "2.0", "fill.opacity": "0", "OBJECTID": 2305, "stroke": "#0000ff", "fill": "#555555" }, "geometry": { "type": "Polygon", "coordinates": [ [ [ -2.9494900163, 53.399089991799997 ], [ -2.9233899997, 53.390489994699998 ], [ -2.9199600123, 53.365299998300003 ], [ -2.8746400369, 53.3706299941 ], [ -2.8533600054, 53.390490010400001 ], [ -2.8979900103, 53.405849985700002 ], [ -2.9494900163, 53.399089991799997 ] ] ] } },
{ "type": "Feature", "properties": { "ODSCode": "N82108", "Name": "RUTHERFORD MEDICAL CENTRE", "ICBCode": "QYG", "Region": "Y62", "stroke.opacity": "1.0", "stroke.width": "2.0", "fill.opacity": "0", "OBJECTID": 2471, "stroke": "#0000ff", "fill": "#555555" }, "geometry": { "type": "Polygon", "coordinates": [ [ [ -2.9413271259, 53.381229862600001 ], [ -2.9410740057, 53.380204992499998 ], [ -2.9410740046, 53.380819992299998 ], [ -2.9400978073, 53.376986281599997 ], [ -2.939100009, 53.3761089873 ], [ -2.9362680065, 53.374367983799999 ], [ -2.9292300058, 53.375699980299999 ], [ -2.9217620105, 53.37636498 ], [ -2.9177280095, 53.368017998 ], [ -2.9105190137, 53.368683994900003 ], [ -2.9096600138, 53.368632993799999 ], [ -2.9099180134, 53.368581993399999 ], [ -2.9082870134, 53.367915993300002 ], [ -2.9062400549, 53.366345029800001 ], [ -2.9030510137, 53.364535991099999 ], [ -2.902821726, 53.364296344 ], [ -2.9022938084, 53.364023990600003 ], [ -2.9021930135, 53.3640239904 ], [ -2.9022790136, 53.363613990099999 ], [ -2.9019360139, 53.363562989599998 ], [ -2.9016882421, 53.363304415100004 ], [ -2.9010770118, 53.363101989 ], [ -2.8984000162, 53.365619991300001 ], [ -2.8929900189, 53.366659990700001 ], [ -2.8902000193, 53.367829990799997 ], [ -2.8882500174, 53.368789990499998 ], [ -2.8869600189, 53.367479991099998 ], [ -2.8844000174, 53.3657399927 ], [ -2.8830100192, 53.364929994599997 ], [ -2.880990022, 53.366329995400001 ], [ -2.879130025, 53.366929998400003 ], [ -2.8736800388, 53.371039993399997 ], [ -2.8715100429, 53.372539989300002 ], [ -2.8655900174, 53.373969980299997 ], [ -2.8628800155, 53.3747099789 ], [ -2.8608000142, 53.375519969800003 ], [ -2.8593400126, 53.377429962699999 ], [ -2.8589100131, 53.377809965499999 ], [ -2.8579300132, 53.378109968700002 ], [ -2.8559700118, 53.378839973300003 ], [ -2.8600300193, 53.381719989099999 ], [ -2.8618700172, 53.383349995899998 ], [ -2.8641100139, 53.383089991699997 ], [ -2.8666200094, 53.382249983500003 ], [ -2.8680300061, 53.383649988800002 ], [ -2.8738500174, 53.385130004099999 ], [ -2.8730800132, 53.388270004100001 ], [ -2.8729000069, 53.391900001700002 ], [ -2.8741899944, 53.393400026199998 ], [ -2.8760599919, 53.394590032 ], [ -2.8784799952, 53.395640025900001 ], [ -2.8803899995, 53.397190015600003 ], [ -2.8837200023, 53.3995899974 ], [ -2.8868900044, 53.401229989900003 ], [ -2.8890200056, 53.4018699887 ], [ -2.8919100068, 53.402199987199999 ], [ -2.8961200096, 53.402529985199997 ], [ -2.8996600123, 53.404429984700002 ], [ -2.9012500131, 53.4055699854 ], [ -2.9484100158, 53.405309985400002 ], [ -2.9485420157, 53.403954987 ], [ -2.9491420213, 53.401293988399999 ], [ -2.9497430081, 53.397148996 ], [ -2.9492279911, 53.393822005200001 ], [ -2.9496570033, 53.391262986599997 ], [ -2.9496570028, 53.389266982599999 ], [ -2.9493140013, 53.387832981300001 ], [ -2.9478550017, 53.386399979300002 ], [ -2.9463960007, 53.385375978 ], [ -2.9464264387, 53.385330677 ], [ -2.9453294606, 53.384607088099997 ], [ -2.9452800013, 53.384812975400003 ], [ -2.9424480032, 53.382764993499997 ], [ -2.9426093727, 53.382855782100002 ], [ -2.9413271259, 53.381229862600001 ] ] ] } },
{ "type": "Feature", "properties": { "ODSCode": "N82109", "Name": "SPEKE HC - DR THAKUR", "ICBCode": "QYG", "Region": "Y62", "stroke.opacity": "1.0", "stroke.width": "2.0", "fill.opacity": "0", "OBJECTID": 1125, "stroke": "#0000ff", "fill": "#555555" }, "geometry": { "type": "Polygon", "coordinates": [ [ [ -2.798681007, 53.334767994499998 ], [ -2.7701850056, 53.3538299923 ], [ -2.8699210254, 53.365508999200003 ], [ -2.8932670076, 53.3531129952 ], [ -2.8580760076, 53.337432989600003 ], [ -2.798681007, 53.334767994499998 ] ] ] } },
{ "type": "Feature", "properties": { "ODSCode": "N82110", "Name": "LONG LANE", "ICBCode": "QYG", "Region": "Y62", "stroke.opacity": "1.0", "stroke.width": "2.0", "fill.opacity": "0", "OBJECTID": 4218, "stroke": "#0000ff", "fill": "#555555" }, "geometry": { "type": "Polygon", "coordinates": [ [ [ -2.9425287015, 53.448529273399998 ], [ -2.9506000073, 53.445609992199998 ], [ -2.9507500021, 53.441879984 ], [ -2.9407000083, 53.439809989600001 ], [ -2.9320700133, 53.436369989 ], [ -2.9273200097, 53.434139987800002 ], [ -2.9242900085, 53.431909976500002 ], [ -2.9233900071, 53.431599975200001 ], [ -2.9218900066, 53.433599988099999 ], [ -2.9173000018, 53.436199974899999 ], [ -2.9040400058, 53.442749974 ], [ -2.8992300047, 53.4457399729 ], [ -2.8945100012, 53.448269966700003 ], [ -2.8918899987, 53.448009962 ], [ -2.8870000005, 53.449059975600001 ], [ -2.8833100012, 53.446279987 ], [ -2.8785900017, 53.447480008600003 ], [ -2.8758900063, 53.445690023499999 ], [ -2.8678199991, 53.449009997600001 ], [ -2.8710400063, 53.452920013400004 ], [ -2.880690011, 53.457269998100003 ], [ -2.8932700052, 53.452689985299997 ], [ -2.8875600044, 53.461859989300002 ], [ -2.9043000148, 53.472569989 ], [ -2.9161000193, 53.470299990800001 ], [ -2.9188900236, 53.473109993100003 ], [ -2.9216800245, 53.4749199938 ], [ -2.9223200202, 53.476139993899999 ], [ -2.9311200195, 53.474099991899998 ], [ -2.9480300185, 53.473109993100003 ], [ -2.9500400182, 53.471959994199999 ], [ -2.9554700145, 53.470689992499999 ], [ -2.956040013, 53.467069993599999 ], [ -2.9584700123, 53.464389991300003 ], [ -2.9547900141, 53.465149994400001 ], [ -2.9451400221, 53.455760021899998 ], [ -2.9394200161, 53.453830011500003 ], [ -2.9364700145, 53.450719997199997 ], [ -2.9423419637, 53.448596802499999 ], [ -2.9535200248, 53.457040012599997 ], [ -2.9571200157, 53.451870004500002 ], [ -2.9490600173, 53.450800002900003 ], [ -2.9434800138, 53.448449997399997 ], [ -2.9425287015, 53.448529273399998 ] ] ] } },
{ "type": "Feature", "properties": { "ODSCode": "N82113", "Name": "FAIRFIELD MEDICAL CENTRE", "ICBCode": "QYG", "Region": "Y62", "stroke.opacity": "1.0", "stroke.width": "2.0", "fill.opacity": "0", "OBJECTID": 2054, "stroke": "#0000ff", "fill": "#555555" }, "geometry": { "type": "Polygon", "coordinates": [ [ [ -2.9527500091, 53.434189984600003 ], [ -2.9733499936, 53.4301999917 ], [ -2.9627000005, 53.396429981399997 ], [ -2.8959299963, 53.397150014799998 ], [ -2.910780013, 53.424529989100002 ], [ -2.9386700084, 53.440349991200002 ], [ -2.9527500091, 53.434189984600003 ] ] ] } },
{ "type": "Feature", "properties": { "ODSCode": "N82115", "Name": "VAUXHALL HEALTH CENTRE", "ICBCode": "QYG", "Region": "Y62", "stroke.opacity": "1.0", "stroke.width": "2.0", "fill.opacity": "0", "OBJECTID": 2586, "stroke": "#0000ff", "fill": "#555555" }, "geometry": { "type": "Polygon", "coordinates": [ [ [ -2.9929499506, 53.398939981200002 ], [ -2.98644053, 53.402301240200003 ], [ -2.9857399911, 53.402559965800002 ], [ -2.9819351409, 53.404357525599998 ], [ -2.9801379359, 53.405072039499998 ], [ -2.9779399824, 53.405159949400002 ], [ -2.9687556451, 53.405939500700001 ], [ -2.9654300118, 53.4060999728 ], [ -2.9630600105, 53.4063099659 ], [ -2.9643717112, 53.407732314299999 ], [ -2.9640383502, 53.407968434899999 ], [ -2.9610600079, 53.407349965599998 ], [ -2.9514300129, 53.407269984700001 ], [ -2.9487600134, 53.408389982400003 ], [ -2.9477100095, 53.410229973600003 ], [ -2.9480070184, 53.411974902 ], [ -2.9478034354, 53.412120243399997 ], [ -2.9442800098, 53.412279973700002 ], [ -2.9478212997, 53.421098677099998 ], [ -2.9476693801, 53.421254445700001 ], [ -2.9402500102, 53.422529973400003 ], [ -2.9419600096, 53.424189981200001 ], [ -2.9446900104, 53.425389986399999 ], [ -2.9488400094, 53.426979985899997 ], [ -2.9502785027, 53.427339616300003 ], [ -2.9503333571, 53.4275972 ], [ -2.9440200096, 53.430459981399999 ], [ -2.9381300135, 53.433779992 ], [ -2.9376100133, 53.436569992499997 ], [ -2.9405268874, 53.4393716664 ], [ -2.9451100126, 53.447149996599997 ], [ -2.9564829002, 53.444217611299997 ], [ -2.9566835213, 53.444231635199998 ], [ -2.9632600055, 53.447159995699998 ], [ -2.9668200038, 53.447679997 ], [ -2.9818399952, 53.447070004300002 ], [ -3.0063100006, 53.442829991399996 ], [ -3.0062600067, 53.42907999 ], [ -3.0024400227, 53.410839988200003 ], [ -3.0023041711, 53.410753051500002 ], [ -2.9943541472, 53.4004654019 ], [ -2.9941799604, 53.400159988 ], [ -2.9937099557, 53.399579985199999 ], [ -2.9934753792, 53.399515939399997 ], [ -2.9929499506, 53.398939981200002 ] ] ] } },
{ "type": "Feature", "properties": { "ODSCode": "N82116", "Name": "HILLFOOT HEALTH", "ICBCode": "QYG", "Region": "Y62", "stroke.opacity": "1.0", "stroke.width": "2.0", "fill.opacity": "0", "OBJECTID": 1641, "stroke": "#0000ff", "fill": "#555555" }, "geometry": { "type": "Polygon", "coordinates": [ [ [ -2.8215245424, 53.355970423800002 ], [ -2.821600031, 53.356190019700001 ], [ -2.8207900285, 53.356950019 ], [ -2.8212800349, 53.358020026399998 ], [ -2.8214559414, 53.358184769300003 ], [ -2.8214300377, 53.358240029800001 ], [ -2.8225400376, 53.359200032 ], [ -2.821830025, 53.361220012700002 ], [ -2.8222500138, 53.363559993300001 ], [ -2.8227600085, 53.364699983599998 ], [ -2.823360004, 53.365559976 ], [ -2.8235276278, 53.365646731699997 ], [ -2.8228899842, 53.367459949199997 ], [ -2.8279999866, 53.3690299557 ], [ -2.8289599909, 53.369629964700003 ], [ -2.8299099927, 53.370339973500002 ], [ -2.8312999989, 53.370889978199997 ], [ -2.8338069847, 53.3710522517 ], [ -2.8392401729, 53.373912662599999 ], [ -2.8391900091, 53.3739099895 ], [ -2.8407400026, 53.375009990499997 ], [ -2.8431399891, 53.3759599829 ], [ -2.8473899969, 53.375419981100002 ], [ -2.8500899982, 53.3750099815 ], [ -2.8532300025, 53.374979979199999 ], [ -2.8539599993, 53.3770799622 ], [ -2.856450013, 53.378819973200002 ], [ -2.8597100125, 53.377949966899997 ], [ -2.8604800118, 53.376569957699999 ], [ -2.8611247647, 53.375616861499999 ], [ -2.8736970409, 53.371449992099997 ], [ -2.8770460336, 53.373292988 ], [ -2.8990170171, 53.365380989599998 ], [ -2.9006480121, 53.362896988700001 ], [ -2.8924510107, 53.357569994899997 ], [ -2.8914640079, 53.352753995400001 ], [ -2.8791050214, 53.348347994299999 ], [ -2.8701780299, 53.3495269931 ], [ -2.8661165164, 53.349378244599997 ], [ -2.8738690203, 53.334101995099999 ], [ -2.8646850088, 53.330616992400003 ], [ -2.8545570082, 53.327796992099998 ], [ -2.844687017, 53.327438989699999 ], [ -2.8352450147, 53.327796990300001 ], [ -2.8298380115, 53.3306169922 ], [ -2.8260610082, 53.332153992899997 ], [ -2.8221130106, 53.3329229936 ], [ -2.8170638378, 53.332444885699999 ], [ -2.8082080085, 53.329539993399997 ], [ -2.7965966992, 53.333560443 ], [ -2.7962800085, 53.333439993699997 ], [ -2.79520501, 53.335359994400001 ], [ -2.7973940082, 53.336612993800003 ], [ -2.794130015, 53.337279995300001 ], [ -2.7961900127, 53.338659994799997 ], [ -2.7967676016, 53.338495516899997 ], [ -2.7989960505, 53.338446426200001 ], [ -2.8017433104, 53.340232305599997 ], [ -2.8138122155, 53.349642959900002 ], [ -2.8214700291, 53.355990018 ], [ -2.8215245424, 53.355970423800002 ] ] ] } },
{ "type": "Feature", "properties": { "ODSCode": "N82117", "Name": "BROWNLOW GROUP PRACTICE", "ICBCode": "QYG", "Region": "Y62", "stroke.opacity": "1.0", "stroke.width": "2.0", "fill.opacity": "0", "OBJECTID": 5109, "stroke": "#0000ff", "fill": "#555555" }, "geometry": { "type": "Polygon", "coordinates": [ [ [ -2.9273283096, 53.359259036600001 ], [ -2.9231007446, 53.361407964199998 ], [ -2.9233046959, 53.3615015249 ], [ -2.922005197, 53.362385744500003 ], [ -2.9223858344, 53.363041481400003 ], [ -2.926026027, 53.364248339200003 ], [ -2.9264317737, 53.364874308300003 ], [ -2.9258362755, 53.3659107971 ], [ -2.9254925033, 53.365764919500002 ], [ -2.9245625967, 53.366588323499997 ], [ -2.9250019967, 53.366765005 ], [ -2.9243261621, 53.367397822599997 ], [ -2.9238156104, 53.367249745199999 ], [ -2.9218796497, 53.368785736299998 ], [ -2.9182409666, 53.3695692127 ], [ -2.9181214538, 53.369542788499999 ], [ -2.9151042437, 53.369700160199997 ], [ -2.9144613196, 53.369652377 ], [ -2.9142048541, 53.369256759199999 ], [ -2.912406734, 53.369361914899997 ], [ -2.9116827762, 53.368854784200003 ], [ -2.9120451653, 53.368670613500001 ], [ -2.9116276981, 53.3682920165 ], [ -2.9103646445, 53.368365882100001 ], [ -2.9097198996, 53.369100544200002 ], [ -2.9091354007, 53.368822482699997 ], [ -2.9074008776, 53.369387453599998 ], [ -2.8993635434, 53.364388517499997 ], [ -2.8986409259, 53.365612281899999 ], [ -2.8989341883, 53.365922403 ], [ -2.8975218336, 53.366555943400002 ], [ -2.8972800937, 53.367210723900001 ], [ -2.8947656049, 53.36768819 ], [ -2.8930372028, 53.3667812642 ], [ -2.8926865144, 53.367375130100001 ], [ -2.8938575836, 53.368618504899999 ], [ -2.8911694094, 53.369197322799998 ], [ -2.8909282988, 53.368430254300002 ], [ -2.8888209047, 53.3692912486 ], [ -2.8884759878, 53.368926531699998 ], [ -2.8885269434, 53.368573713 ], [ -2.8885559418, 53.367748725 ], [ -2.8847009592, 53.365235868699997 ], [ -2.8841602857, 53.3655770911 ], [ -2.886836795, 53.3675257409 ], [ -2.8850138561, 53.368889753200001 ], [ -2.8869811088, 53.371498053499998 ], [ -2.8839253461, 53.373426243200001 ], [ -2.8820418146, 53.3750937378 ], [ -2.8847022541, 53.377208576199997 ], [ -2.8831927102, 53.377825186400003 ], [ -2.8870397535, 53.3806252169 ], [ -2.885640253, 53.381336256600001 ], [ -2.8823803188, 53.3825293242 ], [ -2.8838238093, 53.382953995299999 ], [ -2.884748043, 53.3843792216 ], [ -2.8828315327, 53.384742995099998 ], [ -2.8833061202, 53.385632456099998 ], [ -2.8852419739, 53.385519289 ], [ -2.8850144307, 53.3873534214 ], [ -2.8864223238, 53.387326315 ], [ -2.8866106683, 53.387880342599999 ], [ -2.8919319685, 53.388865561800003 ], [ -2.8923808105, 53.388637561700001 ], [ -2.8942705981, 53.3887779533 ], [ -2.8939817818, 53.389266795300003 ], [ -2.8947489981, 53.389521003299997 ], [ -2.8959431615, 53.388914404600001 ], [ -2.8961122133, 53.389231208699997 ], [ -2.8976887296, 53.389395402 ], [ -2.8993801515, 53.389399523100003 ], [ -2.9008112072, 53.389873684599998 ], [ -2.9002905159, 53.390754963600003 ], [ -2.9015481474, 53.391019227800001 ], [ -2.9022911388, 53.390571589399997 ], [ -2.9024403843, 53.390851266 ], [ -2.9020986508, 53.3912404569 ], [ -2.9060915574, 53.392845036 ], [ -2.9103309226, 53.390944523500004 ], [ -2.9106802133, 53.391248725700002 ], [ -2.9111244662, 53.391067315299999 ], [ -2.9107057169, 53.390847712499998 ], [ -2.9135740987, 53.3896763929 ], [ -2.9132175542, 53.389222707800002 ], [ -2.9137515531, 53.389212427499999 ], [ -2.9143379967, 53.3889469804 ], [ -2.9156039952, 53.398006007200003 ], [ -2.925732003, 53.399847997099997 ], [ -2.9246590043, 53.402751993 ], [ -2.9210759995, 53.406103989 ], [ -2.925067003, 53.406781990900001 ], [ -2.9351310112, 53.424097989700002 ], [ -2.9405160092, 53.422563972299997 ], [ -2.9411820097, 53.423752979299998 ], [ -2.9419330109, 53.424327982400001 ], [ -2.9462670091, 53.426002985 ], [ -2.9490140093, 53.427166986499998 ], [ -2.9504300088, 53.427421989300001 ], [ -2.9509880093, 53.427217989600003 ], [ -2.9542920105, 53.428188990300001 ], [ -2.9550430096, 53.428981988700002 ], [ -2.9581980081, 53.430426987799997 ], [ -2.9592060077, 53.431052988300003 ], [ -2.9639700034, 53.433315987900002 ], [ -2.9662440027, 53.432752988099999 ], [ -2.9689259984, 53.433315990200001 ], [ -2.967295999, 53.437278988700001 ], [ -2.9682180002, 53.437878989 ], [ -2.9715439943, 53.438224990599998 ], [ -2.9728959929, 53.438198991900002 ], [ -2.9740549889, 53.437674992799998 ], [ -2.9748269872, 53.436920992799998 ], [ -2.9752989861, 53.435795992499997 ], [ -2.9802779846, 53.434529992800002 ], [ -2.985619989, 53.434542992499999 ], [ -2.9858349875, 53.434734994199999 ], [ -2.98725098, 53.433123997099997 ], [ -2.9873589822, 53.430055998500002 ], [ -2.9980439829, 53.430849002199999 ], [ -3.0067990061, 53.430745991 ], [ -3.0062630078, 53.425900985799998 ], [ -3.0051900054, 53.419481982500002 ], [ -3.0031940176, 53.413138987099998 ], [ -2.9987960046, 53.404900973499998 ], [ -2.9922289453, 53.396546964199999 ], [ -2.9872079908, 53.388805978900002 ], [ -2.9853630013, 53.386847987700001 ], [ -2.9765869865, 53.379872945400002 ], [ -2.964313005, 53.373433979799998 ], [ -2.9513740136, 53.369144989900001 ], [ -2.9273283096, 53.359259036600001 ] ] ] } },
{ "type": "Feature", "properties": { "ODSCode": "N82617", "Name": "BROWNLOW AT MARYBONE", "ICBCode": "QYG", "Region": "Y62", "stroke.opacity": "1.0", "stroke.width": "2.0", "fill.opacity": "0", "OBJECTID": 2785, "stroke": "#0000ff", "fill": "#555555" }, "geometry": { "type": "Polygon", "coordinates": [ [ [ -2.9982399827, 53.432960003200002 ], [ -3.0066500043, 53.4319399914 ], [ -3.0028300181, 53.412989986900001 ], [ -2.9978099956, 53.405589980400002 ], [ -2.9896499518, 53.393159949599998 ], [ -2.9875899875, 53.389679976 ], [ -2.9860399966, 53.387779984200002 ], [ -2.9807399983, 53.382869970100003 ], [ -2.9765999875, 53.379899945600002 ], [ -2.9742399909, 53.378689955 ], [ -2.9721999967, 53.377499963600002 ], [ -2.9716199981, 53.377739966500002 ], [ -2.9722999964, 53.379219965600001 ], [ -2.9750499914, 53.381319954799999 ], [ -2.9788299925, 53.384779956 ], [ -2.9807999944, 53.388649960499997 ], [ -2.9831999817, 53.394079956799999 ], [ -2.9711599935, 53.3954099595 ], [ -2.9701500113, 53.399129967900002 ], [ -2.9684500135, 53.403899974 ], [ -2.961930016, 53.403849969900001 ], [ -2.9650000089, 53.407399971 ], [ -2.9673800044, 53.410939964500002 ], [ -2.9691200076, 53.414529979599997 ], [ -2.9710700057, 53.418079987 ], [ -2.9769499873, 53.417409993600003 ], [ -2.9788399849, 53.4189399937 ], [ -2.9894799602, 53.419050002 ], [ -2.9890999653, 53.423059999800003 ], [ -2.9964399686, 53.423159998700001 ], [ -2.9965199709, 53.4249799981 ], [ -2.9997799989, 53.425079987899998 ], [ -2.9982399827, 53.432960003200002 ] ] ] } },
{ "type": "Feature", "properties": { "ODSCode": "N82633", "Name": "CALVARY HEALTH CENTRE", "ICBCode": "QYG", "Region": "Y62", "stroke.opacity": "1.0", "stroke.width": "2.0", "fill.opacity": "0", "OBJECTID": 1977, "stroke": "#0000ff", "fill": "#555555" }, "geometry": { "type": "Polygon", "coordinates": [ [ [ -2.901120011, 53.409379988700003 ], [ -2.8901800085, 53.412039988399997 ], [ -2.8813400165, 53.4162599892 ], [ -2.8771300151, 53.4193300003 ], [ -2.8724500107, 53.428610018400001 ], [ -2.8784200092, 53.431300007799997 ], [ -2.8860600072, 53.427279987799999 ], [ -2.8896200101, 53.424829988500001 ], [ -2.893270012, 53.4261299888 ], [ -2.9050300094, 53.430019984799998 ], [ -2.9152400135, 53.4248999892 ], [ -2.9145100136, 53.422809989699999 ], [ -2.9106900129, 53.421599991199997 ], [ -2.9075600114, 53.419409992 ], [ -2.901120011, 53.409379988700003 ] ] ] } },
{ "type": "Feature", "properties": { "ODSCode": "N82641", "Name": "SANDRINGHAM MEDICAL CENTRE", "ICBCode": "QYG", "Region": "Y62", "stroke.opacity": "1.0", "stroke.width": "2.0", "fill.opacity": "0", "OBJECTID": 5876, "stroke": "#0000ff", "fill": "#555555" }, "geometry": { "type": "Polygon", "coordinates": [ [ [ -2.9829599827, 53.393979955299997 ], [ -2.9818799935, 53.3911099623 ], [ -2.9804899939, 53.388239959700002 ], [ -2.9793499943, 53.385659957 ], [ -2.9780699908, 53.3841799526 ], [ -2.9766899904, 53.382709949300001 ], [ -2.9758099918, 53.381959953399999 ], [ -2.9747999922, 53.381419957200002 ], [ -2.9728199968, 53.380119963799999 ], [ -2.9718699975, 53.378849967199997 ], [ -2.9715499983, 53.378179967599998 ], [ -2.9708799986, 53.377579970200003 ], [ -2.9653900076, 53.374579981700002 ], [ -2.9644600057, 53.374219980699998 ], [ -2.9633900057, 53.37400998 ], [ -2.9623300055, 53.374049979600002 ], [ -2.961280006, 53.374229981 ], [ -2.9594600076, 53.3748399857 ], [ -2.9573700088, 53.374749988700003 ], [ -2.955790011, 53.374159990499997 ], [ -2.9531000115, 53.373259994599998 ], [ -2.9502800129, 53.372529996 ], [ -2.9481200134, 53.371389993800001 ], [ -2.9476000137, 53.370789992500001 ], [ -2.9469100129, 53.370409991899997 ], [ -2.9453500116, 53.368469989799998 ], [ -2.9439800126, 53.367619988800001 ], [ -2.9421400135, 53.366919989599999 ], [ -2.9413900154, 53.366779989699999 ], [ -2.9408200144, 53.366889989900002 ], [ -2.9386500149, 53.3687399903 ], [ -2.9357100117, 53.370939987 ], [ -2.934010009, 53.373379982599999 ], [ -2.9331700065, 53.373989981699999 ], [ -2.9326700049, 53.374589981500002 ], [ -2.931550004, 53.375699980199997 ], [ -2.9327300043, 53.375979979900002 ], [ -2.933910005, 53.376159981500003 ], [ -2.9327500053, 53.3771699817 ], [ -2.9318900049, 53.3783799829 ], [ -2.9315300063, 53.379479984 ], [ -2.9314600058, 53.380589984499998 ], [ -2.9322100067, 53.383159988 ], [ -2.9330600094, 53.384459971299997 ], [ -2.9343400095, 53.385759980400003 ], [ -2.9349400105, 53.386289983899999 ], [ -2.936710009, 53.387289987700001 ], [ -2.9395300066, 53.387849987199999 ], [ -2.9406000054, 53.3879199872 ], [ -2.9417100059, 53.387899986199997 ], [ -2.9428800057, 53.388749988100002 ], [ -2.9442200041, 53.389059987499998 ], [ -2.9471100026, 53.389379986 ], [ -2.9514400031, 53.389249981100001 ], [ -2.9536700011, 53.390149982099999 ], [ -2.9542800007, 53.390449981700002 ], [ -2.9555700012, 53.3902999819 ], [ -2.9614599828, 53.393339986 ], [ -2.9620999881, 53.3927499829 ], [ -2.9631199946, 53.392039980200003 ], [ -2.9657699969, 53.391649978300002 ], [ -2.9684399964, 53.391159975900003 ], [ -2.9707299943, 53.390799965699998 ], [ -2.9721199923, 53.392059957900003 ], [ -2.9727899888, 53.392539951300002 ], [ -2.9735799851, 53.392959944899999 ], [ -2.9754299832, 53.394069935499999 ], [ -2.9757499843, 53.394689934200002 ], [ -2.9829599827, 53.393979955299997 ] ] ] } },
{ "type": "Feature", "properties": { "ODSCode": "N82645", "Name": "BROWNLOW HEALTH AT KENSINGTON", "ICBCode": "QYG", "Region": "Y62", "stroke.opacity": "1.0", "stroke.width": "2.0", "fill.opacity": "0", "OBJECTID": 931, "stroke": "#0000ff", "fill": "#555555" }, "geometry": { "type": "Polygon", "coordinates": [ [ [ -2.9597900026, 53.411169943300003 ], [ -2.9518900214, 53.3997099881 ], [ -2.8993600112, 53.4048199844 ], [ -2.9271700112, 53.426719977799998 ], [ -2.9597900026, 53.411169943300003 ] ] ] } },
{ "type": "Feature", "properties": { "ODSCode": "N82646", "Name": "DR JUDE'S PRACTICE - RIVERSIDE", "ICBCode": "QYG", "Region": "Y62", "stroke.opacity": "1.0", "stroke.width": "2.0", "fill.opacity": "0", "OBJECTID": 4776, "stroke": "#0000ff", "fill": "#555555" }, "geometry": { "type": "Polygon", "coordinates": [ [ [ -2.9615259156, 53.375561286299998 ], [ -2.9221900177, 53.357519992900002 ], [ -2.9136100103, 53.378929976800002 ], [ -2.8968699963, 53.397070015200001 ], [ -2.9172099946, 53.409579985599997 ], [ -2.9621000081, 53.414189953700003 ], [ -2.9868314137, 53.3909737842 ], [ -2.9868699855, 53.391009975400003 ], [ -2.9874199843, 53.390549973900001 ], [ -2.9872345257, 53.390330907900001 ], [ -2.9860689367, 53.389617178599998 ], [ -2.9835600022, 53.385789983800002 ], [ -2.9834609074, 53.385784319400003 ], [ -2.9824809641, 53.384898976599999 ], [ -2.9827134133, 53.385267069500003 ], [ -2.982011847, 53.384945820900001 ], [ -2.9793499944, 53.382069960899997 ], [ -2.974759991, 53.379669954599997 ], [ -2.9634300053, 53.37390998 ], [ -2.9597900078, 53.374549984799998 ], [ -2.9615259156, 53.375561286299998 ] ] ] } },
{ "type": "Feature", "properties": { "ODSCode": "N82648", "Name": "POULTER ROAD MEDICAL CENTRE", "ICBCode": "QYG", "Region": "Y62", "stroke.opacity": "1.0", "stroke.width": "2.0", "fill.opacity": "0", "OBJECTID": 5116, "stroke": "#0000ff", "fill": "#555555" }, "geometry": { "type": "Polygon", "coordinates": [ [ [ -2.9725555154, 53.448395679599997 ], [ -2.9726599968, 53.448189999599997 ], [ -2.9633000046, 53.446299993300002 ], [ -2.9604700082, 53.448859996700001 ], [ -2.9558400123, 53.450139997400001 ], [ -2.9445100144, 53.449109997800001 ], [ -2.9459700163, 53.449979999 ], [ -2.9373000122, 53.448499995200002 ], [ -2.934380014, 53.451409998599999 ], [ -2.9124100072, 53.456630007400001 ], [ -2.9100900007, 53.458819986 ], [ -2.906044188, 53.459781142600001 ], [ -2.8988893981, 53.461758616799997 ], [ -2.8963436659, 53.462296155700002 ], [ -2.8953350325, 53.463301033100002 ], [ -2.8936801053, 53.463341719500001 ], [ -2.8925312319, 53.464010495499998 ], [ -2.8898263646, 53.464076991299997 ], [ -2.892240006, 53.4654199947 ], [ -2.8866600048, 53.463369993400001 ], [ -2.885078813, 53.464945248299998 ], [ -2.8880867198, 53.465820347 ], [ -2.8910821997, 53.467487023300002 ], [ -2.8914530664, 53.467730796799998 ], [ -2.893304996, 53.468948063500001 ], [ -2.8946558287, 53.469444280700003 ], [ -2.8966945735, 53.470784284300002 ], [ -2.8978087373, 53.471363623899997 ], [ -2.8991642987, 53.472188801199998 ], [ -2.9003831154, 53.472565158800002 ], [ -2.9018924176, 53.473483895699999 ], [ -2.9030321393, 53.474177649300003 ], [ -2.9045341696, 53.474949970099999 ], [ -2.906132324, 53.476342081799999 ], [ -2.9072304729, 53.4772986284 ], [ -2.9091110988, 53.479179436599999 ], [ -2.912181242, 53.481031723800001 ], [ -2.9137078275, 53.481952716800002 ], [ -2.9201300172, 53.479719995300002 ], [ -2.9199600213, 53.4772699946 ], [ -2.9256200156, 53.4801799926 ], [ -2.9261400131, 53.481559992400001 ], [ -2.9288000104, 53.484369991800001 ], [ -2.9335200114, 53.484779990100002 ], [ -2.9375600108, 53.486099992600003 ], [ -2.93850001, 53.487329993899998 ], [ -2.9458800125, 53.4902399968 ], [ -2.9511200142, 53.490549996399999 ], [ -2.9511549163, 53.490481428300001 ], [ -2.9518900177, 53.493459996 ], [ -2.9502600123, 53.497849998299998 ], [ -2.9560900091, 53.4966199972 ], [ -2.96820001, 53.500809992599997 ], [ -2.9737800138, 53.4968299911 ], [ -2.9820200139, 53.497949990400002 ], [ -2.9821900129, 53.496009988 ], [ -2.9837300117, 53.495189988600004 ], [ -2.9841600098, 53.494169987500001 ], [ -2.9862200027, 53.492849985100001 ], [ -2.9886199944, 53.492949983899997 ], [ -2.9893999918, 53.490749982799997 ], [ -2.9899099913, 53.488859983099999 ], [ -2.9911999912, 53.486509982900003 ], [ -2.9934299816, 53.4866699815 ], [ -2.9948899838, 53.483299982 ], [ -2.9929999833, 53.481409983900001 ], [ -2.9897399974, 53.482269985400002 ], [ -2.9874200033, 53.481709987899997 ], [ -2.9846800081, 53.478849992699999 ], [ -2.9834700091, 53.481509991099998 ], [ -2.9786699856, 53.473389992400001 ], [ -2.9847600049, 53.470829991199999 ], [ -2.9754099892, 53.468639989700002 ], [ -2.9664800039, 53.467559986399998 ], [ -2.9617772968, 53.469602481199999 ], [ -2.9729999977, 53.463069991200001 ], [ -2.9712900065, 53.461579991500003 ], [ -2.9730900082, 53.453410011099997 ], [ -2.9743799987, 53.451060000299996 ], [ -2.9725555154, 53.448395679599997 ] ] ] } },
{ "type": "Feature", "properties": { "ODSCode": "N82650", "Name": "SPEKE HC - DR SINGH & DR BICHA", "ICBCode": "QYG", "Region": "Y62", "stroke.opacity": "1.0", "stroke.width": "2.0", "fill.opacity": "0", "OBJECTID": 864, "stroke": "#0000ff", "fill": "#555555" }, "geometry": { "type": "Polygon", "coordinates": [ [ [ -2.82091001, 53.333539993400002 ], [ -2.8184200112, 53.333439994800003 ], [ -2.7998000101, 53.3253899929 ], [ -2.7806600364, 53.336660003900001 ], [ -2.7738799848, 53.349219959700001 ], [ -2.7773099913, 53.349579963899998 ], [ -2.7791099992, 53.349829972599998 ], [ -2.7853800228, 53.352340009300001 ], [ -2.7895800163, 53.3542399926 ], [ -2.7913900166, 53.354499987899999 ], [ -2.7967900132, 53.354699978600003 ], [ -2.7975700124, 53.3544399787 ], [ -2.7985099882, 53.3591599445 ], [ -2.8010800074, 53.359309969599998 ], [ -2.810960005, 53.3624899888 ], [ -2.8155000002, 53.365509992100002 ], [ -2.8176499998, 53.3665299834 ], [ -2.8200499874, 53.367349962200002 ], [ -2.8219399848, 53.367809954899997 ], [ -2.819799991, 53.369709973200003 ], [ -2.8171299962, 53.371189983800001 ], [ -2.8172199989, 53.3720099859 ], [ -2.8178200024, 53.372829985199999 ], [ -2.8184200063, 53.374419991 ], [ -2.8222799919, 53.3746800025 ], [ -2.8309499985, 53.371139979100001 ], [ -2.8326700052, 53.370839980100001 ], [ -2.8389400102, 53.373859989099998 ], [ -2.8413399967, 53.375549989600003 ], [ -2.8434799855, 53.376109980800003 ], [ -2.8527500032, 53.37472998 ], [ -2.85396, 53.377489964699997 ], [ -2.8616000192, 53.383379997299997 ], [ -2.8642600127, 53.383019990900003 ], [ -2.86692001, 53.382099982600003 ], [ -2.8664000133, 53.378669966899999 ], [ -2.8672600167, 53.3758499594 ], [ -2.8660600182, 53.374269979099999 ], [ -2.871810046, 53.3729899876 ], [ -2.8793600252, 53.367509995900001 ], [ -2.8820200208, 53.366479994899997 ], [ -2.8842500175, 53.364639993899999 ], [ -2.8840000163, 53.363359994600003 ], [ -2.8888000131, 53.360129995500003 ], [ -2.8932700083, 53.356959994699999 ], [ -2.8927500081, 53.353219995 ], [ -2.8969600044, 53.353059993400002 ], [ -2.9022800042, 53.347679990800003 ], [ -2.9029700114, 53.345219989599997 ], [ -2.8762700199, 53.333949996599998 ], [ -2.8569600071, 53.328619993300002 ], [ -2.8371300149, 53.3282099909 ], [ -2.82091001, 53.333539993400002 ] ] ] } },
{ "type": "Feature", "properties": { "ODSCode": "N82651", "Name": "STANLEY MEDICAL CENTRE", "ICBCode": "QYG", "Region": "Y62", "stroke.opacity": "1.0", "stroke.width": "2.0", "fill.opacity": "0", "OBJECTID": 3942, "stroke": "#0000ff", "fill": "#555555" }, "geometry": { "type": "Polygon", "coordinates": [ [ [ -2.9678320049, 53.411756967800002 ], [ -2.9707070063, 53.4173329885 ], [ -2.972209002, 53.421143986600001 ], [ -2.9751709943, 53.426386991299999 ], [ -2.9765439843, 53.4302479937 ], [ -2.9733679921, 53.430733992299999 ], [ -2.970878997, 53.431474990300003 ], [ -2.9687329986, 53.433647989100002 ], [ -2.9678749994, 53.435820989299998 ], [ -2.967961, 53.435872989400004 ], [ -2.9746129878, 53.436920992700003 ], [ -2.9864999852, 53.437584995599998 ], [ -2.9948259506, 53.4359490115 ], [ -2.996756974, 53.425312997900001 ], [ -2.9966709666, 53.419916997400001 ], [ -2.9971429852, 53.411449998 ], [ -2.9880019739, 53.410835996700001 ], [ -2.9880879738, 53.411117997300003 ], [ -2.9678320049, 53.411756967800002 ] ] ] } },
{ "type": "Feature", "properties": { "ODSCode": "N82655", "Name": "MOSS WAY", "ICBCode": "QYG", "Region": "Y62", "stroke.opacity": "1.0", "stroke.width": "2.0", "fill.opacity": "0", "OBJECTID": 4338, "stroke": "#0000ff", "fill": "#555555" }, "geometry": { "type": "Polygon", "coordinates": [ [ [ -2.8942100062, 53.4623999883 ], [ -2.9374700137, 53.449419995699998 ], [ -2.9331800095, 53.440419992499997 ], [ -2.9168700022, 53.436439974099997 ], [ -2.893520003, 53.449009973300001 ], [ -2.8885500036, 53.460559983700001 ], [ -2.8942100062, 53.4623999883 ] ] ] } },
{ "type": "Feature", "properties": { "ODSCode": "N82662", "Name": "DUNSTAN VILLAGE GROUP PRACTICE", "ICBCode": "QYG", "Region": "Y62", "stroke.opacity": "1.0", "stroke.width": "2.0", "fill.opacity": "0", "OBJECTID": 1324, "stroke": "#0000ff", "fill": "#555555" }, "geometry": { "type": "Polygon", "coordinates": [ [ [ -2.9754099927, 53.383329957199997 ], [ -2.9558400034, 53.381999988799997 ], [ -2.952229999, 53.383839983599998 ], [ -2.9548100035, 53.381789990100003 ], [ -2.9503400052, 53.380049994 ], [ -2.9350700063, 53.375029980800001 ], [ -2.9216800019, 53.384859952100001 ], [ -2.9051999952, 53.391930007699997 ], [ -2.8985000049, 53.398989997199998 ], [ -2.9041700109, 53.406669986200001 ], [ -2.9136099976, 53.408099986800003 ], [ -2.9125800049, 53.413729986900002 ], [ -2.9259700053, 53.414239988699997 ], [ -2.9402200108, 53.413829981299997 ], [ -2.9556700081, 53.4093299691 ], [ -2.9965199788, 53.411890000500001 ], [ -2.9887999729, 53.399659983699998 ], [ -2.9789029531, 53.3855422444 ], [ -2.9772499892, 53.385069945 ], [ -2.9771199903, 53.3845599474 ], [ -2.9759199921, 53.384559952300002 ], [ -2.9754099927, 53.383329957199997 ] ] ] } },
{ "type": "Feature", "properties": { "ODSCode": "N82663", "Name": "HORNSPIT MEDICAL CENTRE", "ICBCode": "QYG", "Region": "Y62", "stroke.opacity": "1.0", "stroke.width": "2.0", "fill.opacity": "0", "OBJECTID": 5078, "stroke": "#0000ff", "fill": "#555555" }, "geometry": { "type": "Polygon", "coordinates": [ [ [ -2.9169600096, 53.4264899828 ], [ -2.9167847201, 53.4264124022 ], [ -2.9132498184, 53.428121407699997 ], [ -2.911850565, 53.429148470100003 ], [ -2.9097557224, 53.429974055 ], [ -2.9087002317, 53.430085305699997 ], [ -2.9076464599, 53.430079291200002 ], [ -2.9056715719, 53.430177823699999 ], [ -2.9027700103, 53.431319989199999 ], [ -2.8968833229, 53.433868519599997 ], [ -2.8959959567, 53.433986391 ], [ -2.8941323603, 53.4339757543 ], [ -2.8922789554, 53.434147105500003 ], [ -2.891510009, 53.434409988500001 ], [ -2.8870595198, 53.435806934299997 ], [ -2.8846730028, 53.436747318899997 ], [ -2.8813577172, 53.437880655400001 ], [ -2.8781049725, 53.439602744399998 ], [ -2.8759982323, 53.4406209761 ], [ -2.8769772968, 53.441130172 ], [ -2.8776591181, 53.4417144803 ], [ -2.8778456759, 53.4424200379 ], [ -2.8790211056, 53.444473015900002 ], [ -2.8778304575, 53.445526106899997 ], [ -2.8733368877, 53.446820543199998 ], [ -2.8702044055, 53.448176217799997 ], [ -2.8679672289, 53.449257272200001 ], [ -2.8694366479, 53.450412869899999 ], [ -2.8714855022, 53.452892991500001 ], [ -2.8752298081, 53.454839749199998 ], [ -2.8808443787, 53.457007617599999 ], [ -2.8866145862, 53.454737586699999 ], [ -2.8921700064, 53.452809983599998 ], [ -2.8945926588, 53.449430684500001 ], [ -2.901400006, 53.448389974199998 ], [ -2.904080009, 53.453069993900002 ], [ -2.9112900068, 53.450229986700002 ], [ -2.9178101181, 53.447308295100001 ], [ -2.9317774648, 53.442181827 ], [ -2.9321624851, 53.441841262200001 ], [ -2.9324600087, 53.440799991900001 ], [ -2.9324500106, 53.439729992099998 ], [ -2.9326600134, 53.436889991199997 ], [ -2.9264000106, 53.434119987599999 ], [ -2.9241407686, 53.432183485199999 ], [ -2.9221500076, 53.430199966799997 ], [ -2.9169600096, 53.4264899828 ] ] ] } },
{ "type": "Feature", "properties": { "ODSCode": "N82664", "Name": "ROCKY LANE MEDICAL CENTRE", "ICBCode": "QYG", "Region": "Y62", "stroke.opacity": "1.0", "stroke.width": "2.0", "fill.opacity": "0", "OBJECTID": 3452, "stroke": "#0000ff", "fill": "#555555" }, "geometry": { "type": "Polygon", "coordinates": [ [ [ -2.881829838, 53.395132342300002 ], [ -2.8818099944, 53.3950500308 ], [ -2.8813399953, 53.396280021899997 ], [ -2.8812099973, 53.396920016700001 ], [ -2.8812099995, 53.397710011800001 ], [ -2.8814600014, 53.398790003800002 ], [ -2.8827100041, 53.400809991599999 ], [ -2.8834400028, 53.4018099914 ], [ -2.8833176053, 53.401302457500002 ], [ -2.8836124246, 53.401726498199999 ], [ -2.8834800024, 53.401649991399999 ], [ -2.8837400021, 53.4019099912 ], [ -2.8839778714, 53.402004033200001 ], [ -2.8843800022, 53.402289989800003 ], [ -2.884940003, 53.4028499888 ], [ -2.886660004, 53.404239988699999 ], [ -2.8888000062, 53.405439987199998 ], [ -2.8900500068, 53.405949986800003 ], [ -2.8917938772, 53.406452487899998 ], [ -2.8921100076, 53.406619986800003 ], [ -2.8932700089, 53.406899986699997 ], [ -2.8951500081, 53.407229986499999 ], [ -2.8969100096, 53.407329986400001 ], [ -2.9000500114, 53.407229986499999 ], [ -2.9015100113, 53.407099986 ], [ -2.9027500122, 53.406669985900002 ], [ -2.9032423458, 53.406102901300002 ], [ -2.9032360862, 53.406205874 ], [ -2.9030100114, 53.406509985900001 ], [ -2.9065700089, 53.405819986300003 ], [ -2.9079400073, 53.405489986200003 ], [ -2.9089700067, 53.4049999864 ], [ -2.9102200057, 53.404719987199996 ], [ -2.9115500061, 53.404239987700002 ], [ -2.9121500054, 53.403899988600003 ], [ -2.9139500039, 53.3997099941 ], [ -2.913910003, 53.3992499971 ], [ -2.9135169523, 53.3978342813 ], [ -2.9130099824, 53.395460027200002 ], [ -2.9129199774, 53.394690033400003 ], [ -2.9118899946, 53.391370000199998 ], [ -2.9116299951, 53.390959997 ], [ -2.912059993, 53.392030005499997 ], [ -2.9120599799, 53.393160030799997 ], [ -2.9122399747, 53.394130039 ], [ -2.9122399804, 53.395100030899997 ], [ -2.9116009972, 53.394397916300001 ], [ -2.9105583686, 53.391399721600003 ], [ -2.9107580304, 53.390354939399998 ], [ -2.9112099969, 53.390389993900001 ], [ -2.9106899975, 53.389779989099999 ], [ -2.9098703554, 53.389421093 ], [ -2.9097899983, 53.3891899869 ], [ -2.909805911, 53.389392873600002 ], [ -2.9074700005, 53.388369983600001 ], [ -2.9057600031, 53.387959982600002 ], [ -2.9006900068, 53.386909983 ], [ -2.8970000113, 53.386909985700001 ], [ -2.8943000142, 53.386989987200003 ], [ -2.8927900164, 53.387169989 ], [ -2.8910800182, 53.387449992199997 ], [ -2.8902200194, 53.3876499928 ], [ -2.8889800197, 53.3880899945 ], [ -2.8888063292, 53.388198024 ], [ -2.8887200198, 53.388189994900003 ], [ -2.8887297532, 53.388245651399998 ], [ -2.888515318, 53.388379019399999 ], [ -2.8884600202, 53.388289995699999 ], [ -2.8883607026, 53.388475184400001 ], [ -2.888160021, 53.388599996700002 ], [ -2.8882466786, 53.388606734600003 ], [ -2.8868700203, 53.389239997700003 ], [ -2.8849000214, 53.390370001100003 ], [ -2.8840400189, 53.391210001499999 ], [ -2.8837000186, 53.3916500025 ], [ -2.8823699935, 53.3940500382 ], [ -2.8819399929, 53.394590034 ], [ -2.881829838, 53.395132342300002 ] ] ] } },
{ "type": "Feature", "properties": { "ODSCode": "N82668", "Name": "WALTON VILLAGE MEDICAL CENTRE", "ICBCode": "QYG", "Region": "Y62", "stroke.opacity": "1.0", "stroke.width": "2.0", "fill.opacity": "0", "OBJECTID": 1533, "stroke": "#0000ff", "fill": "#555555" }, "geometry": { "type": "Polygon", "coordinates": [ [ [ -2.9737799955, 53.447780001 ], [ -2.973689996, 53.4472200027 ], [ -2.9748899882, 53.437559992499999 ], [ -2.93103001, 53.438629988400002 ], [ -2.9451100135, 53.459389991899997 ], [ -2.9713700113, 53.459639993800003 ], [ -2.9737799955, 53.447780001 ] ] ] } },
{ "type": "Feature", "properties": { "ODSCode": "N82669", "Name": "GREAT HOMER STREET MEDICAL CENTRE", "ICBCode": "QYG", "Region": "Y62", "stroke.opacity": "1.0", "stroke.width": "2.0", "fill.opacity": "0", "OBJECTID": 3300, "stroke": "#0000ff", "fill": "#555555" }, "geometry": { "type": "Polygon", "coordinates": [ [ [ -2.9891399684, 53.412860001299997 ], [ -2.9885999714, 53.411869998900002 ], [ -2.9878099763, 53.410939996400003 ], [ -2.9825099882, 53.411389987100002 ], [ -2.9816199863, 53.410979985799997 ], [ -2.9789299797, 53.4109599835 ], [ -2.9761899808, 53.411269979399997 ], [ -2.9685700039, 53.411769969399998 ], [ -2.9524000144, 53.417589977799999 ], [ -2.9478300072, 53.421109947300003 ], [ -2.9448200078, 53.422049960400003 ], [ -2.9403000097, 53.422409972099999 ], [ -2.9413900096, 53.424009981399998 ], [ -2.9451700085, 53.425629985900002 ], [ -2.9490800082, 53.4271899863 ], [ -2.9506000087, 53.428999987799997 ], [ -2.9512200104, 53.429899988099997 ], [ -2.9521800103, 53.430809987700002 ], [ -2.954620008, 53.432739985700003 ], [ -2.9558100076, 53.434009985899998 ], [ -2.9593900043, 53.436079985900001 ], [ -2.9637400007, 53.437859987800003 ], [ -2.9626200016, 53.439159986200004 ], [ -2.9664399994, 53.439859988199998 ], [ -2.9705999957, 53.440459990599997 ], [ -2.9713699934, 53.4382699911 ], [ -2.9720399943, 53.438309990800001 ], [ -2.9726999927, 53.438269991600002 ], [ -2.9737699888, 53.437929992299999 ], [ -2.9742499892, 53.4375199933 ], [ -2.9750099876, 53.436629993099999 ], [ -2.9755499861, 53.435809992899998 ], [ -2.9790499819, 53.434819993399998 ], [ -2.9803399851, 53.434499993 ], [ -2.9858099882, 53.434599993299997 ], [ -2.9870899802, 53.433479996800003 ], [ -2.9873399784, 53.432989997599996 ], [ -2.9873199823, 53.429569998300003 ], [ -2.9881799749, 53.426349998100001 ], [ -2.9899199579, 53.418710003 ], [ -2.9900399615, 53.415150004899999 ], [ -2.9896799644, 53.4140900031 ], [ -2.9891399684, 53.412860001299997 ] ] ] } },
{ "type": "Feature", "properties": { "ODSCode": "N82671", "Name": "BIGHAM ROAD MEDICAL CENTRE", "ICBCode": "QYG", "Region": "Y62", "stroke.opacity": "1.0", "stroke.width": "2.0", "fill.opacity": "0", "OBJECTID": 3427, "stroke": "#0000ff", "fill": "#555555" }, "geometry": { "type": "Polygon", "coordinates": [ [ [ -2.9199599966, 53.410149986699999 ], [ -2.9235600094, 53.416799987300003 ], [ -2.9390100095, 53.419149968100001 ], [ -2.9592700106, 53.415259965899999 ], [ -2.9587600103, 53.407379969899999 ], [ -2.9251100004, 53.3989900037 ], [ -2.9199599966, 53.410149986699999 ] ] ] } },
{ "type": "Feature", "properties": { "ODSCode": "N82676", "Name": "FIR TREE", "ICBCode": "QYG", "Region": "Y62", "stroke.opacity": "1.0", "stroke.width": "2.0", "fill.opacity": "0", "OBJECTID": 5792, "stroke": "#0000ff", "fill": "#555555" }, "geometry": { "type": "Polygon", "coordinates": [ [ [ -2.9027900069, 53.461479986900002 ], [ -2.9045100105, 53.464139988900001 ], [ -2.9158400118, 53.464339991599999 ], [ -2.9251100058, 53.462299989199998 ], [ -2.9275100009, 53.459439987800003 ], [ -2.9306000123, 53.451869999300001 ], [ -2.9309500134, 53.450239993499999 ], [ -2.9309500062, 53.443079991700003 ], [ -2.9343800088, 53.441039993899999 ], [ -2.9419300091, 53.439609989099999 ], [ -2.9367800125, 53.437969993599999 ], [ -2.9330100138, 53.436949990899997 ], [ -2.9264800081, 53.4353099848 ], [ -2.9206500056, 53.4340799868 ], [ -2.9261400081, 53.430399965500001 ], [ -2.9330100096, 53.429579955 ], [ -2.9381600096, 53.428359976899998 ], [ -2.9385000114, 53.426109988 ], [ -2.9302600134, 53.425289986700001 ], [ -2.9203000106, 53.426309981700001 ], [ -2.9120600139, 53.421399991299999 ], [ -2.9089700107, 53.417719991299997 ], [ -2.8993600125, 53.416489990199999 ], [ -2.8918100159, 53.418129986700002 ], [ -2.8777300146, 53.419349997700003 ], [ -2.8770400125, 53.422010003600001 ], [ -2.8749800136, 53.4316300184 ], [ -2.8708600172, 53.437560012600002 ], [ -2.8554200241, 53.439400036899997 ], [ -2.8550700268, 53.445330028800001 ], [ -2.8530100187, 53.450650006300002 ], [ -2.854390022, 53.457800001300001 ], [ -2.8715500309, 53.462500010299998 ], [ -2.878760023, 53.462710006199998 ], [ -2.9027900069, 53.461479986900002 ] ] ] } },
{ "type": "Feature", "properties": { "ODSCode": "N82678", "Name": "STOPGATE LANE MEDICAL CTR", "ICBCode": "QYG", "Region": "Y62", "stroke.opacity": "1.0", "stroke.width": "2.0", "fill.opacity": "0", "OBJECTID": 3591, "stroke": "#0000ff", "fill": "#555555" }, "geometry": { "type": "Polygon", "coordinates": [ [ [ -2.9326500113, 53.431359970199999 ], [ -2.9137600034, 53.436599971900002 ], [ -2.911861975, 53.439772943 ], [ -2.9106500022, 53.440729972 ], [ -2.9096600019, 53.441729977400001 ], [ -2.908630004, 53.442899976500001 ], [ -2.9082953134, 53.443712375600001 ], [ -2.9073900039, 53.444769971699998 ], [ -2.905840005, 53.448529971600003 ], [ -2.9053300079, 53.449929981700002 ], [ -2.9059032806, 53.449965549799998 ], [ -2.9095824511, 53.460016181199997 ], [ -2.909010155, 53.460162339 ], [ -2.9100406822, 53.461267616299999 ], [ -2.9109900106, 53.463859990300001 ], [ -2.9208700211, 53.470989991499998 ], [ -2.9349904943, 53.469975753699998 ], [ -2.9394400158, 53.470299990199997 ], [ -2.9395011931, 53.470017955 ], [ -2.939717756, 53.469905845500001 ], [ -2.940260016, 53.469909991100003 ], [ -2.9456200181, 53.469349994200002 ], [ -2.9515219697, 53.4680589596 ], [ -2.9516779453, 53.4680857106 ], [ -2.9567800117, 53.466179992699999 ], [ -2.9606400102, 53.464499989499998 ], [ -2.9613241123, 53.463602449100001 ], [ -2.9676800137, 53.4617399905 ], [ -2.9692500009, 53.4469799986 ], [ -2.9621479104, 53.440379768299998 ], [ -2.9617600009, 53.438909986100001 ], [ -2.9596100021, 53.437299985199999 ], [ -2.9577700039, 53.436309985800001 ], [ -2.9616025747, 53.439872867600002 ], [ -2.9610516158, 53.440124357400002 ], [ -2.9524045383, 53.434374735399999 ], [ -2.9505200102, 53.433599984600001 ], [ -2.9488400109, 53.433259984400003 ], [ -2.9468940491, 53.433026192200003 ], [ -2.9420488125, 53.431929359900003 ], [ -2.9419727617, 53.431951102 ], [ -2.9399200117, 53.431549982100002 ], [ -2.9360100111, 53.431369979599999 ], [ -2.9341902781, 53.431590600100002 ], [ -2.9326500113, 53.431359970199999 ] ] ] } },
{ "type": "Feature", "properties": { "ODSCode": "N83001", "Name": "RAINBOW MEDICAL CENTRE", "ICBCode": "QYG", "Region": "Y62", "stroke.opacity": "1.0", "stroke.width": "2.0", "fill.opacity": "0", "OBJECTID": 4629, "stroke": "#0000ff", "fill": "#555555" }, "geometry": { "type": "Polygon", "coordinates": [ [ [ -2.7469300153, 53.402799984200001 ], [ -2.7456803699, 53.403211757 ], [ -2.7395400187, 53.4038999809 ], [ -2.7396117911, 53.403983714500001 ], [ -2.7395024463, 53.404166741 ], [ -2.7383400194, 53.404469980099996 ], [ -2.7383696465, 53.404680861400003 ], [ -2.7382570105, 53.404800969599997 ], [ -2.7367832476, 53.4052397755 ], [ -2.7287273255, 53.406360305200003 ], [ -2.719370021, 53.407489980699999 ], [ -2.7080400137, 53.409739985 ], [ -2.7099128242, 53.412524434700003 ], [ -2.7097890627, 53.413462027 ], [ -2.7040192064, 53.417453676100003 ], [ -2.7023069511, 53.4183272127 ], [ -2.7019500119, 53.418279982800001 ], [ -2.6916833662, 53.4231500291 ], [ -2.6830700142, 53.426209993199997 ], [ -2.6827192104, 53.428973451300003 ], [ -2.6819500128, 53.43229 ], [ -2.6822100157, 53.433569998199999 ], [ -2.6877696838, 53.441348875400003 ], [ -2.6881597606, 53.443241797299997 ], [ -2.6880835397, 53.443351015 ], [ -2.6853770688, 53.444607989600001 ], [ -2.6829919876, 53.445505093900003 ], [ -2.6774000334, 53.446859989700002 ], [ -2.679848464, 53.452474303 ], [ -2.6808400111, 53.455009991899999 ], [ -2.6809930302, 53.455098022100003 ], [ -2.6812600101, 53.455709990899997 ], [ -2.686160013, 53.456269987100001 ], [ -2.6892693611, 53.453933336799999 ], [ -2.689674373, 53.453955374099998 ], [ -2.6939214152, 53.458714173499999 ], [ -2.6944000125, 53.459329985799997 ], [ -2.6997570807, 53.460775883899998 ], [ -2.6998566601, 53.460837643399998 ], [ -2.7021225589, 53.464110787800003 ], [ -2.7027084508, 53.467346186599997 ], [ -2.7025900073, 53.467869994099999 ], [ -2.7038635388, 53.468534355499997 ], [ -2.7071992783, 53.471813767599997 ], [ -2.7077900191, 53.472499995500002 ], [ -2.7079809068, 53.472582110899999 ], [ -2.7086400188, 53.473229994299999 ], [ -2.7084333583, 53.472911579399998 ], [ -2.7086914323, 53.472711176499999 ], [ -2.7103600196, 53.4728199945 ], [ -2.7215663361, 53.472112888700003 ], [ -2.7252100289, 53.472009998200001 ], [ -2.7288604347, 53.471652067500003 ], [ -2.7603080079, 53.469660119499999 ], [ -2.7925900139, 53.4680199903 ], [ -2.7927609707, 53.467963235799999 ], [ -2.795680013, 53.46781999 ], [ -2.7976304871, 53.458266288799997 ], [ -2.7980799472, 53.457389965600001 ], [ -2.797895749, 53.457109857299997 ], [ -2.7979099498, 53.456929966899999 ], [ -2.7975107409, 53.456524365699998 ], [ -2.7958512885, 53.454000591800003 ], [ -2.7961899868, 53.452329980800002 ], [ -2.7929899457, 53.448883834900002 ], [ -2.7929789336, 53.448783369 ], [ -2.7931000224, 53.448599973900002 ], [ -2.7918748948, 53.447732505200001 ], [ -2.7918158541, 53.447127500900002 ], [ -2.791873119, 53.447037614 ], [ -2.7928400162, 53.446459979300002 ], [ -2.7918129018, 53.443980920900003 ], [ -2.792500235, 53.439448919900002 ], [ -2.7935300159, 53.433829985199999 ], [ -2.7931900147, 53.431879985499997 ], [ -2.7920700151, 53.431529985700003 ], [ -2.7880086095, 53.430869516 ], [ -2.7863200152, 53.429689986600003 ], [ -2.7835494906, 53.428665278099999 ], [ -2.7834629545, 53.428511941899998 ], [ -2.7847800157, 53.426459989599998 ], [ -2.7850300443, 53.421810023900001 ], [ -2.7849800457, 53.4216600261 ], [ -2.7796119949, 53.420228165300003 ], [ -2.7757600224, 53.418540002199997 ], [ -2.7718969985, 53.417719279700002 ], [ -2.7616582417, 53.4152862523 ], [ -2.7545302023, 53.409959937899998 ], [ -2.7517312658, 53.407202211399998 ], [ -2.7520800136, 53.405539987200001 ], [ -2.7503600147, 53.4045699873 ], [ -2.7476596963, 53.403176547 ], [ -2.7474800143, 53.403009984400001 ], [ -2.7472903683, 53.402985950500003 ], [ -2.7469300153, 53.402799984200001 ] ] ] } },
{ "type": "Feature", "properties": { "ODSCode": "N83002", "Name": "PATTERDALE LODGE MED CTRE", "ICBCode": "QYG", "Region": "Y62", "stroke.opacity": "1.0", "stroke.width": "2.0", "fill.opacity": "0", "OBJECTID": 5079, "stroke": "#0000ff", "fill": "#555555" }, "geometry": { "type": "Polygon", "coordinates": [ [ [ -2.6355032076, 53.470186323599997 ], [ -2.6425111055, 53.471297985100001 ], [ -2.6478056974, 53.471128687099998 ], [ -2.6534125551, 53.461959126899998 ], [ -2.665592862, 53.450761712 ], [ -2.6837520412, 53.452769466200003 ], [ -2.6850671727, 53.450617915499997 ], [ -2.6685030935, 53.447027221600003 ], [ -2.6727007057, 53.437514282800002 ], [ -2.672202612, 53.434406522400003 ], [ -2.6669618898, 53.420495076900004 ], [ -2.6626399271, 53.414239987599998 ], [ -2.6383499967, 53.416799985700003 ], [ -2.6147500052, 53.421399985400001 ], [ -2.5902799982, 53.42323999 ], [ -2.573987011, 53.423761540299999 ], [ -2.5730762494, 53.4268967848 ], [ -2.5716400268, 53.434069973500002 ], [ -2.5756600223, 53.435799975599998 ], [ -2.5840300208, 53.439569971799997 ], [ -2.5876200211, 53.442709969600003 ], [ -2.5908600155, 53.4461699792 ], [ -2.6000899987, 53.451229985399998 ], [ -2.6021300021, 53.454179982299998 ], [ -2.6053700051, 53.457129983500003 ], [ -2.609480011, 53.459469985 ], [ -2.6146100215, 53.461089983900003 ], [ -2.6262000262, 53.465239984 ], [ -2.6355032076, 53.470186323599997 ] ] ] } },
{ "type": "Feature", "properties": { "ODSCode": "N83003", "Name": "ORMSKIRK HOUSE SURGERY", "ICBCode": "QYG", "Region": "Y62", "stroke.opacity": "1.0", "stroke.width": "2.0", "fill.opacity": "0", "OBJECTID": 2673, "stroke": "#0000ff", "fill": "#555555" }, "geometry": { "type": "Polygon", "coordinates": [ [ [ -2.8152500229, 53.505199967700001 ], [ -2.7870900178, 53.4124000001 ], [ -2.7301000171, 53.409529978400002 ], [ -2.6559399907, 53.418539990799999 ], [ -2.5907100108, 53.453709987499998 ], [ -2.6442700358, 53.4582099888 ], [ -2.5913999775, 53.491309987299999 ], [ -2.8152500229, 53.505199967700001 ] ] ] } },
{ "type": "Feature", "properties": { "ODSCode": "N83005", "Name": "VISTA ROAD SURGERY", "ICBCode": "QYG", "Region": "Y62", "stroke.opacity": "1.0", "stroke.width": "2.0", "fill.opacity": "0", "OBJECTID": 1083, "stroke": "#0000ff", "fill": "#555555" }, "geometry": { "type": "Polygon", "coordinates": [ [ [ -2.5919657994, 53.448504425899998 ], [ -2.5904600129, 53.448699982400001 ], [ -2.5723499256, 53.464239985100001 ], [ -2.5680499902, 53.467719984399999 ], [ -2.5842800094, 53.4675599921 ], [ -2.5994700206, 53.468989989400001 ], [ -2.6133700458, 53.470629988500001 ], [ -2.624790019, 53.471239988500002 ], [ -2.6348300141, 53.470929987200002 ], [ -2.6346600148, 53.4674599835 ], [ -2.635690018, 53.466689990399999 ], [ -2.6384400197, 53.465009988399999 ], [ -2.6427700205, 53.462659988600002 ], [ -2.6526200206, 53.456349992600003 ], [ -2.6526000204, 53.456419993 ], [ -2.6635800213, 53.448399988799999 ], [ -2.6646600139, 53.443999989399998 ], [ -2.664180012, 53.442769987799998 ], [ -2.6657700088, 53.441569990200001 ], [ -2.6670200078, 53.440219989900001 ], [ -2.6686500096, 53.436949991799999 ], [ -2.6699400092, 53.428819992500003 ], [ -2.6557899908, 53.4219099934 ], [ -2.653870003, 53.420779991499998 ], [ -2.6524300126, 53.419609991100003 ], [ -2.6505700119, 53.419379990800003 ], [ -2.6470599992, 53.417719995799999 ], [ -2.610280005, 53.423699988199999 ], [ -2.596550004, 53.427439993900002 ], [ -2.5738900245, 53.4342899735 ], [ -2.5851300199, 53.4393999694 ], [ -2.5919657994, 53.448504425899998 ] ] ] } },
{ "type": "Feature", "properties": { "ODSCode": "N83006", "Name": "PHOENIX MEDICAL CENTRE", "ICBCode": "QYG", "Region": "Y62", "stroke.opacity": "1.0", "stroke.width": "2.0", "fill.opacity": "0", "OBJECTID": 537, "stroke": "#0000ff", "fill": "#555555" }, "geometry": { "type": "Polygon", "coordinates": [ [ [ -2.7185600129, 53.477809994799998 ], [ -2.7187400139, 53.478699994400003 ], [ -2.7199700156, 53.479939996699997 ], [ -2.7227100213, 53.480679999800003 ], [ -2.7239800206, 53.481440000799999 ], [ -2.725160018, 53.4834000002 ], [ -2.7261300165, 53.4853899979 ], [ -2.7266300166, 53.485239997800001 ], [ -2.7271300148, 53.485009997399999 ], [ -2.7276900145, 53.484319997599997 ], [ -2.7315000141, 53.481649991899999 ], [ -2.734660009, 53.482569988800002 ], [ -2.7374500071, 53.481659986399997 ], [ -2.7417800047, 53.4810499855 ], [ -2.7510500025, 53.476089988 ], [ -2.7569199924, 53.475829984500002 ], [ -2.7605699917, 53.474639985300001 ], [ -2.7642599917, 53.471649988800003 ], [ -2.7695799875, 53.471289988700001 ], [ -2.7696699925, 53.467869996200001 ], [ -2.7849500125, 53.461989991800003 ], [ -2.7834500163, 53.457289992299998 ], [ -2.7865800062, 53.456679988200001 ], [ -2.7891999935, 53.456979984 ], [ -2.7909599832, 53.457289980100001 ], [ -2.7915599845, 53.455959980700001 ], [ -2.7960199774, 53.453919977699996 ], [ -2.7907800234, 53.447379976599997 ], [ -2.7857200127, 53.441549991800002 ], [ -2.7786800132, 53.4347499832 ], [ -2.7708700101, 53.432090001699997 ], [ -2.7613400151, 53.426920004700001 ], [ -2.7504400172, 53.427900005 ], [ -2.7445200052, 53.419709988699999 ], [ -2.7249500206, 53.417049970100003 ], [ -2.7117400057, 53.417029984499997 ], [ -2.7085300103, 53.424179983599998 ], [ -2.7042800082, 53.424479983099999 ], [ -2.7004400081, 53.4263099848 ], [ -2.6896500145, 53.429579999300003 ], [ -2.6828500137, 53.430910000499999 ], [ -2.6820700139, 53.433099998700001 ], [ -2.6848500076, 53.437529996 ], [ -2.6880900023, 53.440679992200003 ], [ -2.6828700248, 53.445309989499997 ], [ -2.6802800456, 53.448139986199998 ], [ -2.6808100048, 53.450699994700003 ], [ -2.6808800065, 53.452359994 ], [ -2.6813100072, 53.453749991599999 ], [ -2.6814900102, 53.454959990900001 ], [ -2.682920012, 53.456889988100002 ], [ -2.6847000081, 53.461029988600004 ], [ -2.683110006, 53.463409991200002 ], [ -2.6790800106, 53.4641399928 ], [ -2.6788000125, 53.466759992500002 ], [ -2.6867599997, 53.467999993 ], [ -2.6878799994, 53.468269991600003 ], [ -2.6894400008, 53.469569991299998 ], [ -2.6899200035, 53.470339990900001 ], [ -2.6895900028, 53.4708799904 ], [ -2.6877200057, 53.472539990400001 ], [ -2.6885600041, 53.4726599898 ], [ -2.6919900044, 53.472629989399998 ], [ -2.6993500067, 53.4729599912 ], [ -2.7064100158, 53.473049993399997 ], [ -2.7191200231, 53.472899995 ], [ -2.7185600129, 53.477809994799998 ] ] ] } },
{ "type": "Feature", "properties": { "ODSCode": "N83007", "Name": "LINGHOLME HEALTH CENTRE", "ICBCode": "QYG", "Region": "Y62", "stroke.opacity": "1.0", "stroke.width": "2.0", "fill.opacity": "0", "OBJECTID": 1377, "stroke": "#0000ff", "fill": "#555555" }, "geometry": { "type": "Polygon", "coordinates": [ [ [ -2.6909600119, 53.559889992400002 ], [ -2.7023800101, 53.556880025399998 ], [ -2.7077900069, 53.557950001800002 ], [ -2.71161001, 53.550609994200002 ], [ -2.7162800059, 53.544689994099997 ], [ -2.7183200066, 53.543209995600002 ], [ -2.7183900018, 53.5406099852 ], [ -2.7175499969, 53.538929972699997 ], [ -2.716179997, 53.538179972 ], [ -2.7168699996, 53.536609981200002 ], [ -2.7205699925, 53.536059979199997 ], [ -2.7224999878, 53.534869977299998 ], [ -2.7213499909, 53.533469986 ], [ -2.7226399817, 53.527149974099999 ], [ -2.7246499709, 53.522959960500003 ], [ -2.7271499767, 53.521249963499997 ], [ -2.7284499821, 53.519899966799997 ], [ -2.7301299871, 53.515869978700003 ], [ -2.73561999, 53.506210009500002 ], [ -2.7410999847, 53.505940016300002 ], [ -2.7454699929, 53.507100003300003 ], [ -2.7690700219, 53.517349997499998 ], [ -2.7795400135, 53.529389972700002 ], [ -2.7848599996, 53.534649980300003 ], [ -2.7908700074, 53.537449987599999 ], [ -2.8011700188, 53.536939992599997 ], [ -2.8003100225, 53.530159996 ], [ -2.801260018, 53.521249991099999 ], [ -2.8137400123, 53.515059988 ], [ -2.8236600112, 53.509179992699998 ], [ -2.8173900192, 53.4962199832 ], [ -2.8255900215, 53.4872299795 ], [ -2.8142200111, 53.478339998400003 ], [ -2.81885002, 53.466999984099999 ], [ -2.8098400116, 53.459849995 ], [ -2.8040899981, 53.451159990500003 ], [ -2.7981200063, 53.445149983699999 ], [ -2.7921600112, 53.444869985 ], [ -2.7831000256, 53.445709982300002 ], [ -2.7783400194, 53.436029979600001 ], [ -2.7704400005, 53.433619993199997 ], [ -2.7647800217, 53.4288400119 ], [ -2.760490018, 53.422220000899998 ], [ -2.7373100194, 53.403389979 ], [ -2.7255500239, 53.407229975100002 ], [ -2.7202500238, 53.407829977600002 ], [ -2.7149500161, 53.408639984899999 ], [ -2.7043500149, 53.410559983200002 ], [ -2.6789499958, 53.413829983 ], [ -2.6639299625, 53.415669990200001 ], [ -2.6540599992, 53.416589989800002 ], [ -2.660409979, 53.424009993200002 ], [ -2.663840006, 53.4310099928 ], [ -2.6681300054, 53.4394499908 ], [ -2.6700000044, 53.441919992300001 ], [ -2.6698900135, 53.444589992 ], [ -2.6634099983, 53.449979994099998 ], [ -2.6509700202, 53.461489992 ], [ -2.6457300114, 53.468579981600001 ], [ -2.6407100125, 53.470349984099997 ], [ -2.6380900112, 53.472309986699997 ], [ -2.6405000099, 53.474149984699999 ], [ -2.6445300109, 53.475789975300003 ], [ -2.6482600116, 53.4774199692 ], [ -2.6520000117, 53.478339980100003 ], [ -2.6564200099, 53.478719978100003 ], [ -2.6612700062, 53.479309975699998 ], [ -2.6842700093, 53.474639990299998 ], [ -2.6937100048, 53.473829987899997 ], [ -2.7067600174, 53.474819993600001 ], [ -2.7107900166, 53.477119993199999 ], [ -2.7062800121, 53.480899994300003 ], [ -2.699380009, 53.4878399933 ], [ -2.6877499982, 53.493099978099998 ], [ -2.6823600001, 53.496189977699999 ], [ -2.6783500039, 53.499789980300001 ], [ -2.670580004, 53.504439992899997 ], [ -2.6676400045, 53.508339998 ], [ -2.6680599881, 53.509270010500003 ], [ -2.6693299743, 53.509690019899999 ], [ -2.6871899471, 53.514080035699997 ], [ -2.6926800037, 53.517709985499998 ], [ -2.6947400072, 53.521329979199997 ], [ -2.699980006, 53.531129977399999 ], [ -2.6819099944, 53.531889976199999 ], [ -2.6734800074, 53.531969979 ], [ -2.6638400135, 53.530969983 ], [ -2.6426499751, 53.539010021099998 ], [ -2.6366499992, 53.542769980899998 ], [ -2.6382499968, 53.544239989300003 ], [ -2.645949983, 53.547420026600001 ], [ -2.6637600167, 53.552339999399997 ], [ -2.665300018, 53.554330000699998 ], [ -2.6659400171, 53.5586399747 ], [ -2.6772100085, 53.557680001 ], [ -2.6794500076, 53.557610004700003 ], [ -2.6838300109, 53.559009986600003 ], [ -2.68740001, 53.560819989 ], [ -2.6909600119, 53.559889992400002 ] ] ] } },
{ "type": "Feature", "properties": { "ODSCode": "N83008", "Name": "BERRYMEAD FAMILY MED.CTR.", "ICBCode": "QYG", "Region": "Y62", "stroke.opacity": "1.0", "stroke.width": "2.0", "fill.opacity": "0", "OBJECTID": 2056, "stroke": "#0000ff", "fill": "#555555" }, "geometry": { "type": "Polygon", "coordinates": [ [ [ -2.7337396148, 53.4285793791 ], [ -2.7224636076, 53.424468790799999 ], [ -2.7185797687, 53.421604601 ], [ -2.7121961112, 53.419449896700002 ], [ -2.6872301109, 53.424762900399998 ], [ -2.6877947931, 53.431781981500002 ], [ -2.6885175708, 53.443413680299997 ], [ -2.6809644697, 53.444806734300002 ], [ -2.6807069774, 53.447401017399997 ], [ -2.6821446421, 53.452346422399998 ], [ -2.6898264889, 53.454199196499999 ], [ -2.6923584931, 53.4571251088 ], [ -2.6937210564, 53.460459594100001 ], [ -2.6936566823, 53.4616093474 ], [ -2.6895904545, 53.462254490799999 ], [ -2.686425448, 53.464247352199997 ], [ -2.6858460907, 53.4645986576 ], [ -2.6856422425, 53.4662464759 ], [ -2.6871871949, 53.467932569399998 ], [ -2.6896119116, 53.469414239300001 ], [ -2.6890735461, 53.472211329 ], [ -2.7016910902, 53.472722096699997 ], [ -2.7160301553, 53.4730287633 ], [ -2.7407884597, 53.471189579700003 ], [ -2.7407884602, 53.470755326499997 ], [ -2.7491569517, 53.462708020800001 ], [ -2.749500275, 53.456805667899999 ], [ -2.7457237244, 53.448806833 ], [ -2.7432775504, 53.443899429600002 ], [ -2.7408313749, 53.4406530734 ], [ -2.7337396148, 53.4285793791 ] ] ] } },
{ "type": "Feature", "properties": { "ODSCode": "N83009", "Name": "WINGATE MEDICAL CENTRE", "ICBCode": "QYG", "Region": "Y62", "stroke.opacity": "1.0", "stroke.width": "2.0", "fill.opacity": "0", "OBJECTID": 950, "stroke": "#0000ff", "fill": "#555555" }, "geometry": { "type": "Polygon", "coordinates": [ [ [ -2.9004300161, 53.502319994099999 ], [ -2.8991900177, 53.500249998 ], [ -2.898720019, 53.499939998099997 ], [ -2.8987900158, 53.497289994200003 ], [ -2.9002800117, 53.494279988599999 ], [ -2.9055000038, 53.492079984500002 ], [ -2.9066900071, 53.490129987400003 ], [ -2.9081400078, 53.489119989 ], [ -2.9101400091, 53.487089992199998 ], [ -2.9098100097, 53.486729992500003 ], [ -2.9097300109, 53.486369992299998 ], [ -2.9099700106, 53.485609993499999 ], [ -2.9091400109, 53.485399993100003 ], [ -2.9086100111, 53.485779993100003 ], [ -2.9065100111, 53.485269992100001 ], [ -2.9088300105, 53.484349993499997 ], [ -2.9110700118, 53.483299995199999 ], [ -2.9132000124, 53.4821099953 ], [ -2.9152500135, 53.480839995099998 ], [ -2.9170400162, 53.479649995499997 ], [ -2.9178000176, 53.479079995600003 ], [ -2.9189600173, 53.478519995600003 ], [ -2.9207500201, 53.477359994099999 ], [ -2.9224500208, 53.476359993099997 ], [ -2.9220100223, 53.475459993900003 ], [ -2.9212300238, 53.4745999931 ], [ -2.9199300242, 53.473969993799997 ], [ -2.9188700245, 53.473219993299999 ], [ -2.9172100228, 53.471669992599999 ], [ -2.9159300191, 53.469979990799999 ], [ -2.9156100193, 53.4693299897 ], [ -2.9151200176, 53.468689988800001 ], [ -2.9147200152, 53.466329991199999 ], [ -2.9141300138, 53.465359992499998 ], [ -2.913690012, 53.4648499929 ], [ -2.9126000133, 53.465189992399999 ], [ -2.9115100127, 53.465059991700002 ], [ -2.9093000116, 53.464959990600001 ], [ -2.9071300111, 53.465139990600001 ], [ -2.9054900122, 53.464939989599998 ], [ -2.9049600122, 53.465069990099998 ], [ -2.904260014, 53.4660399881 ], [ -2.9039000143, 53.467099982 ], [ -2.9014300126, 53.4684899831 ], [ -2.900430013, 53.4678799832 ], [ -2.8986600113, 53.467819983600002 ], [ -2.8959900124, 53.4699999873 ], [ -2.8895000042, 53.466709991 ], [ -2.8834800091, 53.463879998899998 ], [ -2.8672300227, 53.465120007300001 ], [ -2.8591900288, 53.465270031400003 ], [ -2.8188100206, 53.466969984199999 ], [ -2.8189100172, 53.469429988100003 ], [ -2.8169700108, 53.476789996 ], [ -2.8166000139, 53.4793599968 ], [ -2.816910017, 53.481929997400002 ], [ -2.8178900178, 53.4870099977 ], [ -2.8205400162, 53.499559984100003 ], [ -2.822260016, 53.504709983200001 ], [ -2.8230000146, 53.506149986499999 ], [ -2.8237600129, 53.506929988300001 ], [ -2.8240900119, 53.507389988900002 ], [ -2.8244300118, 53.507549988699999 ], [ -2.8498400048, 53.507139984399998 ], [ -2.8760100251, 53.505000001900001 ], [ -2.9004300161, 53.502319994099999 ] ] ] } },
{ "type": "Feature", "properties": { "ODSCode": "N83010", "Name": "RAINHILL VILLAGE SURGERY", "ICBCode": "QYG", "Region": "Y62", "stroke.opacity": "1.0", "stroke.width": "2.0", "fill.opacity": "0", "OBJECTID": 3182, "stroke": "#0000ff", "fill": "#555555" }, "geometry": { "type": "Polygon", "coordinates": [ [ [ -2.7478300143, 53.403559985800001 ], [ -2.7457700162, 53.404529984900002 ], [ -2.744520017, 53.406859984 ], [ -2.7442200134, 53.411319985399999 ], [ -2.7456400067, 53.415469987199998 ], [ -2.7523200013, 53.415689989299999 ], [ -2.7586600109, 53.418629991899998 ], [ -2.7671200165, 53.4169599851 ], [ -2.7665300163, 53.416089986199999 ], [ -2.7679600162, 53.416199985299997 ], [ -2.7688600169, 53.4158799868 ], [ -2.7688900169, 53.415299987300003 ], [ -2.7691300167, 53.414789988499997 ], [ -2.7670200169, 53.414509987899997 ], [ -2.7677500186, 53.413139990200001 ], [ -2.7660700171, 53.41293999 ], [ -2.7664500166, 53.412079990400002 ], [ -2.768050014, 53.4104399908 ], [ -2.768020013, 53.4103499908 ], [ -2.7658600121, 53.408289990699998 ], [ -2.7625300114, 53.407349989099998 ], [ -2.7607600115, 53.407159989199997 ], [ -2.7597100113, 53.407239988199997 ], [ -2.7586700122, 53.406969988299998 ], [ -2.7572600125, 53.406379987900003 ], [ -2.7560600122, 53.405999987 ], [ -2.7542900136, 53.405769987299998 ], [ -2.7497300146, 53.403029986200004 ], [ -2.7479600146, 53.403379985100003 ], [ -2.7478300143, 53.403559985800001 ] ] ] } },
{ "type": "Feature", "properties": { "ODSCode": "N83012", "Name": "MILL STREET MEDICAL CTR.", "ICBCode": "QYG", "Region": "Y62", "stroke.opacity": "1.0", "stroke.width": "2.0", "fill.opacity": "0", "OBJECTID": 4556, "stroke": "#0000ff", "fill": "#555555" }, "geometry": { "type": "Polygon", "coordinates": [ [ [ -2.8008699948, 53.486050018900002 ], [ -2.8026800029, 53.481960001300003 ], [ -2.802500006, 53.479409997700003 ], [ -2.8040400116, 53.467759987500003 ], [ -2.7958700037, 53.465489986900003 ], [ -2.7970299949, 53.463169984399997 ], [ -2.7973099548, 53.456739969300003 ], [ -2.7954399776, 53.454389978 ], [ -2.795979985, 53.45268998 ], [ -2.7931500221, 53.448639974099997 ], [ -2.7920500232, 53.448089974 ], [ -2.7914300224, 53.447439976699997 ], [ -2.7927200166, 53.446169981200001 ], [ -2.7917900111, 53.444579986800001 ], [ -2.7923500126, 53.441289987399998 ], [ -2.7921400381, 53.438399969400002 ], [ -2.7934200237, 53.43535998 ], [ -2.7933200168, 53.433899984500002 ], [ -2.7974400167, 53.433649987599999 ], [ -2.8002700151, 53.432339988 ], [ -2.8025000118, 53.430379986 ], [ -2.800960012, 53.430129986799997 ], [ -2.7983200153, 53.429079986 ], [ -2.7977200153, 53.427079986899997 ], [ -2.7926500185, 53.424599993500003 ], [ -2.7866900386, 53.422330016700002 ], [ -2.7798200412, 53.420400022599999 ], [ -2.7756800232, 53.418500002800002 ], [ -2.7685500155, 53.416999985799997 ], [ -2.7673300168, 53.416849985500001 ], [ -2.7655900144, 53.416499986799998 ], [ -2.7642000133, 53.416039987300003 ], [ -2.7627800118, 53.415719987099997 ], [ -2.7614100114, 53.415189988400002 ], [ -2.7605300108, 53.414499988099998 ], [ -2.7577800088, 53.412939987900003 ], [ -2.7564500089, 53.411959988600003 ], [ -2.7565400091, 53.412159988200003 ], [ -2.7519100171, 53.408019988100001 ], [ -2.751410016, 53.406349987500001 ], [ -2.7513800146, 53.405559987499998 ], [ -2.7508300143, 53.405079987199997 ], [ -2.7460000156, 53.403239984499997 ], [ -2.7426100175, 53.404089982899997 ], [ -2.7330000151, 53.405949984 ], [ -2.7292000197, 53.406349980199998 ], [ -2.7254600243, 53.4069499752 ], [ -2.7207900246, 53.407489975799997 ], [ -2.7165400156, 53.408189985500002 ], [ -2.7112600151, 53.409209984599997 ], [ -2.7063500131, 53.409899984 ], [ -2.702510016, 53.410669983200002 ], [ -2.6964800156, 53.4115199827 ], [ -2.6898900142, 53.412309983199997 ], [ -2.6833900065, 53.412799983200003 ], [ -2.6738199923, 53.413599985600001 ], [ -2.6523999982, 53.414909992299997 ], [ -2.6458400004, 53.415589996 ], [ -2.6461000021, 53.416109996300001 ], [ -2.6466200028, 53.4163899968 ], [ -2.6468400038, 53.416999996199998 ], [ -2.6469599993, 53.417679995699999 ], [ -2.6476599999, 53.418209994800002 ], [ -2.6484400035, 53.418619993699998 ], [ -2.6495000064, 53.419279991899998 ], [ -2.6521500132, 53.4195199909 ], [ -2.6530300067, 53.420049991299997 ], [ -2.6543999981, 53.421549992499997 ], [ -2.6547799975, 53.422289993 ], [ -2.6555000027, 53.424249992299998 ], [ -2.6561200005, 53.424469992200002 ], [ -2.658089989, 53.4239799932 ], [ -2.6588599852, 53.423939993200001 ], [ -2.6596599879, 53.424899992299999 ], [ -2.660529989, 53.426329990699998 ], [ -2.6604899909, 53.4269799924 ], [ -2.6606599959, 53.428439991499999 ], [ -2.6616099984, 53.429419991700001 ], [ -2.6620200011, 53.430169992499998 ], [ -2.6614900031, 53.430839992899998 ], [ -2.6605200021, 53.430829993 ], [ -2.6584400006, 53.431269993199997 ], [ -2.6575300063, 53.432549993099997 ], [ -2.6581900133, 53.433739992 ], [ -2.6590200153, 53.434159991900003 ], [ -2.6587100142, 53.434979990599999 ], [ -2.6561400144, 53.436729991 ], [ -2.6553600161, 53.4379399902 ], [ -2.6605900144, 53.439319987300003 ], [ -2.6640100115, 53.442519987799997 ], [ -2.6646700148, 53.444129989300002 ], [ -2.6640400185, 53.446739989500003 ], [ -2.6641200195, 53.447749990399998 ], [ -2.6612500149, 53.449389990199997 ], [ -2.6583199991, 53.452139993800003 ], [ -2.6567200058, 53.453459993 ], [ -2.6532000244, 53.456679992 ], [ -2.6442700167, 53.465459986900001 ], [ -2.6467300124, 53.467909983 ], [ -2.6485000123, 53.471229981199997 ], [ -2.6522100127, 53.470519986900001 ], [ -2.6535600137, 53.4726999875 ], [ -2.653920013, 53.472629987300003 ], [ -2.6546800138, 53.472989987699997 ], [ -2.6553000116, 53.474359986400003 ], [ -2.658150009, 53.476059977399999 ], [ -2.6598800067, 53.477449976099997 ], [ -2.6609900075, 53.478639975500002 ], [ -2.6618000057, 53.480059975300001 ], [ -2.6636500042, 53.482439976800002 ], [ -2.6654100045, 53.484109979700001 ], [ -2.6664700039, 53.484449979 ], [ -2.667450006, 53.484549981400001 ], [ -2.6726400074, 53.484409976800002 ], [ -2.6739900068, 53.484549972700002 ], [ -2.6750400066, 53.484879968199998 ], [ -2.6750000038, 53.4873299733 ], [ -2.6754700023, 53.488459976800002 ], [ -2.6769700019, 53.489809978399997 ], [ -2.6773100015, 53.490699980899997 ], [ -2.6782299978, 53.492629981100002 ], [ -2.6801299977, 53.494429974399999 ], [ -2.6805299992, 53.496549977599997 ], [ -2.6850600002, 53.496979979700001 ], [ -2.686479999, 53.496969977699997 ], [ -2.6874999985, 53.496819974899999 ], [ -2.6885099975, 53.496859973399999 ], [ -2.6932199972, 53.497469967400001 ], [ -2.696290001, 53.498299975400002 ], [ -2.6997400048, 53.499139983100001 ], [ -2.7057300072, 53.5007899752 ], [ -2.7042699831, 53.503289981499996 ], [ -2.7066099962, 53.506259978 ], [ -2.7082599477, 53.511720024200002 ], [ -2.7083799623, 53.513350016099999 ], [ -2.7093299809, 53.514650005500002 ], [ -2.7146500096, 53.518989985899999 ], [ -2.720019965, 53.511610008600002 ], [ -2.720989966, 53.511019999200002 ], [ -2.7218599624, 53.510889996 ], [ -2.7228899558, 53.510919991500003 ], [ -2.7240799523, 53.510829987599998 ], [ -2.7249699579, 53.510699987300001 ], [ -2.7268199666, 53.510269986600001 ], [ -2.7287999741, 53.510289988399997 ], [ -2.7295799769, 53.510159988700003 ], [ -2.7303599811, 53.509919988 ], [ -2.7319899889, 53.509559988299998 ], [ -2.733369995, 53.509029988499996 ], [ -2.7386799964, 53.508979995799997 ], [ -2.7436699975, 53.509389994899998 ], [ -2.7486399978, 53.510099993399997 ], [ -2.7521600004, 53.510049992900001 ], [ -2.756700007, 53.510149993399999 ], [ -2.7609400144, 53.510169993700003 ], [ -2.7647800224, 53.510409994900002 ], [ -2.7723400246, 53.510539996399999 ], [ -2.7771400179, 53.510199996600001 ], [ -2.7846500116, 53.5087099968 ], [ -2.7838900113, 53.507179996 ], [ -2.7830000119, 53.505649995299997 ], [ -2.7836200101, 53.5026999942 ], [ -2.7860400108, 53.502569993400002 ], [ -2.7886400108, 53.502239991800003 ], [ -2.7881500108, 53.501219991799999 ], [ -2.7873100084, 53.500399992299997 ], [ -2.7855500072, 53.499279993 ], [ -2.786020004, 53.4968299935 ], [ -2.7883800023, 53.495479991899998 ], [ -2.7895800023, 53.494169992 ], [ -2.7899900007, 53.493409991900002 ], [ -2.7908300049, 53.492639986299999 ], [ -2.7928000048, 53.491369986800002 ], [ -2.793790004, 53.490799990299998 ], [ -2.7953300045, 53.490369994200002 ], [ -2.796710002, 53.489630000699997 ], [ -2.7994099992, 53.487870014599999 ], [ -2.8006599968, 53.486960015 ], [ -2.8008699948, 53.486050018900002 ] ] ] } },
{ "type": "Feature", "properties": { "ODSCode": "N83013", "Name": "THE HEALTH CENTRE SURGERY", "ICBCode": "QYG", "Region": "Y62", "stroke.opacity": "1.0", "stroke.width": "2.0", "fill.opacity": "0", "OBJECTID": 1598, "stroke": "#0000ff", "fill": "#555555" }, "geometry": { "type": "Polygon", "coordinates": [ [ [ -2.8506000101, 53.359599987400003 ], [ -2.849310012, 53.360079988099997 ], [ -2.8482900122, 53.360319988800001 ], [ -2.8477900128, 53.360389988800002 ], [ -2.8472800126, 53.360389989600002 ], [ -2.8466700135, 53.360199989 ], [ -2.8465000102, 53.3595499885 ], [ -2.8455600094, 53.358269989199997 ], [ -2.8450200055, 53.3586499878 ], [ -2.8450100072, 53.358769987 ], [ -2.8447200072, 53.358859987300001 ], [ -2.8437800085, 53.357689991 ], [ -2.8406800069, 53.354169992700001 ], [ -2.8213000239, 53.354720010100003 ], [ -2.8216600306, 53.356140019199998 ], [ -2.8210600317, 53.357200021799997 ], [ -2.8210400331, 53.3575600235 ], [ -2.8214000366, 53.3582200285 ], [ -2.8223500395, 53.358890033400002 ], [ -2.8224900384, 53.359110033100002 ], [ -2.8221300326, 53.360080022699997 ], [ -2.8219400266, 53.360850016299999 ], [ -2.8219600233, 53.361630009800002 ], [ -2.8221900154, 53.363339995700002 ], [ -2.8226700084, 53.364619984299999 ], [ -2.8231500046, 53.365449976299999 ], [ -2.8173400001, 53.366309985199997 ], [ -2.8196099941, 53.367119970300003 ], [ -2.8214499854, 53.367639956200001 ], [ -2.8220799835, 53.367749954499999 ], [ -2.8205099894, 53.369139968600003 ], [ -2.8202999892, 53.369389970699999 ], [ -2.8202499888, 53.369639971399998 ], [ -2.8194799927, 53.369849974 ], [ -2.8182399957, 53.370679979400002 ], [ -2.8174999969, 53.3709799823 ], [ -2.817079996, 53.371619985400002 ], [ -2.8174600002, 53.3722399858 ], [ -2.8179700022, 53.372849985499997 ], [ -2.818450004, 53.374079988699997 ], [ -2.8187800034, 53.373929989899999 ], [ -2.8200999979, 53.373819992100003 ], [ -2.8205299963, 53.373839992699999 ], [ -2.8210199961, 53.374129995200001 ], [ -2.8213499955, 53.374229997 ], [ -2.823779987, 53.373079994100003 ], [ -2.8248899819, 53.373509999299998 ], [ -2.8255499806, 53.373560001400001 ], [ -2.8261299784, 53.373329998899997 ], [ -2.8279199838, 53.372219987699999 ], [ -2.8294199901, 53.371569980799997 ], [ -2.8294799913, 53.371379980299999 ], [ -2.8300399938, 53.371369980300003 ], [ -2.8305699961, 53.371209979699998 ], [ -2.8313499994, 53.370869978199998 ], [ -2.832730007, 53.370829980499998 ], [ -2.8333800092, 53.370879981100003 ], [ -2.8340100124, 53.371089981600001 ], [ -2.8351900142, 53.371639984200002 ], [ -2.8385100125, 53.373499988600003 ], [ -2.8390200099, 53.373869988800003 ], [ -2.8394600085, 53.373969989 ], [ -2.8396400087, 53.374189989199998 ], [ -2.841160001, 53.375279989900001 ], [ -2.8416199962, 53.3754799891 ], [ -2.8427499905, 53.375799985299999 ], [ -2.8434299887, 53.375889983299999 ], [ -2.848299997, 53.375329982099998 ], [ -2.8507399959, 53.374969980300001 ], [ -2.8531000046, 53.374689979800003 ], [ -2.8523700094, 53.372149986399997 ], [ -2.8520900143, 53.370209991 ], [ -2.8520300185, 53.369109992600002 ], [ -2.853360027, 53.366890005499997 ], [ -2.8536900259, 53.366090004199997 ], [ -2.8536600219, 53.36448 ], [ -2.8535500191, 53.363669998399999 ], [ -2.8534100173, 53.363239997599997 ], [ -2.8529000164, 53.362389994899999 ], [ -2.8506000101, 53.359599987400003 ] ] ] } },
{ "type": "Feature", "properties": { "ODSCode": "N83014", "Name": "DINAS LANE MEDICAL CENTRE", "ICBCode": "QYG", "Region": "Y62", "stroke.opacity": "1.0", "stroke.width": "2.0", "fill.opacity": "0", "OBJECTID": 371, "stroke": "#0000ff", "fill": "#555555" }, "geometry": { "type": "Polygon", "coordinates": [ [ [ -2.8911104642, 53.406551823599997 ], [ -2.8910800075, 53.4064099868 ], [ -2.8666099924, 53.408419987599999 ], [ -2.8541800144, 53.402040020100003 ], [ -2.8358800139, 53.4004199954 ], [ -2.8217000159, 53.396139999399999 ], [ -2.8152800134, 53.396869991400003 ], [ -2.8107400159, 53.3990399905 ], [ -2.8131700267, 53.405530007599999 ], [ -2.8157300124, 53.4218999928 ], [ -2.8194200174, 53.425839981099998 ], [ -2.8246500007, 53.427009956500001 ], [ -2.8354100162, 53.423119988300002 ], [ -2.8482299992, 53.420249971099999 ], [ -2.8546100155, 53.420310037 ], [ -2.8609900155, 53.421810048799998 ], [ -2.8935200149, 53.417769987100002 ], [ -2.8922179196, 53.4117085715 ], [ -2.8923700092, 53.410709987600001 ], [ -2.8922400094, 53.410759987200002 ], [ -2.8926200093, 53.410309987300003 ], [ -2.8926200077, 53.409939987599998 ], [ -2.892820007, 53.408779987199999 ], [ -2.8911104642, 53.406551823599997 ] ] ] } },
{ "type": "Feature", "properties": { "ODSCode": "N83017", "Name": "HALL STREET MEDICAL CENTRE", "ICBCode": "QYG", "Region": "Y62", "stroke.opacity": "1.0", "stroke.width": "2.0", "fill.opacity": "0", "OBJECTID": 2632, "stroke": "#0000ff", "fill": "#555555" }, "geometry": { "type": "Polygon", "coordinates": [ [ [ -2.6522090141, 53.472926988099999 ], [ -2.7184580213, 53.4733349941 ], [ -2.7952710139, 53.4678539903 ], [ -2.7975019521, 53.456714967700002 ], [ -2.7918400039, 53.441788993599999 ], [ -2.7921830143, 53.431255985599996 ], [ -2.7448800115, 53.411782985499997 ], [ -2.7033560101, 53.420171982399999 ], [ -2.6522090141, 53.472926988099999 ] ] ] } },
{ "type": "Feature", "properties": { "ODSCode": "N83018", "Name": "STOCKBRIDGE VILLAGE HC", "ICBCode": "QYG", "Region": "Y62", "stroke.opacity": "1.0", "stroke.width": "2.0", "fill.opacity": "0", "OBJECTID": 3696, "stroke": "#0000ff", "fill": "#555555" }, "geometry": { "type": "Polygon", "coordinates": [ [ [ -2.8829660068, 53.441598995900002 ], [ -2.8845090054, 53.440780991300002 ], [ -2.8884570058, 53.439195984800001 ], [ -2.8857100041, 53.436029987200001 ], [ -2.8792800085, 53.431680005 ], [ -2.8744700127, 53.430220019300002 ], [ -2.8707800072, 53.427740007300002 ], [ -2.8628800126, 53.4235500323 ], [ -2.8625820126, 53.424060034900002 ], [ -2.8621740132, 53.424124039 ], [ -2.8617240128, 53.424533043499999 ], [ -2.8611660148, 53.424801048200003 ], [ -2.8609166927, 53.424842282599997 ], [ -2.8606290162, 53.425044054 ], [ -2.8599210175, 53.425057059899999 ], [ -2.8594490175, 53.425006064400002 ], [ -2.8588480191, 53.425095069800001 ], [ -2.8592130198, 53.425019066099999 ], [ -2.8588270197, 53.4250440697 ], [ -2.8587520193, 53.425118071100002 ], [ -2.8587080191, 53.425779072099999 ], [ -2.8587022499, 53.425748781599999 ], [ -2.8586120211, 53.425984073 ], [ -2.8583970212, 53.426259074800001 ], [ -2.8586740209, 53.426259071799997 ], [ -2.8584140204, 53.4263360733 ], [ -2.8576420227, 53.426984076 ], [ -2.8568530215, 53.427374066799999 ], [ -2.8559140194, 53.427991054899998 ], [ -2.8557570196, 53.4281510518 ], [ -2.8558440184, 53.428509053 ], [ -2.8561870204, 53.428662057499999 ], [ -2.8561010211, 53.428765056700001 ], [ -2.85618702, 53.429174057600001 ], [ -2.8510400096, 53.432008995 ], [ -2.8515690107, 53.432404998099997 ], [ -2.8525940125, 53.433629009100002 ], [ -2.8538750161, 53.434041023699997 ], [ -2.854128017, 53.434671026099998 ], [ -2.8543860188, 53.4347860293 ], [ -2.8542570189, 53.434748028199998 ], [ -2.8544720187, 53.435016030299998 ], [ -2.8542770334, 53.4350042923 ], [ -2.8543430184, 53.435259028600001 ], [ -2.8546010208, 53.435668031200002 ], [ -2.8548790196, 53.435885033600002 ], [ -2.857260028, 53.438350057599997 ], [ -2.85859003, 53.4400700614 ], [ -2.8591500301, 53.440910057700002 ], [ -2.8628800213, 53.441570027300003 ], [ -2.8676500117, 53.44218999 ], [ -2.8708200137, 53.4407600121 ], [ -2.8767860126, 53.441855019800002 ], [ -2.8792740088, 53.442059010500003 ], [ -2.8829660068, 53.441598995900002 ] ] ] } },
{ "type": "Feature", "properties": { "ODSCode": "N83019", "Name": "BILLINGE MEDICAL PRACTICE", "ICBCode": "QYG", "Region": "Y62", "stroke.opacity": "1.0", "stroke.width": "2.0", "fill.opacity": "0", "OBJECTID": 2295, "stroke": "#0000ff", "fill": "#555555" }, "geometry": { "type": "Polygon", "coordinates": [ [ [ -2.6985380212, 53.5488593874 ], [ -2.7007900075, 53.548550001099997 ], [ -2.7035000065, 53.546940001 ], [ -2.7092600022, 53.544109989500001 ], [ -2.7190100034, 53.541199988499997 ], [ -2.7321599971, 53.5349999791 ], [ -2.7346500156, 53.5246499892 ], [ -2.7441800116, 53.518679987299997 ], [ -2.7541400039, 53.512089993799997 ], [ -2.752849995, 53.504120008800001 ], [ -2.7522299972, 53.501770005499999 ], [ -2.7520400028, 53.499729991700001 ], [ -2.7502099966, 53.491899987399997 ], [ -2.7462499804, 53.491149981900001 ], [ -2.7335100003, 53.4878299895 ], [ -2.7273500145, 53.486559996300002 ], [ -2.7223000195, 53.486569999099999 ], [ -2.71289001, 53.486279994500002 ], [ -2.6897200119, 53.485159986900001 ], [ -2.6844799991, 53.497329979900002 ], [ -2.6811400028, 53.500629982500001 ], [ -2.6760299953, 53.5066600018 ], [ -2.6737899918, 53.508690008400002 ], [ -2.6722299376, 53.510910047599999 ], [ -2.6831999375, 53.513930042 ], [ -2.6909600031, 53.516939986499999 ], [ -2.6942300028, 53.526429968800002 ], [ -2.6959399988, 53.535129983099999 ], [ -2.6970399956, 53.538319979100002 ], [ -2.6965099974, 53.540759988300003 ], [ -2.6967100022, 53.543599996600001 ], [ -2.6972400037, 53.545069997600002 ], [ -2.6974600041, 53.545929998299997 ], [ -2.697810005, 53.5465899991 ], [ -2.6976600054, 53.548979999399997 ], [ -2.6977816479, 53.5489632898 ], [ -2.6989900062, 53.549159999899999 ], [ -2.6983500068, 53.548980000199997 ], [ -2.6985380212, 53.5488593874 ] ] ] } },
{ "type": "Feature", "properties": { "ODSCode": "N83020", "Name": "MODALITY ST HELENS", "ICBCode": "QYG", "Region": "Y62", "stroke.opacity": "1.0", "stroke.width": "2.0", "fill.opacity": "0", "OBJECTID": 2417, "stroke": "#0000ff", "fill": "#555555" }, "geometry": { "type": "Polygon", "coordinates": [ [ [ -2.6393400124, 53.471899984799997 ], [ -2.6493100113, 53.474999981099998 ], [ -2.652120014, 53.475659984499998 ], [ -2.6551400103, 53.476449977500003 ], [ -2.6606500074, 53.478419976 ], [ -2.6606600074, 53.478839976099998 ], [ -2.6604500072, 53.479129976599999 ], [ -2.6692900092, 53.479899988 ], [ -2.677250012, 53.477919986300002 ], [ -2.6881800068, 53.474609989 ], [ -2.6932000032, 53.472539989399998 ], [ -2.7031100109, 53.4646599935 ], [ -2.6995900121, 53.459739987399999 ], [ -2.68146001, 53.460309989700001 ], [ -2.671150018, 53.460459991299999 ], [ -2.6684800189, 53.460459990300002 ], [ -2.663410022, 53.462529987700002 ], [ -2.649510013, 53.466709986200001 ], [ -2.6420800146, 53.466619987400001 ], [ -2.6418100151, 53.466679987 ], [ -2.6393400124, 53.471899984799997 ] ] ] } },
{ "type": "Feature", "properties": { "ODSCode": "N83021", "Name": "FOUR ACRE HEALTH CENTRE", "ICBCode": "QYG", "Region": "Y62", "stroke.opacity": "1.0", "stroke.width": "2.0", "fill.opacity": "0", "OBJECTID": 4876, "stroke": "#0000ff", "fill": "#555555" }, "geometry": { "type": "Polygon", "coordinates": [ [ [ -2.7428100174, 53.4522799947 ], [ -2.7457200172, 53.451869994500001 ], [ -2.7474400144, 53.450849995799999 ], [ -2.7498400186, 53.4499299923 ], [ -2.7517300276, 53.449109983200003 ], [ -2.7543100294, 53.448599977900003 ], [ -2.7567100251, 53.447679980099998 ], [ -2.7596300171, 53.446049985 ], [ -2.7611700112, 53.444819988 ], [ -2.7649500054, 53.443179993599998 ], [ -2.7634000035, 53.442369996899998 ], [ -2.7623700066, 53.441549994699997 ], [ -2.7604900221, 53.440629986499999 ], [ -2.7592800359, 53.4390899793 ], [ -2.7592800304, 53.437869982700001 ], [ -2.758940023, 53.436439985900002 ], [ -2.758770015, 53.435109989899999 ], [ -2.7587700083, 53.433879992500003 ], [ -2.7601400111, 53.433059999299999 ], [ -2.7606600195, 53.432040009200001 ], [ -2.7616900317, 53.430610020700001 ], [ -2.7639200256, 53.429790016299997 ], [ -2.7661500212, 53.428760011 ], [ -2.7656400171, 53.427540006199997 ], [ -2.7654600126, 53.425899999099997 ], [ -2.7654600129, 53.424569997699997 ], [ -2.7656400249, 53.422420004199999 ], [ -2.7654600259, 53.4204800005 ], [ -2.7658100216, 53.418739993300001 ], [ -2.7683800164, 53.417099986 ], [ -2.766150015, 53.4166899863 ], [ -2.7627200116, 53.415569987200001 ], [ -2.76014001, 53.414649988599997 ], [ -2.7582600091, 53.413109988499997 ], [ -2.7558500102, 53.411269987899999 ], [ -2.7532800131, 53.409529987699997 ], [ -2.7513900156, 53.407999987799997 ], [ -2.7517300149, 53.405229987200002 ], [ -2.7479600161, 53.404419985899999 ], [ -2.746240017, 53.403799984400003 ], [ -2.7436600169, 53.402569982700001 ], [ -2.7393700164, 53.401239980100002 ], [ -2.7349100082, 53.4007299863 ], [ -2.7297600127, 53.399809985700003 ], [ -2.7247800207, 53.399709982899999 ], [ -2.7204900215, 53.400009986800001 ], [ -2.7165400129, 53.399399993199999 ], [ -2.7165400126, 53.397559993100003 ], [ -2.7155100116, 53.394999990499997 ], [ -2.7131100086, 53.390599987800002 ], [ -2.671570007, 53.389059983199999 ], [ -2.6715699836, 53.394079983600001 ], [ -2.6761999339, 53.395199981399998 ], [ -2.677399932, 53.399199982299997 ], [ -2.6667599821, 53.413829988099998 ], [ -2.6674500174, 53.416589993199999 ], [ -2.6614399563, 53.418739993499997 ], [ -2.6677900091, 53.421599996700003 ], [ -2.6641800003, 53.428459992199997 ], [ -2.6818700141, 53.433779997800002 ], [ -2.6830700111, 53.435719996899998 ], [ -2.6877000084, 53.4372499957 ], [ -2.6923400114, 53.435919996300001 ], [ -2.6928500051, 53.441549987199998 ], [ -2.709850025, 53.445429980199997 ], [ -2.7182600279, 53.446559979699998 ], [ -2.7199700251, 53.449929990599998 ], [ -2.7289000364, 53.449729994800002 ], [ -2.7295900496, 53.448909989 ], [ -2.7326800421, 53.448189988599999 ], [ -2.7376600339, 53.4492199906 ], [ -2.7428100174, 53.4522799947 ] ] ] } },
{ "type": "Feature", "properties": { "ODSCode": "N83023", "Name": "ATLAS MEDICAL PRACTICE", "ICBCode": "QYG", "Region": "Y62", "stroke.opacity": "1.0", "stroke.width": "2.0", "fill.opacity": "0", "OBJECTID": 5819, "stroke": "#0000ff", "fill": "#555555" }, "geometry": { "type": "Polygon", "coordinates": [ [ [ -2.7259800268, 53.472439997099997 ], [ -2.7289000209, 53.468699993 ], [ -2.72929002, 53.4675699915 ], [ -2.7277600238, 53.4661899938 ], [ -2.7292000208, 53.463499990700001 ], [ -2.7307900173, 53.4621999891 ], [ -2.7349100128, 53.459849983600002 ], [ -2.7381700182, 53.455549988400001 ], [ -2.7365900195, 53.454419991 ], [ -2.7350200201, 53.453889991700002 ], [ -2.7309200231, 53.453269995 ], [ -2.725760027, 53.452979998300002 ], [ -2.7270300266, 53.4519099977 ], [ -2.7260500277, 53.450619999200001 ], [ -2.7233200474, 53.4463899844 ], [ -2.7222100315, 53.443399976099997 ], [ -2.7222100331, 53.443709976900003 ], [ -2.7182600102, 53.444049979699997 ], [ -2.7136900051, 53.443159981400001 ], [ -2.7094200047, 53.441369986 ], [ -2.7060300136, 53.438779989 ], [ -2.702580007, 53.440849987100002 ], [ -2.6997300128, 53.443219983399999 ], [ -2.6981100125, 53.443029983899997 ], [ -2.6944200231, 53.443579984099998 ], [ -2.6900500192, 53.443379986 ], [ -2.680450009, 53.443339992600002 ], [ -2.6755900079, 53.443199993900002 ], [ -2.6750200357, 53.447909989099998 ], [ -2.6749100108, 53.454699993399998 ], [ -2.7016397451, 53.4597845312 ], [ -2.7012600136, 53.459589988 ], [ -2.7048266548, 53.460365034 ], [ -2.7054500144, 53.460129990799999 ], [ -2.7046900147, 53.460599991199999 ], [ -2.703700014, 53.460839991299999 ], [ -2.7036436069, 53.460811095399997 ], [ -2.7017400118, 53.461579990399997 ], [ -2.7041600122, 53.463189992899999 ], [ -2.7051900137, 53.462529992500002 ], [ -2.7059500146, 53.463689994900001 ], [ -2.7069600156, 53.464809996600003 ], [ -2.7061700128, 53.465899996300003 ], [ -2.7059300137, 53.466449996100003 ], [ -2.7059500138, 53.4669999977 ], [ -2.7065600153, 53.467919997199999 ], [ -2.7072600165, 53.4685699976 ], [ -2.7085000187, 53.469269997300003 ], [ -2.7092600191, 53.469779996600003 ], [ -2.7095000189, 53.470889996700002 ], [ -2.7099300188, 53.471299995700001 ], [ -2.7112000196, 53.4730199941 ], [ -2.7259800268, 53.472439997099997 ] ] ] } },
{ "type": "Feature", "properties": { "ODSCode": "N83024", "Name": "PARK HOUSE MEDICAL CENTRE", "ICBCode": "QYG", "Region": "Y62", "stroke.opacity": "1.0", "stroke.width": "2.0", "fill.opacity": "0", "OBJECTID": 3519, "stroke": "#0000ff", "fill": "#555555" }, "geometry": { "type": "Polygon", "coordinates": [ [ [ -2.7884700235, 53.449219977200002 ], [ -2.793450017, 53.4335699863 ], [ -2.8110400099, 53.4340299841 ], [ -2.8265799941, 53.427129948100003 ], [ -2.809070013, 53.4217099942 ], [ -2.8061500163, 53.4001699883 ], [ -2.8022900095, 53.396659983900001 ], [ -2.7955100079, 53.395309987899999 ], [ -2.7866600119, 53.392999996699999 ], [ -2.7862400123, 53.392949996 ], [ -2.7884700159, 53.410499996399999 ], [ -2.7810000085, 53.410619991099999 ], [ -2.769760015, 53.411549990499999 ], [ -2.7637500099, 53.407079988900001 ], [ -2.7471000161, 53.404209985 ], [ -2.7592000149, 53.4349999903 ], [ -2.7884700235, 53.449219977200002 ] ] ] } },
{ "type": "Feature", "properties": { "ODSCode": "N83025", "Name": "CORNERWAYS MEDICAL CENTRE", "ICBCode": "QYG", "Region": "Y62", "stroke.opacity": "1.0", "stroke.width": "2.0", "fill.opacity": "0", "OBJECTID": 2332, "stroke": "#0000ff", "fill": "#555555" }, "geometry": { "type": "Polygon", "coordinates": [ [ [ -2.8491099289, 53.430709282599999 ], [ -2.8462324212, 53.430352376199998 ], [ -2.8514670103, 53.432241997200002 ], [ -2.8518100111, 53.431935002 ], [ -2.8521540103, 53.433367004399997 ], [ -2.8524970122, 53.433163008699999 ], [ -2.8526690126, 53.432958010500002 ], [ -2.852154012, 53.433981003600003 ], [ -2.8537211371, 53.434177585800001 ], [ -2.8533550135, 53.4334690178 ], [ -2.8540350766, 53.434216963799997 ], [ -2.85541502, 53.434390041100002 ], [ -2.855044964, 53.435327600500003 ], [ -2.8578190283, 53.438378063899997 ], [ -2.8612520234, 53.4436950403 ], [ -2.8629680159, 53.445740027799999 ], [ -2.8698350041, 53.452691004899997 ], [ -2.8849410048, 53.460050989800003 ], [ -2.8959270039, 53.458619982 ], [ -2.9062270094, 53.455962004500002 ], [ -2.9127500081, 53.454940002 ], [ -2.9203030075, 53.452895998499997 ], [ -2.9319760084, 53.447886992599997 ], [ -2.8889700156, 53.421659985799998 ], [ -2.8676500039, 53.415209982599997 ], [ -2.8681600043, 53.415059979799999 ], [ -2.8692799996, 53.413159983299998 ], [ -2.8494499855, 53.412409976799999 ], [ -2.84266995, 53.412219915900003 ], [ -2.8378199833, 53.414389957300003 ], [ -2.8365799925, 53.415239968199998 ], [ -2.8337600041, 53.416829983600003 ], [ -2.8313400027, 53.418509979900001 ], [ -2.8276099958, 53.420839967799999 ], [ -2.8244300019, 53.422239972200003 ], [ -2.8193700199, 53.425289981500001 ], [ -2.8224600059, 53.427329964899997 ], [ -2.8296699949, 53.428359951300003 ], [ -2.8368800138, 53.428359986799997 ], [ -2.845910005, 53.428709981 ], [ -2.8491099289, 53.430709282599999 ] ] ] } },
{ "type": "Feature", "properties": { "ODSCode": "N83026", "Name": "PARKFIELD SURGERY", "ICBCode": "QYG", "Region": "Y62", "stroke.opacity": "1.0", "stroke.width": "2.0", "fill.opacity": "0", "OBJECTID": 553, "stroke": "#0000ff", "fill": "#555555" }, "geometry": { "type": "Polygon", "coordinates": [ [ [ -2.754820011, 53.402569986300001 ], [ -2.7053800129, 53.4119899839 ], [ -2.6456499585, 53.426309988299998 ], [ -2.6724200059, 53.450029995800001 ], [ -2.6429000166, 53.465569987 ], [ -2.7060700138, 53.497439979200003 ], [ -2.7376599708, 53.4892699798 ], [ -2.7795400153, 53.506019994699997 ], [ -2.8083800236, 53.502339962 ], [ -2.7809099966, 53.469249984400001 ], [ -2.7857200345, 53.447989973399999 ], [ -2.7623700094, 53.434489992300001 ], [ -2.754820011, 53.402569986300001 ] ] ] } },
{ "type": "Feature", "properties": { "ODSCode": "N83027", "Name": "CENTRAL SURGERY", "ICBCode": "QYG", "Region": "Y62", "stroke.opacity": "1.0", "stroke.width": "2.0", "fill.opacity": "0", "OBJECTID": 5212, "stroke": "#0000ff", "fill": "#555555" }, "geometry": { "type": "Polygon", "coordinates": [ [ [ -2.7932700133, 53.5056099882 ], [ -2.7895600015, 53.493909992200003 ], [ -2.7806100043, 53.480099984200002 ], [ -2.7839999971, 53.465979983499999 ], [ -2.7911699994, 53.461879987700001 ], [ -2.7892300015, 53.460179988 ], [ -2.7849300156, 53.459229994799998 ], [ -2.7838800153, 53.458709994899998 ], [ -2.7856500105, 53.457369990799997 ], [ -2.7881499989, 53.456639985700001 ], [ -2.7904799887, 53.456399981099999 ], [ -2.7934999817, 53.454899979 ], [ -2.7957799769, 53.454099978 ], [ -2.7963099805, 53.453199979899999 ], [ -2.7957299915, 53.451539984199997 ], [ -2.7944600042, 53.450039984900002 ], [ -2.7926000216, 53.448049974600004 ], [ -2.7918300224, 53.447489976699998 ], [ -2.7928700166, 53.446159980700003 ], [ -2.7920300095, 53.444029988600001 ], [ -2.7927100082, 53.441509990100002 ], [ -2.7924800406, 53.438709967500003 ], [ -2.7928200344, 53.437379971699997 ], [ -2.7935800275, 53.436249976799999 ], [ -2.7936600157, 53.433879985399997 ], [ -2.7930200141, 53.431619985099999 ], [ -2.7882100149, 53.430839985299997 ], [ -2.7871300144, 53.430319985099999 ], [ -2.7857200144, 53.429079987100003 ], [ -2.7839100166, 53.428579989600003 ], [ -2.7820200176, 53.428379994300002 ], [ -2.7812400163, 53.428959994700001 ], [ -2.7786500131, 53.431609993199999 ], [ -2.7779300097, 53.434349984299999 ], [ -2.7744600083, 53.434559986300002 ], [ -2.7711600096, 53.435399985399997 ], [ -2.7694300112, 53.435769985599997 ], [ -2.7676900064, 53.434929990199997 ], [ -2.7629300138, 53.435529988200003 ], [ -2.7591100167, 53.435489987799997 ], [ -2.7587000093, 53.433839992700001 ], [ -2.7612000112, 53.433059998700003 ], [ -2.7608300249, 53.431640012800003 ], [ -2.7632100292, 53.430320018400003 ], [ -2.7662700218, 53.428710010899998 ], [ -2.7662200177, 53.427930007299999 ], [ -2.7652600135, 53.4245899979 ], [ -2.7598100074, 53.425539998399998 ], [ -2.7556200198, 53.427830010100003 ], [ -2.7504900182, 53.4282800075 ], [ -2.7445300134, 53.428410000500001 ], [ -2.7440200241, 53.430810006900003 ], [ -2.7419600115, 53.433259994799997 ], [ -2.7385400435, 53.437050005099998 ], [ -2.7345600568, 53.439360003099999 ], [ -2.7297200307, 53.441289989 ], [ -2.7275300642, 53.439039979500002 ], [ -2.7222100523, 53.436439965399998 ], [ -2.7162300135, 53.444429980400002 ], [ -2.7136900327, 53.446649979500002 ], [ -2.7095500124, 53.450719984599999 ], [ -2.6969800641, 53.449379974800003 ], [ -2.6890400188, 53.452589987400003 ], [ -2.6886200166, 53.454129986399998 ], [ -2.6934000205, 53.455269983900003 ], [ -2.6994000147, 53.455979985500001 ], [ -2.6998500141, 53.458289987800001 ], [ -2.7001500073, 53.464449991800002 ], [ -2.6999700039, 53.467219993500002 ], [ -2.6977200043, 53.469889992299997 ], [ -2.6979600054, 53.4725199899 ], [ -2.6998900092, 53.47465999 ], [ -2.7043100141, 53.477399992899997 ], [ -2.706930013, 53.479679994199998 ], [ -2.706930011, 53.482959995100003 ], [ -2.7049900104, 53.486319995599999 ], [ -2.7035600102, 53.488989995399997 ], [ -2.702770011, 53.491669995700001 ], [ -2.7022500077, 53.493149989300001 ], [ -2.7016900045, 53.494069983599999 ], [ -2.7014100048, 53.494749983600002 ], [ -2.7014300039, 53.495899985 ], [ -2.6989400038, 53.499289981799997 ], [ -2.7060499993, 53.501449975100002 ], [ -2.7159099857, 53.5014799888 ], [ -2.7255699478, 53.501600002300002 ], [ -2.7334899704, 53.503710024100002 ], [ -2.7425499777, 53.503800030699999 ], [ -2.7480799929, 53.506600004500001 ], [ -2.751129996, 53.506580001300001 ], [ -2.7553800019, 53.506629998400001 ], [ -2.7587700061, 53.5059199982 ], [ -2.7722500165, 53.5044399915 ], [ -2.7777400133, 53.504649993699999 ], [ -2.7827200115, 53.505669995200002 ], [ -2.783490012, 53.507399996399997 ], [ -2.7850300115, 53.508949996799998 ], [ -2.789280014, 53.507589992299998 ], [ -2.7932700133, 53.5056099882 ] ] ] } },
{ "type": "Feature", "properties": { "ODSCode": "N83028", "Name": "ASTON HEALTHCARE LIMITED", "ICBCode": "QYG", "Region": "Y62", "stroke.opacity": "1.0", "stroke.width": "2.0", "fill.opacity": "0", "OBJECTID": 3297, "stroke": "#0000ff", "fill": "#555555" }, "geometry": { "type": "Polygon", "coordinates": [ [ [ -2.9133880108, 53.484523995499998 ], [ -2.9133414079, 53.484906284899999 ], [ -2.9144870108, 53.484360995700001 ], [ -2.8746180237, 53.4600760159 ], [ -2.8712137162, 53.415930143300002 ], [ -2.8711770088, 53.415955995 ], [ -2.871211009, 53.415894996 ], [ -2.8712137162, 53.415930143300002 ], [ -2.8807720016, 53.4091969885 ], [ -2.8738970053, 53.401402992599998 ], [ -2.8619510093, 53.401484017400001 ], [ -2.8152780081, 53.382746994900003 ], [ -2.8529010001, 53.379470974599997 ], [ -2.8463100274, 53.363738995299997 ], [ -2.8210450322, 53.357347022500001 ], [ -2.7584530108, 53.388525997400002 ], [ -2.7768150104, 53.416178993099997 ], [ -2.829080021, 53.484850974799997 ], [ -2.8274320209, 53.4846879782 ], [ -2.8282560199, 53.485014975799999 ], [ -2.8776880234, 53.511481993799997 ], [ -2.9109170125, 53.5047849949 ], [ -2.9133414079, 53.484906284899999 ], [ -2.9131130108, 53.485014994300002 ], [ -2.9133880108, 53.484523995499998 ] ] ] } },
{ "type": "Feature", "properties": { "ODSCode": "N83030", "Name": "DR M SUARES' PRACTICE", "ICBCode": "QYG", "Region": "Y62", "stroke.opacity": "1.0", "stroke.width": "2.0", "fill.opacity": "0", "OBJECTID": 1697, "stroke": "#0000ff", "fill": "#555555" }, "geometry": { "type": "Polygon", "coordinates": [ [ [ -2.851810188, 53.426483782799998 ], [ -2.8521540138, 53.426399008300002 ], [ -2.8685470138, 53.4312709931 ], [ -2.8724530107, 53.428944019500001 ], [ -2.8727100096, 53.427691019900003 ], [ -2.878418007, 53.424290003300001 ], [ -2.8841690157, 53.420478985899997 ], [ -2.8891250174, 53.418522984399999 ], [ -2.8917220129, 53.414583987199997 ], [ -2.8923230088, 53.411258988 ], [ -2.8926440079, 53.408329986799998 ], [ -2.8910780078, 53.406845986199997 ], [ -2.8777959981, 53.408623990300001 ], [ -2.871916009, 53.400551991199997 ], [ -2.865715011, 53.400653990499997 ], [ -2.868654997, 53.4061809783 ], [ -2.8603720014, 53.408764046199998 ], [ -2.8598570031, 53.407562048 ], [ -2.8574110064, 53.408304069800003 ], [ -2.856381005, 53.4077920577 ], [ -2.8535490061, 53.406526024500003 ], [ -2.8489139979, 53.4068329881 ], [ -2.8467889926, 53.406742976300002 ], [ -2.8472609832, 53.408444973899996 ], [ -2.8461459753, 53.409723959700003 ], [ -2.8397509691, 53.413470939600003 ], [ -2.8426689885, 53.421680939399998 ], [ -2.847690999, 53.420811968199999 ], [ -2.851381013, 53.426462998200002 ], [ -2.851810188, 53.426483782799998 ] ] ] } },
{ "type": "Feature", "properties": { "ODSCode": "N83031", "Name": "ROSEHEATH SURGERY", "ICBCode": "QYG", "Region": "Y62", "stroke.opacity": "1.0", "stroke.width": "2.0", "fill.opacity": "0", "OBJECTID": 3736, "stroke": "#0000ff", "fill": "#555555" }, "geometry": { "type": "Polygon", "coordinates": [ [ [ -2.8736100397, 53.371549992799999 ], [ -2.864340017, 53.3502399885 ], [ -2.8334400041, 53.347119993299998 ], [ -2.8056300049, 53.348299986100002 ], [ -2.7905299902, 53.360589954700004 ], [ -2.8027200113, 53.387119989 ], [ -2.8262300022, 53.384970005500001 ], [ -2.8736100397, 53.371549992799999 ] ] ] } },
{ "type": "Feature", "properties": { "ODSCode": "N83032", "Name": "MILLBROOK MEDICAL CENTRE", "ICBCode": "QYG", "Region": "Y62", "stroke.opacity": "1.0", "stroke.width": "2.0", "fill.opacity": "0", "OBJECTID": 376, "stroke": "#0000ff", "fill": "#555555" }, "geometry": { "type": "Polygon", "coordinates": [ [ [ -2.9014200116, 53.473539989899997 ], [ -2.9168700204, 53.470269990799999 ], [ -2.9148100181, 53.468019988800002 ], [ -2.914640015, 53.466229991200002 ], [ -2.9136900127, 53.465029992300003 ], [ -2.8773900323, 53.464550008300002 ], [ -2.8705200372, 53.469660000300003 ], [ -2.8677700249, 53.474969990399998 ], [ -2.8595400276, 53.473739985500004 ], [ -2.8503500146, 53.470369995299997 ], [ -2.8454600158, 53.475989982800002 ], [ -2.8427100117, 53.489479977800002 ], [ -2.8502700049, 53.493759984900002 ], [ -2.859879999, 53.492339983100003 ], [ -2.8615099992, 53.491519984699998 ], [ -2.8676000026, 53.493359992 ], [ -2.8699200129, 53.494399998900001 ], [ -2.8712100197, 53.4954500041 ], [ -2.873400031, 53.499940009399999 ], [ -2.8778200244, 53.501780004300002 ], [ -2.887500031, 53.504290004799998 ], [ -2.8900000357, 53.503180011 ], [ -2.8921200313, 53.503340008199999 ], [ -2.8938800283, 53.503090004199997 ], [ -2.8963400229, 53.502180000899997 ], [ -2.8990500185, 53.500449998299999 ], [ -2.9011600149, 53.5044399915 ], [ -2.9015700147, 53.506019990399999 ], [ -2.9026400141, 53.508749987900003 ], [ -2.9152700145, 53.508539990899997 ], [ -2.9235600086, 53.503429995799998 ], [ -2.9276200107, 53.501739991100003 ], [ -2.9326600144, 53.500279984700001 ], [ -2.9346600161, 53.499549983800001 ], [ -2.934340012, 53.486769991499997 ], [ -2.927050011, 53.484939992599998 ], [ -2.9183800082, 53.4837199969 ], [ -2.9120400135, 53.480869994400003 ], [ -2.9014200116, 53.473539989899997 ] ] ] } },
{ "type": "Feature", "properties": { "ODSCode": "N83033", "Name": "ST. LAURENCE'S MEDICAL CENTRE", "ICBCode": "QYG", "Region": "Y62", "stroke.opacity": "1.0", "stroke.width": "2.0", "fill.opacity": "0", "OBJECTID": 1256, "stroke": "#0000ff", "fill": "#555555" }, "geometry": { "type": "Polygon", "coordinates": [ [ [ -2.8897480464, 53.506822013200001 ], [ -2.9268260103, 53.485785993900002 ], [ -2.884941006, 53.464329998399997 ], [ -2.847176004, 53.4653520054 ], [ -2.8385930115, 53.492730984 ], [ -2.8897480464, 53.506822013200001 ] ] ] } },
{ "type": "Feature", "properties": { "ODSCode": "N83035", "Name": "THE SPINNEY MEDICAL CTR.", "ICBCode": "QYG", "Region": "Y62", "stroke.opacity": "1.0", "stroke.width": "2.0", "fill.opacity": "0", "OBJECTID": 563, "stroke": "#0000ff", "fill": "#555555" }, "geometry": { "type": "Polygon", "coordinates": [ [ [ -2.7932740143, 53.4328299855 ], [ -2.7929310154, 53.431500985600003 ], [ -2.7882530148, 53.430758985499999 ], [ -2.7869220153, 53.430068985299997 ], [ -2.7853350158, 53.428764987100003 ], [ -2.7847770163, 53.428815987699998 ], [ -2.7843480164, 53.4287139885 ], [ -2.7841760163, 53.428227990099998 ], [ -2.7843050169, 53.427255990500001 ], [ -2.7848630157, 53.426488989900001 ], [ -2.7811290216, 53.4259259986 ], [ -2.7776960196, 53.425158999499999 ], [ -2.7651210116, 53.424724998499997 ], [ -2.7532770046, 53.420044992500003 ], [ -2.7411320049, 53.422473987399997 ], [ -2.7292870161, 53.425619980299999 ], [ -2.7248670302, 53.426565971700001 ], [ -2.7204900302, 53.428022974699999 ], [ -2.720232027, 53.430272974399998 ], [ -2.7190320197, 53.431704978299997 ], [ -2.723235046, 53.435309966699997 ], [ -2.7225930544, 53.436511964899999 ], [ -2.7285590537, 53.440499984200002 ], [ -2.73199204, 53.4476309888 ], [ -2.7364540385, 53.449036988499998 ], [ -2.7392860223, 53.449981996600002 ], [ -2.7407420184, 53.451464996600002 ], [ -2.7441360169, 53.453508992800003 ], [ -2.7466680166, 53.455553989400002 ], [ -2.7467540183, 53.456013988300001 ], [ -2.7460240177, 53.456651987699999 ], [ -2.7452520157, 53.458823984399999 ], [ -2.7453800138, 53.461123986700002 ], [ -2.7480410124, 53.462298987899999 ], [ -2.7520750105, 53.465645993099997 ], [ -2.7537700083, 53.466871994599998 ], [ -2.7546290078, 53.468545993299998 ], [ -2.7550150065, 53.469068993500002 ], [ -2.7557230048, 53.469349993100003 ], [ -2.7559800039, 53.469848993 ], [ -2.795892014, 53.46751099 ], [ -2.7957840087, 53.466360989199998 ], [ -2.7958700055, 53.465798987900001 ], [ -2.7968359988, 53.463882985399998 ], [ -2.7970079946, 53.463090984499999 ], [ -2.7970499907, 53.462273983 ], [ -2.7969219839, 53.460816981400001 ], [ -2.7969219781, 53.4594629789 ], [ -2.7971359645, 53.458133973 ], [ -2.7974799501, 53.457367965899998 ], [ -2.7973939538, 53.4567549681 ], [ -2.7961059663, 53.455553972899999 ], [ -2.795419977, 53.454352977200003 ], [ -2.7958489827, 53.452895980299999 ], [ -2.7952479935, 53.451540983400001 ], [ -2.7932740219, 53.448499973 ], [ -2.7913430218, 53.447426976400003 ], [ -2.7930160155, 53.446301980599998 ], [ -2.792072012, 53.4445639861 ], [ -2.7923300062, 53.4431839911 ], [ -2.7923300368, 53.439860969400002 ], [ -2.7928450305, 53.4369459738 ], [ -2.7933600239, 53.435309980299998 ], [ -2.7933600159, 53.4337249859 ], [ -2.7932740143, 53.4328299855 ] ] ] } },
{ "type": "Feature", "properties": { "ODSCode": "N83041", "Name": "RAINFORD HEALTH CENTRE", "ICBCode": "QYG", "Region": "Y62", "stroke.opacity": "1.0", "stroke.width": "2.0", "fill.opacity": "0", "OBJECTID": 356, "stroke": "#0000ff", "fill": "#555555" }, "geometry": { "type": "Polygon", "coordinates": [ [ [ -2.832240017, 53.5388299914 ], [ -2.8360500172, 53.5397699918 ], [ -2.8401600154, 53.540359989800002 ], [ -2.8421200144, 53.541229989900003 ], [ -2.8464100147, 53.539639989400001 ], [ -2.8503100152, 53.538089990300001 ], [ -2.8523900167, 53.537169991299997 ], [ -2.8521100157, 53.536849990500002 ], [ -2.8513300168, 53.536559990699999 ], [ -2.8507900166, 53.53601999 ], [ -2.8495800177, 53.5350199899 ], [ -2.8482000199, 53.5329099904 ], [ -2.8474100181, 53.530449991700003 ], [ -2.8485000159, 53.527279995599997 ], [ -2.8452900136, 53.520659997400003 ], [ -2.8446000098, 53.514769990200001 ], [ -2.8440010082, 53.512703987599998 ], [ -2.8438280073, 53.5116329855 ], [ -2.8433140052, 53.509896984800001 ], [ -2.8415110075, 53.507701984400001 ], [ -2.8409960092, 53.506987985199999 ], [ -2.8409969148, 53.506016966499999 ], [ -2.8406530134, 53.502545991 ], [ -2.8408240131, 53.5015769914 ], [ -2.8407380153, 53.500657992500003 ], [ -2.8403950143, 53.500197992499999 ], [ -2.8398800154, 53.499074991199997 ], [ -2.8391940126, 53.4981049899 ], [ -2.8392810135, 53.498053990400003 ], [ -2.8387860127, 53.497147988400002 ], [ -2.838250014, 53.495959986700001 ], [ -2.8367040148, 53.493789983399999 ], [ -2.8363180145, 53.4930749826 ], [ -2.8362320138, 53.492692985 ], [ -2.8359320135, 53.4921309876 ], [ -2.8358890124, 53.491543988 ], [ -2.8353740112, 53.490113987 ], [ -2.8348160121, 53.487942987799997 ], [ -2.833444012, 53.4843679827 ], [ -2.833443011, 53.483142987400001 ], [ -2.8325850093, 53.481099994600001 ], [ -2.8313839971, 53.475174024499999 ], [ -2.8322400006, 53.468689988100003 ], [ -2.8334400002, 53.463219989499997 ], [ -2.8339600091, 53.454219990299997 ], [ -2.8338700208, 53.4455899704 ], [ -2.8399700134, 53.436129984099999 ], [ -2.8279499879, 53.441089927199997 ], [ -2.8162799923, 53.4448199789 ], [ -2.8045199994, 53.447679971200003 ], [ -2.7943899882, 53.452997981599999 ], [ -2.7852100128, 53.460559993 ], [ -2.7812579902, 53.465262983700001 ], [ -2.7796269892, 53.465977984799999 ], [ -2.7778239896, 53.466079987900002 ], [ -2.7763649913, 53.466079989699999 ], [ -2.7705509936, 53.467140997199998 ], [ -2.7656789965, 53.467714998 ], [ -2.7636189984, 53.467510998199998 ], [ -2.761345, 53.468123995799999 ], [ -2.7594240022, 53.467778995400003 ], [ -2.7588930022, 53.467756995199998 ], [ -2.7529310054, 53.471138992199997 ], [ -2.7448650052, 53.474509987499999 ], [ -2.7425480079, 53.4760429866 ], [ -2.7403100078, 53.477669986099997 ], [ -2.7375200079, 53.4810099862 ], [ -2.7335200108, 53.483639989899999 ], [ -2.7303800084, 53.485959993800002 ], [ -2.7259700165, 53.4895599946 ], [ -2.71988902, 53.492845989700001 ], [ -2.7176570163, 53.4939179884 ], [ -2.7151680166, 53.494938986699999 ], [ -2.7146530148, 53.496317984800001 ], [ -2.7132800164, 53.496930981799999 ], [ -2.7131080151, 53.498155979899998 ], [ -2.7120780156, 53.499278975899998 ], [ -2.7196310027, 53.499380986600002 ], [ -2.7211759744, 53.5009129918 ], [ -2.722720948, 53.501524998699999 ], [ -2.7242659136, 53.502546010400003 ], [ -2.7270129301, 53.503465015 ], [ -2.7276989368, 53.503976011799999 ], [ -2.7297589516, 53.504384012599999 ], [ -2.7336219914, 53.507191998 ], [ -2.7356819981, 53.508161993800002 ], [ -2.7382559961, 53.508722995299998 ], [ -2.7422899982, 53.510764994600002 ], [ -2.7464100019, 53.512499992800002 ], [ -2.7504440147, 53.517093988200003 ], [ -2.7520750196, 53.520001992099999 ], [ -2.7547360179, 53.521685992599998 ], [ -2.7593710154, 53.522961992799999 ], [ -2.7619460095, 53.5247479919 ], [ -2.7699700128, 53.527349975299998 ], [ -2.7757640142, 53.528625973099999 ], [ -2.7767940144, 53.529033972 ], [ -2.7767090142, 53.529033972500002 ], [ -2.7782540123, 53.529441971099999 ], [ -2.7799700117, 53.529747972800003 ], [ -2.7802380113, 53.529849974 ], [ -2.7824380084, 53.530372975200002 ], [ -2.7837520073, 53.530579976600002 ], [ -2.783699874, 53.530578352600003 ], [ -2.7844550057, 53.530818977700001 ], [ -2.7864930051, 53.53183998 ], [ -2.7964500173, 53.535359991200004 ], [ -2.8096700065, 53.537759989400001 ], [ -2.8209100048, 53.5381099887 ], [ -2.8267000123, 53.538619992199997 ], [ -2.832240017, 53.5388299914 ] ] ] } },
{ "type": "Feature", "properties": { "ODSCode": "N83043", "Name": "LONGVIEW MEDICAL CENTRE", "ICBCode": "QYG", "Region": "Y62", "stroke.opacity": "1.0", "stroke.width": "2.0", "fill.opacity": "0", "OBJECTID": 4754, "stroke": "#0000ff", "fill": "#555555" }, "geometry": { "type": "Polygon", "coordinates": [ [ [ -2.8316200281, 53.400950013399999 ], [ -2.8263077288, 53.406569570599999 ], [ -2.8261640928, 53.406628459499998 ], [ -2.8118100173, 53.4078900015 ], [ -2.8151066223, 53.412883495099997 ], [ -2.8150150871, 53.413040903499997 ], [ -2.8132549729, 53.413651532 ], [ -2.7858300421, 53.421890022500001 ], [ -2.7986500133, 53.426709987700001 ], [ -2.8078000138, 53.429629984199998 ], [ -2.8217700086, 53.427429967400002 ], [ -2.8219214883, 53.427352192699999 ], [ -2.8269199943, 53.426719948 ], [ -2.8257475486, 53.423345104600003 ], [ -2.8264144287, 53.423228742200003 ], [ -2.8286399953, 53.426719951800003 ], [ -2.8406304816, 53.421822010600003 ], [ -2.8521600105, 53.420220003700003 ], [ -2.8491247922, 53.417778005300001 ], [ -2.8487709265, 53.4156057127 ], [ -2.8487899866, 53.413419971400003 ], [ -2.8454926107, 53.4127279605 ], [ -2.8439461336, 53.4123115907 ], [ -2.8429906181, 53.412003442699998 ], [ -2.8429539881, 53.4117634399 ], [ -2.8442099605, 53.411159935699999 ], [ -2.8454599704, 53.410319950400002 ], [ -2.8469599802, 53.409099968699998 ], [ -2.8475199844, 53.4084899757 ], [ -2.8471499896, 53.407429976700001 ], [ -2.8459599883, 53.406789971400002 ], [ -2.8421499921, 53.405349963600003 ], [ -2.8388123233, 53.404411477899998 ], [ -2.8316200281, 53.400950013399999 ] ] ] } },
{ "type": "Feature", "properties": { "ODSCode": "N83045", "Name": "NEWTON PRACTICE", "ICBCode": "QYG", "Region": "Y62", "stroke.opacity": "1.0", "stroke.width": "2.0", "fill.opacity": "0", "OBJECTID": 3490, "stroke": "#0000ff", "fill": "#555555" }, "geometry": { "type": "Polygon", "coordinates": [ [ [ -2.6334600115, 53.467009985099999 ], [ -2.643670017, 53.465419987600001 ], [ -2.6464800165, 53.464649987500003 ], [ -2.6504100192, 53.462589990700003 ], [ -2.6526000211, 53.460929992 ], [ -2.6535800231, 53.459459993 ], [ -2.6577300249, 53.45705999 ], [ -2.6590600229, 53.456509988900002 ], [ -2.6595900189, 53.456039989899999 ], [ -2.6609100156, 53.455109989900002 ], [ -2.6621900084, 53.453959991300003 ], [ -2.6627500014, 53.452599992800003 ], [ -2.6629699962, 53.4516999935 ], [ -2.6616100115, 53.449519990500001 ], [ -2.6617200193, 53.449189989600001 ], [ -2.6597200166, 53.448809990100003 ], [ -2.6590000157, 53.448209989799999 ], [ -2.6587700166, 53.447699989599997 ], [ -2.6577000152, 53.447449989600003 ], [ -2.6549600113, 53.447929991400002 ], [ -2.6545400126, 53.447939991299997 ], [ -2.6542000112, 53.447829990599999 ], [ -2.6536900124, 53.447799990900002 ], [ -2.6529400115, 53.447619991099998 ], [ -2.6513700107, 53.447429991699998 ], [ -2.6508300109, 53.447209991599998 ], [ -2.6500000087, 53.446559991400001 ], [ -2.6495000094, 53.446289992 ], [ -2.6482700065, 53.446009993099999 ], [ -2.6479600044, 53.4455599932 ], [ -2.6476300029, 53.444589991800001 ], [ -2.6469200029, 53.444209991500003 ], [ -2.6454300074, 53.443629991100003 ], [ -2.6452600074, 53.443429991099997 ], [ -2.6444199976, 53.440139990500001 ], [ -2.6447299877, 53.438759990500003 ], [ -2.6409000004, 53.4383799903 ], [ -2.6372000135, 53.437889988800002 ], [ -2.636250017, 53.437669988899998 ], [ -2.635430018, 53.4372999904 ], [ -2.6339200274, 53.436439995400001 ], [ -2.6327900408, 53.435630004 ], [ -2.6304300452, 53.434500007300002 ], [ -2.6292000418, 53.434390005600001 ], [ -2.6260200344, 53.433540000900003 ], [ -2.6245700284, 53.434189996900002 ], [ -2.6241500259, 53.435329994500002 ], [ -2.6239000242, 53.436549992400003 ], [ -2.6229800215, 53.436849991 ], [ -2.6220000202, 53.436779989199998 ], [ -2.6209100171, 53.437109987699998 ], [ -2.6209900168, 53.437869986599999 ], [ -2.6202800134, 53.437839985700002 ], [ -2.6197600126, 53.438229985100001 ], [ -2.6194600112, 53.438169984 ], [ -2.619280012, 53.438329983800003 ], [ -2.619640012, 53.438609983699997 ], [ -2.6197100122, 53.438749984099999 ], [ -2.6195700111, 53.438829983300003 ], [ -2.6190700101, 53.4388699832 ], [ -2.6191400108, 53.438689982600003 ], [ -2.618060009, 53.438649981200001 ], [ -2.6176000144, 53.438849984 ], [ -2.6173800171, 53.4391199851 ], [ -2.6173000185, 53.439529984700002 ], [ -2.6168300194, 53.439839985100001 ], [ -2.6164300197, 53.440249985500003 ], [ -2.6159900201, 53.440349985099999 ], [ -2.6160400189, 53.440639985200001 ], [ -2.6155000193, 53.440819985600001 ], [ -2.6149600187, 53.440899986700003 ], [ -2.6145600192, 53.441079986600002 ], [ -2.613940018, 53.4410899867 ], [ -2.6138500181, 53.441429986300001 ], [ -2.6129100181, 53.441479987 ], [ -2.6122800185, 53.441569987400001 ], [ -2.6117500184, 53.441819988500001 ], [ -2.611160016, 53.442279988199999 ], [ -2.6104300161, 53.442679987399998 ], [ -2.6099900142, 53.442719988199997 ], [ -2.6093500153, 53.442549988400003 ], [ -2.6087200141, 53.4425999885 ], [ -2.6077500156, 53.442579989599999 ], [ -2.6070900151, 53.442609988699999 ], [ -2.6062900129, 53.442799988700003 ], [ -2.6050200132, 53.442639989900002 ], [ -2.6042600127, 53.442369992 ], [ -2.6036200129, 53.442369991500001 ], [ -2.6028000122, 53.442439992 ], [ -2.600700011, 53.443409990900001 ], [ -2.5988800123, 53.443369988500002 ], [ -2.5968100153, 53.442469986600003 ], [ -2.5963500153, 53.442549985900001 ], [ -2.596120015, 53.442809984500002 ], [ -2.595970013, 53.443419983600002 ], [ -2.5958000098, 53.446319982200002 ], [ -2.5958400086, 53.4475499809 ], [ -2.5957700068, 53.449179980399997 ], [ -2.5966700053, 53.449679980100001 ], [ -2.5975000008, 53.450229986300002 ], [ -2.5983399995, 53.4506599861 ], [ -2.5990599998, 53.451239986099999 ], [ -2.6001499999, 53.452279985200001 ], [ -2.602550004, 53.455249982399998 ], [ -2.6033400043, 53.455999982900003 ], [ -2.6014300026, 53.456589985800001 ], [ -2.5995000037, 53.457319986 ], [ -2.5990300061, 53.457649985700002 ], [ -2.5996600053, 53.458769986500002 ], [ -2.6001500107, 53.4605499878 ], [ -2.6005000114, 53.461279987300003 ], [ -2.6014700113, 53.4610699873 ], [ -2.6025500153, 53.461089987299999 ], [ -2.6036800154, 53.460859986800003 ], [ -2.6046000159, 53.4611999866 ], [ -2.6056200182, 53.461229986 ], [ -2.6065300187, 53.461529986499997 ], [ -2.6086300196, 53.461319985300001 ], [ -2.6104500223, 53.461609985099997 ], [ -2.610800031, 53.463349986700003 ], [ -2.6117500318, 53.4633299865 ], [ -2.6127400339, 53.4635899851 ], [ -2.6128100395, 53.464419985900001 ], [ -2.6130200416, 53.464939986499999 ], [ -2.6135700428, 53.465069985900001 ], [ -2.6142000461, 53.465459986200003 ], [ -2.6158400472, 53.465529985899998 ], [ -2.6164700509, 53.465809986499998 ], [ -2.6167500534, 53.466249986599998 ], [ -2.6206700421, 53.466579984900001 ], [ -2.6230600381, 53.4671499823 ], [ -2.6255000306, 53.467309980899998 ], [ -2.6297000157, 53.467469977299999 ], [ -2.6334600115, 53.467009985099999 ] ] ] } },
{ "type": "Feature", "properties": { "ODSCode": "N83047", "Name": "TARBOCK MEDICAL CENTRE", "ICBCode": "QYG", "Region": "Y62", "stroke.opacity": "1.0", "stroke.width": "2.0", "fill.opacity": "0", "OBJECTID": 4093, "stroke": "#0000ff", "fill": "#555555" }, "geometry": { "type": "Polygon", "coordinates": [ [ [ -2.84402408, 53.401411955299999 ], [ -2.8384200137, 53.4011699896 ], [ -2.8317300208, 53.399350007 ], [ -2.8254200222, 53.396970007900002 ], [ -2.8189800131, 53.396509995800002 ], [ -2.8182500191, 53.400420000300002 ], [ -2.8219000504, 53.403570032499999 ], [ -2.8246000421, 53.405080029 ], [ -2.822630006, 53.409220002300003 ], [ -2.8225900076, 53.411040003300002 ], [ -2.830219999, 53.411629991300003 ], [ -2.8370499915, 53.415769965899997 ], [ -2.8430599533, 53.412419919 ], [ -2.8430654748, 53.412367114299997 ], [ -2.8549000096, 53.414470042600001 ], [ -2.8565700083, 53.411600063599998 ], [ -2.8618500032, 53.405770026299997 ], [ -2.859490007, 53.404470040900001 ], [ -2.8518500152, 53.402039999800003 ], [ -2.8440400088, 53.401269977600002 ], [ -2.84402408, 53.401411955299999 ] ] ] } },
{ "type": "Feature", "properties": { "ODSCode": "N83049", "Name": "KENNETH MACRAE MED CENTRE", "ICBCode": "QYG", "Region": "Y62", "stroke.opacity": "1.0", "stroke.width": "2.0", "fill.opacity": "0", "OBJECTID": 1195, "stroke": "#0000ff", "fill": "#555555" }, "geometry": { "type": "Polygon", "coordinates": [ [ [ -2.7872700042, 53.534079982100003 ], [ -2.7943000163, 53.534489988700003 ], [ -2.7983400211, 53.535159992600001 ], [ -2.8052700147, 53.535629991900002 ], [ -2.8117700048, 53.5361499881 ], [ -2.8171599991, 53.537229988299998 ], [ -2.8211700037, 53.537859989300003 ], [ -2.825289011, 53.537475989800001 ], [ -2.8279920138, 53.537858991699999 ], [ -2.8285930135, 53.539108992300001 ], [ -2.8422000151, 53.541069989699999 ], [ -2.8447100142, 53.539779987899998 ], [ -2.8463600166, 53.537869989100002 ], [ -2.8525800176, 53.535079990600003 ], [ -2.8589300214, 53.533329991099997 ], [ -2.8619400197, 53.53214999 ], [ -2.8644300158, 53.530869989700001 ], [ -2.8670800153, 53.5301599891 ], [ -2.8724600133, 53.5299699893 ], [ -2.8752400112, 53.528909989399999 ], [ -2.8784400066, 53.527389987600003 ], [ -2.879670004, 53.526319986600001 ], [ -2.8825500049, 53.524089985899998 ], [ -2.8848400061, 53.523719986800003 ], [ -2.8868800179, 53.523209995 ], [ -2.8821300138, 53.519999987600002 ], [ -2.8800100169, 53.518649987099998 ], [ -2.8774300196, 53.5168699878 ], [ -2.8754600208, 53.515599989400002 ], [ -2.8731400205, 53.514219989700003 ], [ -2.8699200184, 53.511839988299997 ], [ -2.8419763423, 53.506586722400002 ], [ -2.8401400136, 53.487429976599998 ], [ -2.822710001, 53.475020014599998 ], [ -2.8185100155, 53.472109992500002 ], [ -2.8190200197, 53.467919986299997 ], [ -2.8189400209, 53.466639984899999 ], [ -2.797310012, 53.467099990100003 ], [ -2.769799993, 53.468689994899997 ], [ -2.7675499918, 53.469379994699999 ], [ -2.7575799985, 53.472839989299999 ], [ -2.7513100015, 53.4771699872 ], [ -2.7452100034, 53.480229985500003 ], [ -2.7387700018, 53.484339984599998 ], [ -2.7348199645, 53.495249984600001 ], [ -2.7370999674, 53.4976699877 ], [ -2.7348200085, 53.500099989399999 ], [ -2.7261599651, 53.509919984600003 ], [ -2.7280499677, 53.511219991600001 ], [ -2.7328699914, 53.513319990200003 ], [ -2.7364700011, 53.514979988599997 ], [ -2.7392000039, 53.516149986199999 ], [ -2.7420100038, 53.514599989399997 ], [ -2.7433000037, 53.514199990400002 ], [ -2.7446800037, 53.513899990699997 ], [ -2.7467000036, 53.513259992199998 ], [ -2.747870005, 53.513319991899998 ], [ -2.7543900067, 53.513159993 ], [ -2.7590700154, 53.513289994200001 ], [ -2.7627600193, 53.513319995 ], [ -2.7623320213, 53.516072994399998 ], [ -2.7587270195, 53.517450992299999 ], [ -2.75211802, 53.520767992400003 ], [ -2.7535340173, 53.522374993600003 ], [ -2.7641340217, 53.517424995799999 ], [ -2.7726700197, 53.520159986 ], [ -2.776600014, 53.524529985699999 ], [ -2.7796700134, 53.527479980199999 ], [ -2.7824800079, 53.5300699756 ], [ -2.7849500045, 53.531579978400003 ], [ -2.7865600053, 53.532009981199998 ], [ -2.7868800053, 53.532529981499998 ], [ -2.7872700042, 53.534079982100003 ] ] ] } },
{ "type": "Feature", "properties": { "ODSCode": "N83050", "Name": "THE BOWERY MEDICAL CENTRE", "ICBCode": "QYG", "Region": "Y62", "stroke.opacity": "1.0", "stroke.width": "2.0", "fill.opacity": "0", "OBJECTID": 5380, "stroke": "#0000ff", "fill": "#555555" }, "geometry": { "type": "Polygon", "coordinates": [ [ [ -2.745040034, 53.448599984799998 ], [ -2.7481300251, 53.449319987599999 ], [ -2.7586000199, 53.446349983399998 ], [ -2.7750800284, 53.437969975199998 ], [ -2.781600052, 53.4212000323 ], [ -2.7606600115, 53.413219988500003 ], [ -2.7474400038, 53.418129989299999 ], [ -2.728730018, 53.441849987399998 ], [ -2.7350800326, 53.449419992 ], [ -2.745040034, 53.448599984799998 ] ] ] } },
{ "type": "Feature", "properties": { "ODSCode": "N83053", "Name": "LONGTON MEDICAL CENTRE", "ICBCode": "QYG", "Region": "Y62", "stroke.opacity": "1.0", "stroke.width": "2.0", "fill.opacity": "0", "OBJECTID": 4448, "stroke": "#0000ff", "fill": "#555555" }, "geometry": { "type": "Polygon", "coordinates": [ [ [ -2.8102023635, 53.402081376799998 ], [ -2.8095000218, 53.401419997200001 ], [ -2.8078200188, 53.400729991399999 ], [ -2.8061500175, 53.400449989099997 ], [ -2.8040500161, 53.400269986200001 ], [ -2.8025650317, 53.400856323799999 ], [ -2.8000759491, 53.401166837200002 ], [ -2.7984200149, 53.400939988300003 ], [ -2.7913578799, 53.402053631400001 ], [ -2.785890017, 53.401959998499997 ], [ -2.7795400136, 53.401549995800004 ], [ -2.7759400101, 53.4009399929 ], [ -2.7714700075, 53.400939988799998 ], [ -2.7681774493, 53.401023350700001 ], [ -2.7628500067, 53.400709985399999 ], [ -2.7584300092, 53.401169986100001 ], [ -2.7552100102, 53.401729986500001 ], [ -2.7507400132, 53.402619986099999 ], [ -2.7483800147, 53.403439985799999 ], [ -2.7476500157, 53.404079985700001 ], [ -2.7464500157, 53.404489984500003 ], [ -2.7457200166, 53.4047999844 ], [ -2.7449500179, 53.406669984399997 ], [ -2.7442200174, 53.408989984900003 ], [ -2.7444400128, 53.411579985400003 ], [ -2.7451700099, 53.413269986300001 ], [ -2.7459000092, 53.414549986300003 ], [ -2.7459000073, 53.415769987700003 ], [ -2.7466200041, 53.418769989499999 ], [ -2.7458500055, 53.419049988300003 ], [ -2.7455052013, 53.419799624 ], [ -2.7457200038, 53.419609989 ], [ -2.7454313097, 53.419960269400001 ], [ -2.7413000131, 53.428939998200001 ], [ -2.7412547858, 53.428695792500001 ], [ -2.7412600191, 53.430990001399998 ], [ -2.7409200116, 53.433489993400002 ], [ -2.7400600257, 53.435209997800001 ], [ -2.7383400437, 53.437150005600003 ], [ -2.7384700476, 53.437640006800002 ], [ -2.739800047, 53.437610003899998 ], [ -2.7418600415, 53.437430000900001 ], [ -2.7425300388, 53.437149998499997 ], [ -2.7444800401, 53.437559995699999 ], [ -2.7458700391, 53.437789994100001 ], [ -2.7482300411, 53.438389990099999 ], [ -2.749010038, 53.438199987899999 ], [ -2.7502500351, 53.438279985100003 ], [ -2.7512000361, 53.438519984 ], [ -2.7540100421, 53.4396599807 ], [ -2.7559600396, 53.439779980099999 ], [ -2.7569000362, 53.439959981 ], [ -2.7567500308, 53.440209983800003 ], [ -2.7563700245, 53.440599987600002 ], [ -2.756260019, 53.44087999 ], [ -2.7557900122, 53.441269993600002 ], [ -2.7555700039, 53.441649997200003 ], [ -2.7551400004, 53.441889998699999 ], [ -2.7550099993, 53.442169999500003 ], [ -2.7546300015, 53.4425099985 ], [ -2.7546300023, 53.442739997399997 ], [ -2.7556400047, 53.443119995399996 ], [ -2.7553200092, 53.443909994099997 ], [ -2.7547100173, 53.445869987199998 ], [ -2.7544100215, 53.446509984599999 ], [ -2.7541600257, 53.4477799808 ], [ -2.7536400287, 53.448239979900002 ], [ -2.7533600299, 53.4488199794 ], [ -2.7534700168, 53.449839988699999 ], [ -2.7534700122, 53.450949992600002 ], [ -2.7533800121, 53.451129993 ], [ -2.7532800134, 53.451749993 ], [ -2.7527200135, 53.452319992200003 ], [ -2.7529100136, 53.452529991699997 ], [ -2.7555100114, 53.452489990899998 ], [ -2.7566000126, 53.452649990700003 ], [ -2.7570100118, 53.452869990400004 ], [ -2.7577800114, 53.4529199905 ], [ -2.7584300096, 53.45312999 ], [ -2.7604000103, 53.453429989 ], [ -2.7609200096, 53.453409988899999 ], [ -2.7617300087, 53.453229989100002 ], [ -2.7623300084, 53.453019988699999 ], [ -2.7631500076, 53.452919987900003 ], [ -2.7635800076, 53.4526699882 ], [ -2.7653400053, 53.4525399877 ], [ -2.7660700061, 53.452609987199999 ], [ -2.7662400056, 53.452309986300001 ], [ -2.7670100055, 53.452179986099999 ], [ -2.7676500043, 53.452129986499997 ], [ -2.7686400057, 53.4514099847 ], [ -2.7689400065, 53.4509799848 ], [ -2.7689400053, 53.450619983599999 ], [ -2.7685500086, 53.450029981900002 ], [ -2.7684300118, 53.449729979499999 ], [ -2.7686400209, 53.449159974899999 ], [ -2.7683400246, 53.448809971599999 ], [ -2.7685500268, 53.4484499709 ], [ -2.7686000251, 53.447959973700002 ], [ -2.7689400238, 53.447379975499999 ], [ -2.768980021, 53.446939977600003 ], [ -2.769330017, 53.445919981899998 ], [ -2.7696700145, 53.4453099841 ], [ -2.7699300096, 53.443689991299998 ], [ -2.7704400024, 53.4421899962 ], [ -2.7712600037, 53.441959997600001 ], [ -2.7716900056, 53.441729995599999 ], [ -2.7721600107, 53.441389991500003 ], [ -2.7724600187, 53.4407599838 ], [ -2.7730200288, 53.4401699776 ], [ -2.7733200284, 53.440189977499998 ], [ -2.77340002, 53.440729983600001 ], [ -2.7738800133, 53.441189989599998 ], [ -2.7748200142, 53.441109988100003 ], [ -2.7762400162, 53.441089987399998 ], [ -2.778380018, 53.4409899853 ], [ -2.7786800235, 53.440579980599999 ], [ -2.7788100357, 53.4397799706 ], [ -2.7786000343, 53.438859971 ], [ -2.7786000232, 53.436789977300002 ], [ -2.777820022, 53.436719977099997 ], [ -2.7775200224, 53.436769977700003 ], [ -2.7782500217, 53.436459978599999 ], [ -2.7784300197, 53.436029979200001 ], [ -2.7789000159, 53.43553998 ], [ -2.7796300143, 53.4350299818 ], [ -2.7802300152, 53.4349299808 ], [ -2.7810000168, 53.435049980099997 ], [ -2.7819400162, 53.435109979899998 ], [ -2.7829300186, 53.435259978600001 ], [ -2.7836600188, 53.435259978300003 ], [ -2.7859400207, 53.434979978500003 ], [ -2.7874800202, 53.434899979599997 ], [ -2.7884700198, 53.434649979699998 ], [ -2.7911300192, 53.434419982100003 ], [ -2.7922000182, 53.434239982500003 ], [ -2.7930600183, 53.434159983299999 ], [ -2.7935700171, 53.434009984200003 ], [ -2.7955500171, 53.433799986799997 ], [ -2.7965800176, 53.433749987299997 ], [ -2.797350018, 53.433779987599998 ], [ -2.7989400169, 53.433599987800001 ], [ -2.7998400167, 53.433749988199999 ], [ -2.8010000149, 53.433699988800001 ], [ -2.8042200132, 53.433729987900001 ], [ -2.8062300118, 53.433519987899999 ], [ -2.8096700098, 53.433489986300003 ], [ -2.8110400099, 53.433389985700003 ], [ -2.8122400081, 53.433369985299997 ], [ -2.8137000101, 53.432979985599999 ], [ -2.8149900101, 53.432419985800003 ], [ -2.8158900112, 53.431829985100002 ], [ -2.817350014, 53.430449982900001 ], [ -2.8176900137, 53.429839982499999 ], [ -2.817860016, 53.428869984 ], [ -2.8181600165, 53.428459983800003 ], [ -2.8181325668, 53.428318163500002 ], [ -2.8182500158, 53.428359982800004 ], [ -2.8184200181, 53.427439982499997 ], [ -2.8182500196, 53.426869984500001 ], [ -2.8179100209, 53.4262099854 ], [ -2.8176100214, 53.4258860837 ], [ -2.8176100221, 53.425589986600002 ], [ -2.8164100199, 53.424259988400003 ], [ -2.8147700136, 53.422139992600002 ], [ -2.8138465895, 53.421216577700001 ], [ -2.8133782271, 53.4199786613 ], [ -2.8128000051, 53.417079994300003 ], [ -2.8126595107, 53.414368991400003 ], [ -2.8131400353, 53.4124000212 ], [ -2.8130600312, 53.411830019100002 ], [ -2.8133200254, 53.410990013300001 ], [ -2.8134400213, 53.410320009499998 ], [ -2.8135700122, 53.408660001 ], [ -2.8135300154, 53.407970001700001 ], [ -2.8132516028, 53.4073542844 ], [ -2.8132700212, 53.406590004900004 ], [ -2.8124842728, 53.405283464299998 ], [ -2.8116400364, 53.403490010500001 ], [ -2.8103500276, 53.402160001699997 ], [ -2.8102023635, 53.402081376799998 ] ] ] } },
{ "type": "Feature", "properties": { "ODSCode": "N83054", "Name": "BETHANY MEDICAL CENTRE", "ICBCode": "QYG", "Region": "Y62", "stroke.opacity": "1.0", "stroke.width": "2.0", "fill.opacity": "0", "OBJECTID": 2876, "stroke": "#0000ff", "fill": "#555555" }, "geometry": { "type": "Polygon", "coordinates": [ [ [ -2.7345700068, 53.470989984900001 ], [ -2.738080005, 53.471039984299999 ], [ -2.7406400049, 53.471249985599997 ], [ -2.7442600036, 53.471369987499997 ], [ -2.750100006, 53.4712999897 ], [ -2.7633399941, 53.471269990300001 ], [ -2.7749199926, 53.470999986199999 ], [ -2.7799899966, 53.470239986 ], [ -2.7877400149, 53.4699099889 ], [ -2.7921400139, 53.469609989 ], [ -2.7963200138, 53.469219989300001 ], [ -2.810910015, 53.468689986900003 ], [ -2.806750012, 53.462629990700002 ], [ -2.8030199915, 53.457619985900003 ], [ -2.8015100016, 53.4522599899 ], [ -2.7969200113, 53.447039978299998 ], [ -2.7929700179, 53.446759978300001 ], [ -2.7892400236, 53.446789978 ], [ -2.7863600224, 53.440879983400002 ], [ -2.7814700319, 53.4380499719 ], [ -2.7777600205, 53.436349979 ], [ -2.7749900048, 53.433289991 ], [ -2.7675700071, 53.435079989 ], [ -2.7664100076, 53.434799989799998 ], [ -2.7622600086, 53.434539991299999 ], [ -2.758360026, 53.437039984599998 ], [ -2.7496300142, 53.441269996800003 ], [ -2.745940008, 53.442830002900003 ], [ -2.7440400152, 53.443790002100002 ], [ -2.7420900207, 53.445059998399998 ], [ -2.7381200338, 53.447339992499998 ], [ -2.7387600312, 53.449359991400001 ], [ -2.7393100198, 53.450699998099999 ], [ -2.7414100176, 53.451179996199997 ], [ -2.7450800162, 53.451409995600002 ], [ -2.7423300178, 53.452559993199998 ], [ -2.7367100197, 53.454709990700003 ], [ -2.7321600185, 53.459489987700003 ], [ -2.7302700195, 53.461809989 ], [ -2.7305300185, 53.463269988699999 ], [ -2.7325100094, 53.467659986500003 ], [ -2.7336200078, 53.469659985600003 ], [ -2.7345700068, 53.470989984900001 ] ] ] } },
{ "type": "Feature", "properties": { "ODSCode": "N83601", "Name": "THE MACMILLAN SURGERY", "ICBCode": "QYG", "Region": "Y62", "stroke.opacity": "1.0", "stroke.width": "2.0", "fill.opacity": "0", "OBJECTID": 1283, "stroke": "#0000ff", "fill": "#555555" }, "geometry": { "type": "Polygon", "coordinates": [ [ [ -2.9606250122, 53.478919229100001 ], [ -2.960370382, 53.476363166100001 ], [ -2.9594831446, 53.474068910200003 ], [ -2.9258000073, 53.456170011600001 ], [ -2.8293200114, 53.455959991900002 ], [ -2.9007300062, 53.518879986499996 ], [ -2.9645900158, 53.518679981799998 ], [ -2.9606250122, 53.478919229100001 ] ] ] } },
{ "type": "Feature", "properties": { "ODSCode": "N83603", "Name": "PRESCOT MEDICAL CENTRE", "ICBCode": "QYG", "Region": "Y62", "stroke.opacity": "1.0", "stroke.width": "2.0", "fill.opacity": "0", "OBJECTID": 679, "stroke": "#0000ff", "fill": "#555555" }, "geometry": { "type": "Polygon", "coordinates": [ [ [ -2.8821900142, 53.463730001199998 ], [ -2.8764234798, 53.460453814099999 ], [ -2.8712041876, 53.457084886200001 ], [ -2.8635926087, 53.450790304800002 ], [ -2.860198339, 53.446200074399997 ], [ -2.8576165047, 53.440316303 ], [ -2.8544100191, 53.435510029 ], [ -2.8523738267, 53.434009976900001 ], [ -2.8499903494, 53.432653855799998 ], [ -2.8479878963, 53.431743524399998 ], [ -2.8455345468, 53.431172115800003 ], [ -2.8405903826, 53.430412111899997 ], [ -2.8290072865, 53.430178208 ], [ -2.8262799551, 53.429875316500002 ], [ -2.8234933486, 53.4292256182 ], [ -2.8203915014, 53.427569841199997 ], [ -2.817975233, 53.425567473 ], [ -2.8163977014, 53.4238377705 ], [ -2.8151355721, 53.422126892100003 ], [ -2.8137821653, 53.419288281299998 ], [ -2.8134579865, 53.418379298300003 ], [ -2.8133183077, 53.4174197671 ], [ -2.8131049026, 53.4159536907 ], [ -2.8129288906, 53.4147444197 ], [ -2.8131302563, 53.413661860200001 ], [ -2.8137869967, 53.410130965800001 ], [ -2.813851865, 53.408022152199997 ], [ -2.8134543626, 53.406075896600001 ], [ -2.8115322001, 53.402822491 ], [ -2.809257282, 53.3996846844 ], [ -2.8088174338, 53.398840294499998 ], [ -2.8049311661, 53.397310668199999 ], [ -2.7981308942, 53.395665476799998 ], [ -2.7879081887, 53.3937023549 ], [ -2.7830465243, 53.392671282899997 ], [ -2.7772687124, 53.392813975400003 ], [ -2.7737275684, 53.394337607799997 ], [ -2.7783051559, 53.3981386544 ], [ -2.7791618742, 53.404060552 ], [ -2.761127134, 53.403984329399997 ], [ -2.7439612524, 53.398246518500002 ], [ -2.7364078265, 53.398881506599999 ], [ -2.7352995776, 53.401879773200001 ], [ -2.7380085811, 53.408102756300003 ], [ -2.7561318309, 53.416863213799999 ], [ -2.7577714059, 53.420312875400001 ], [ -2.7640997018, 53.436069480100002 ], [ -2.7747913368, 53.434212011900001 ], [ -2.7806598745, 53.438185202 ], [ -2.7811004665, 53.4407290336 ], [ -2.7840974212, 53.446483248900002 ], [ -2.7958298135, 53.447789544199999 ], [ -2.8108996851, 53.462525200100004 ], [ -2.8144042561, 53.467271416300001 ], [ -2.8821900142, 53.463730001199998 ] ] ] } },
{ "type": "Feature", "properties": { "ODSCode": "N83605", "Name": "HOLLIES MEDICAL CENTRE", "ICBCode": "QYG", "Region": "Y62", "stroke.opacity": "1.0", "stroke.width": "2.0", "fill.opacity": "0", "OBJECTID": 1797, "stroke": "#0000ff", "fill": "#555555" }, "geometry": { "type": "Polygon", "coordinates": [ [ [ -2.8248600066, 53.347479993699999 ], [ -2.7913899913, 53.361409959100001 ], [ -2.7956800088, 53.381489999199999 ], [ -2.8111300082, 53.393769985399999 ], [ -2.8368800126, 53.399909992300003 ], [ -2.8636600051, 53.4036000081 ], [ -2.8693200254, 53.377999965100003 ], [ -2.8682000151, 53.3655099928 ], [ -2.8626300129, 53.351369987600002 ], [ -2.8487200081, 53.347989990400002 ], [ -2.8248600066, 53.347479993699999 ] ] ] } },
{ "type": "Feature", "properties": { "ODSCode": "N83608", "Name": "DR MAASSARANI & PARTNERS", "ICBCode": "QYG", "Region": "Y62", "stroke.opacity": "1.0", "stroke.width": "2.0", "fill.opacity": "0", "OBJECTID": 3293, "stroke": "#0000ff", "fill": "#555555" }, "geometry": { "type": "Polygon", "coordinates": [ [ [ -2.9498300151, 53.494579997599999 ], [ -2.8839100097, 53.465980000400002 ], [ -2.8464900085, 53.466589998400003 ], [ -2.844770018, 53.478239976 ], [ -2.8949000272, 53.517039999799998 ], [ -2.9345500034, 53.523059993700002 ], [ -2.9421899934, 53.5114799937 ], [ -2.9498300151, 53.494579997599999 ] ] ] } },
{ "type": "Feature", "properties": { "ODSCode": "N83609", "Name": "CEDAR CROSS MEDICAL CENTRE", "ICBCode": "QYG", "Region": "Y62", "stroke.opacity": "1.0", "stroke.width": "2.0", "fill.opacity": "0", "OBJECTID": 4607, "stroke": "#0000ff", "fill": "#555555" }, "geometry": { "type": "Polygon", "coordinates": [ [ [ -2.8117864983, 53.3898524616 ], [ -2.8111300198, 53.400529993600003 ], [ -2.7872700161, 53.401339996799997 ], [ -2.7647800119, 53.407889990100003 ], [ -2.7757600235, 53.418740003800004 ], [ -2.7888100285, 53.423450005299998 ], [ -2.7925900055, 53.443079991200001 ], [ -2.8040900118, 53.465369988600003 ], [ -2.81885002, 53.466999984099999 ], [ -2.8382499988, 53.466389991 ], [ -2.8765300335, 53.464140009 ], [ -2.8710348416, 53.457597881799998 ], [ -2.8729200343, 53.462710013299997 ], [ -2.8532612984, 53.4375428305 ], [ -2.8530100178, 53.437360012699997 ], [ -2.8399700134, 53.436129984099999 ], [ -2.8524569601, 53.436512402699996 ], [ -2.8430599971, 53.424469957200003 ], [ -2.8262300071, 53.390289998500002 ], [ -2.8269200198, 53.395200006 ], [ -2.816620009, 53.384969993699997 ], [ -2.7958500011, 53.373600010700002 ], [ -2.806660009, 53.381080001199997 ], [ -2.8117864983, 53.3898524616 ] ] ] } },
{ "type": "Feature", "properties": { "ODSCode": "N83610", "Name": "COLBY MEDICAL CENTRE", "ICBCode": "QYG", "Region": "Y62", "stroke.opacity": "1.0", "stroke.width": "2.0", "fill.opacity": "0", "OBJECTID": 3829, "stroke": "#0000ff", "fill": "#555555" }, "geometry": { "type": "Polygon", "coordinates": [ [ [ -2.7568800096, 53.419349993300003 ], [ -2.7565059515, 53.418178764700002 ], [ -2.7568800135, 53.421399997 ], [ -2.854040027, 53.457089990699998 ], [ -2.8549000291, 53.456059998699999 ], [ -2.8566200218, 53.432750057600003 ], [ -2.8650300054, 53.402879997 ], [ -2.8488900116, 53.400119985800004 ], [ -2.7527600131, 53.405029987 ], [ -2.7493300149, 53.402979986 ], [ -2.7555100056, 53.415059988199999 ], [ -2.7565059515, 53.418178764700002 ], [ -2.7560457568, 53.414215054 ], [ -2.7558500069, 53.413009987499997 ], [ -2.7551700115, 53.410349988599997 ], [ -2.7551700152, 53.408299988400003 ], [ -2.7560457568, 53.414215054 ], [ -2.7568800096, 53.419349993300003 ] ] ] } },
{ "type": "Feature", "properties": { "ODSCode": "N83614", "Name": "ECCLESTON MEDICAL CENTRE", "ICBCode": "QYG", "Region": "Y62", "stroke.opacity": "1.0", "stroke.width": "2.0", "fill.opacity": "0", "OBJECTID": 470, "stroke": "#0000ff", "fill": "#555555" }, "geometry": { "type": "Polygon", "coordinates": [ [ [ -2.7343500076, 53.471069985299998 ], [ -2.7444400041, 53.471179987100001 ], [ -2.7682799882, 53.470999989399999 ], [ -2.7741199914, 53.470909987799999 ], [ -2.7804399962, 53.470729986 ], [ -2.7909400148, 53.470039989100002 ], [ -2.801340012, 53.469709988300004 ], [ -2.8179500213, 53.4677699856 ], [ -2.8118100145, 53.463549989500002 ], [ -2.8017699906, 53.457649984299998 ], [ -2.8014699971, 53.454099987600003 ], [ -2.8006600051, 53.450329990900002 ], [ -2.7973500108, 53.446629979199997 ], [ -2.7883000169, 53.444869985899999 ], [ -2.7879500088, 53.442719993099999 ], [ -2.7872000122, 53.441549991899997 ], [ -2.7851600231, 53.440879983599999 ], [ -2.782160035, 53.438679970300001 ], [ -2.7773100231, 53.436919977700001 ], [ -2.773960007, 53.432749994300003 ], [ -2.7661100093, 53.434999990400001 ], [ -2.7645900061, 53.434289992300002 ], [ -2.7601900173, 53.435799987199999 ], [ -2.7549300349, 53.438419982900001 ], [ -2.7494100304, 53.440579992499998 ], [ -2.7436600122, 53.443080004400002 ], [ -2.7378300305, 53.446199997100003 ], [ -2.7351900339, 53.447549990299997 ], [ -2.7329300428, 53.448949988300001 ], [ -2.7302700241, 53.4509199978 ], [ -2.7288600239, 53.452869996700002 ], [ -2.726520025, 53.455859995099999 ], [ -2.7265900256, 53.456919994800003 ], [ -2.7278300242, 53.458669991900003 ], [ -2.7290500222, 53.459859991199998 ], [ -2.7297600212, 53.46119999 ], [ -2.7305700184, 53.463549988700002 ], [ -2.7313700133, 53.465559987900001 ], [ -2.7325600086, 53.467729986099997 ], [ -2.7332100092, 53.4691799856 ], [ -2.7343500076, 53.471069985299998 ] ] ] } },
{ "type": "Feature", "properties": { "ODSCode": "N83619", "Name": "ROBY MEDICAL CENTRE", "ICBCode": "QYG", "Region": "Y62", "stroke.opacity": "1.0", "stroke.width": "2.0", "fill.opacity": "0", "OBJECTID": 862, "stroke": "#0000ff", "fill": "#555555" }, "geometry": { "type": "Polygon", "coordinates": [ [ [ -2.8748989104, 53.400270175800003 ], [ -2.8294108829, 53.398730067099997 ], [ -2.8076930165, 53.400109989400001 ], [ -2.8059768681, 53.400628592700002 ], [ -2.8020286564, 53.400782114099997 ], [ -2.7808284765, 53.406922474300004 ], [ -2.7841760381, 53.4204790211 ], [ -2.7970500156, 53.4301969869 ], [ -2.8188620253, 53.429685491 ], [ -2.8676891332, 53.436230458899999 ], [ -2.881507874, 53.418228725900001 ], [ -2.8889751441, 53.4138294264 ], [ -2.8932666777, 53.411015692600003 ], [ -2.9005622858, 53.407945967700002 ], [ -2.8748989104, 53.400270175800003 ] ] ] } },
{ "type": "Feature", "properties": { "ODSCode": "N83620", "Name": "WINDERMERE MEDICAL CENTRE", "ICBCode": "QYG", "Region": "Y62", "stroke.opacity": "1.0", "stroke.width": "2.0", "fill.opacity": "0", "OBJECTID": 2251, "stroke": "#0000ff", "fill": "#555555" }, "geometry": { "type": "Polygon", "coordinates": [ [ [ -2.7680399914, 53.469449994599998 ], [ -2.7697599919, 53.468099995800003 ], [ -2.7712999939, 53.4663599967 ], [ -2.7745199958, 53.464929991600002 ], [ -2.7753400023, 53.461659992500003 ], [ -2.7779100106, 53.4593899937 ], [ -2.7842200161, 53.456039991899999 ], [ -2.7862400169, 53.450649985799998 ], [ -2.7824600359, 53.448089972200002 ], [ -2.775760023, 53.446459979 ], [ -2.7694100169, 53.445429984100002 ], [ -2.7607900182, 53.440879988 ], [ -2.7569500363, 53.440009981499998 ], [ -2.7548100423, 53.439629980799999 ], [ -2.7527600416, 53.439809981700002 ], [ -2.7462400238, 53.441040001 ], [ -2.7378300216, 53.443800007100002 ], [ -2.7310500363, 53.446629990300003 ], [ -2.7257700268, 53.450339999299999 ], [ -2.7233000279, 53.451819999100003 ], [ -2.7218500249, 53.452949996800001 ], [ -2.7203200193, 53.453789993400001 ], [ -2.7184700107, 53.455619990499997 ], [ -2.721070026, 53.461159996600003 ], [ -2.7169600119, 53.4597299916 ], [ -2.711130015, 53.459669992 ], [ -2.7081700157, 53.459939992300001 ], [ -2.7053400137, 53.462399992899996 ], [ -2.7056000132, 53.465679995499997 ], [ -2.7064800144, 53.467879997600001 ], [ -2.7100600201, 53.469859996099999 ], [ -2.7169300171, 53.475739993600001 ], [ -2.7187900125, 53.479409995200001 ], [ -2.7208900157, 53.481359998 ], [ -2.7228500199, 53.482330000600001 ], [ -2.7247000182, 53.484160000300001 ], [ -2.7259800159, 53.485259997900002 ], [ -2.7270600144, 53.485129997199998 ], [ -2.7312600124, 53.483369992900002 ], [ -2.736800009, 53.4801299867 ], [ -2.739570009, 53.475199986699998 ], [ -2.7410200074, 53.474179986400003 ], [ -2.7411400064, 53.472659986700002 ], [ -2.7410100044, 53.471289985600002 ], [ -2.741070005, 53.470679985700002 ], [ -2.7432800048, 53.4705499875 ], [ -2.7466700037, 53.470639989200002 ], [ -2.7500600057, 53.470529991 ], [ -2.7680399914, 53.469449994599998 ] ] ] } },
{ "type": "Feature", "properties": { "ODSCode": "N83621", "Name": "HILLSIDE HOUSE SURGERY", "ICBCode": "QYG", "Region": "Y62", "stroke.opacity": "1.0", "stroke.width": "2.0", "fill.opacity": "0", "OBJECTID": 4028, "stroke": "#0000ff", "fill": "#555555" }, "geometry": { "type": "Polygon", "coordinates": [ [ [ -2.8250201525, 53.429244074099998 ], [ -2.8254409599, 53.429273083799998 ], [ -2.8274193076, 53.429818567200002 ], [ -2.8296442281, 53.4301810778 ], [ -2.8324717695, 53.4300883951 ], [ -2.8339639868, 53.430013842100003 ], [ -2.8361647311, 53.430079422600002 ], [ -2.8385153792, 53.430241191599997 ], [ -2.8410774432, 53.430417455300002 ], [ -2.8445380326, 53.431014719499998 ], [ -2.8492745128, 53.432319551500001 ], [ -2.8509449507, 53.433193673200002 ], [ -2.8519900098, 53.433240002799998 ], [ -2.852260011, 53.433520005699997 ], [ -2.8540000177, 53.434650025400003 ], [ -2.8554200196, 53.433400041900001 ], [ -2.8560700206, 53.432570050800003 ], [ -2.8561600204, 53.431670053399998 ], [ -2.8556100184, 53.430000048899998 ], [ -2.8549800183, 53.429740042200002 ], [ -2.8551900194, 53.4286400449 ], [ -2.8558200191, 53.428060052699998 ], [ -2.8567900212, 53.427360065899997 ], [ -2.858020023, 53.426770076799997 ], [ -2.8587400199, 53.425900071 ], [ -2.85885002, 53.425130069700003 ], [ -2.85869002, 53.424470071 ], [ -2.8588100196, 53.423750070099999 ], [ -2.8589900198, 53.423340067600002 ], [ -2.8593500187, 53.422930064799999 ], [ -2.8605400174, 53.422130053 ], [ -2.8614271221, 53.421672811699999 ], [ -2.8615957074, 53.421633763099997 ], [ -2.8616424083, 53.4213889018 ], [ -2.8626872461, 53.421300653800003 ], [ -2.8633611422, 53.421199685 ], [ -2.8655854515, 53.421011773 ], [ -2.8655209942, 53.418594072399998 ], [ -2.8660554991, 53.417985120600001 ], [ -2.8669132074, 53.417408331399997 ], [ -2.8627122597, 53.417222392399999 ], [ -2.8649796012, 53.414325268600003 ], [ -2.8657487444, 53.412709433099998 ], [ -2.8665634918, 53.411412541899999 ], [ -2.8625428823, 53.411234542499997 ], [ -2.8616700059, 53.411790037599999 ], [ -2.8611000063, 53.411930042900003 ], [ -2.8606800075, 53.411830046699997 ], [ -2.8602000071, 53.411570051200002 ], [ -2.8588000093, 53.411360064299998 ], [ -2.8560100064, 53.411500056500003 ], [ -2.8566100069, 53.410240064100002 ], [ -2.8567700058, 53.409280064599997 ], [ -2.8554600042, 53.408870049299999 ], [ -2.8517499999, 53.4087600075 ], [ -2.8499299941, 53.408819992200002 ], [ -2.8483299859, 53.408709981100003 ], [ -2.8473299825, 53.408759973199999 ], [ -2.8460999748, 53.409889959200001 ], [ -2.8416999544, 53.412409920899997 ], [ -2.840579963, 53.412919931600001 ], [ -2.8374299852, 53.414779960099999 ], [ -2.8364899922, 53.4152399687 ], [ -2.828039996, 53.420739968900001 ], [ -2.8273499966, 53.4209599677 ], [ -2.826319998, 53.421369969300002 ], [ -2.8249800004, 53.422059970900001 ], [ -2.821660012, 53.424169976599998 ], [ -2.819320019, 53.425239981799997 ], [ -2.8181800214, 53.426269985600001 ], [ -2.8182300187, 53.426889984399999 ], [ -2.8185000156, 53.427829981899997 ], [ -2.8202200112, 53.427999973699997 ], [ -2.8215619148, 53.4280261209 ], [ -2.8223547768, 53.428155365099997 ], [ -2.8229999414, 53.428395461400001 ], [ -2.8234293322, 53.4286203586 ], [ -2.8239056112, 53.428881509500002 ], [ -2.8250201525, 53.429244074099998 ] ] ] } },
{ "type": "Feature", "properties": { "ODSCode": "N83622", "Name": "PRIMROSE MEDICAL PRACTICE", "ICBCode": "QYG", "Region": "Y62", "stroke.opacity": "1.0", "stroke.width": "2.0", "fill.opacity": "0", "OBJECTID": 4288, "stroke": "#0000ff", "fill": "#555555" }, "geometry": { "type": "Polygon", "coordinates": [ [ [ -2.829665998, 53.427485955100003 ], [ -2.8343650157, 53.428073990100003 ], [ -2.8366400126, 53.428188986599999 ], [ -2.8389360087, 53.428125979900003 ], [ -2.844365004, 53.4285089758 ], [ -2.8465320071, 53.4290459841 ], [ -2.8484630093, 53.4300939906 ], [ -2.8514240087, 53.4324979967 ], [ -2.8539560168, 53.435003024399997 ], [ -2.8565740228, 53.431961058500001 ], [ -2.8549860189, 53.428662043400003 ], [ -2.8587630191, 53.425824070399997 ], [ -2.8587630189, 53.423715070100002 ], [ -2.8682040074, 53.420504984200001 ], [ -2.8673890084, 53.419123988400003 ], [ -2.8658440107, 53.4179730018 ], [ -2.8694060043, 53.414775985299997 ], [ -2.8709079976, 53.412268989899999 ], [ -2.8727959964, 53.410170995199998 ], [ -2.8725809948, 53.408073994399999 ], [ -2.864684998, 53.406667003499997 ], [ -2.8526260152, 53.401959006299997 ], [ -2.8441720089, 53.400986977199999 ], [ -2.8376050124, 53.400551989900002 ], [ -2.8301810237, 53.398351009800002 ], [ -2.8243020196, 53.396304004500003 ], [ -2.8175210123, 53.396175993699998 ], [ -2.8139590117, 53.396738989900001 ], [ -2.8108690132, 53.397583989200001 ], [ -2.8088090136, 53.397915987899999 ], [ -2.8088950154, 53.398836989 ], [ -2.8098390159, 53.399399989700001 ], [ -2.8096680179, 53.400372992100003 ], [ -2.8114700294, 53.402189003799997 ], [ -2.8132720277, 53.405490007600001 ], [ -2.8139590138, 53.409071002899999 ], [ -2.813272033, 53.412550020799998 ], [ -2.8126720067, 53.416540997299997 ], [ -2.81395901, 53.420581994 ], [ -2.8206540095, 53.427843971800002 ], [ -2.829665998, 53.427485955100003 ] ] ] } },
{ "type": "Feature", "properties": { "ODSCode": "N83633", "Name": "NUTGROVE VILLA SURGERY", "ICBCode": "QYG", "Region": "Y62", "stroke.opacity": "1.0", "stroke.width": "2.0", "fill.opacity": "0", "OBJECTID": 1953, "stroke": "#0000ff", "fill": "#555555" }, "geometry": { "type": "Polygon", "coordinates": [ [ [ -2.8539100163, 53.434930023100002 ], [ -2.85561002, 53.4334600452 ], [ -2.8563100226, 53.432760053499997 ], [ -2.8562300213, 53.4304500561 ], [ -2.8560600206, 53.429260055199997 ], [ -2.8550300183, 53.428840042899999 ], [ -2.8556400186, 53.428460051400002 ], [ -2.8559900213, 53.428070055600003 ], [ -2.8568700202, 53.427410066199997 ], [ -2.8577500228, 53.427030078199998 ], [ -2.8583800205, 53.426660074300003 ], [ -2.85885002, 53.425130069700003 ], [ -2.85889002, 53.423620069099996 ], [ -2.8602600179, 53.4223700553 ], [ -2.8621100138, 53.421780037799998 ], [ -2.8676900071, 53.420659985599997 ], [ -2.8665500083, 53.419329996499997 ], [ -2.865980011, 53.418460000499998 ], [ -2.8691100061, 53.4152699849 ], [ -2.8710799987, 53.412449990799999 ], [ -2.8680099932, 53.411169976399997 ], [ -2.8673099933, 53.4105799827 ], [ -2.867009994, 53.410259985800003 ], [ -2.8660799921, 53.408689993199999 ], [ -2.8661999946, 53.407449991 ], [ -2.8624100041, 53.405180019500001 ], [ -2.8572800106, 53.403050051199997 ], [ -2.8518100152, 53.401629998499999 ], [ -2.8475800116, 53.401069984400003 ], [ -2.8433600081, 53.400919976099999 ], [ -2.8391700101, 53.400599984400003 ], [ -2.8348200141, 53.399909998399998 ], [ -2.8255500228, 53.396640006799998 ], [ -2.8221100159, 53.3960699995 ], [ -2.8186800126, 53.396019994699998 ], [ -2.8146900123, 53.396759990500001 ], [ -2.8116000144, 53.397739990200002 ], [ -2.810600015, 53.398179988899997 ], [ -2.8105500158, 53.398929989800003 ], [ -2.8097200159, 53.399449989799997 ], [ -2.809970018, 53.400119990599997 ], [ -2.8110000269, 53.401810000700003 ], [ -2.812840032, 53.404420010300001 ], [ -2.8136200184, 53.407150004599998 ], [ -2.8139600124, 53.408980002699998 ], [ -2.8131500206, 53.414290009399998 ], [ -2.8133400057, 53.4179699946 ], [ -2.8147900121, 53.421319993799997 ], [ -2.8172600213, 53.4246699873 ], [ -2.8201200129, 53.427179975900003 ], [ -2.8250699907, 53.429559944200001 ], [ -2.8313599971, 53.430239958900003 ], [ -2.8372200103, 53.430089984600002 ], [ -2.841000005, 53.430349979500001 ], [ -2.8440900061, 53.430839979799998 ], [ -2.8467900075, 53.431329987799998 ], [ -2.8492400092, 53.432189992200001 ], [ -2.8539100163, 53.434930023100002 ] ] ] } },
{ "type": "Feature", "properties": { "ODSCode": "N83637", "Name": "NEWHOLME SURGERY", "ICBCode": "QYG", "Region": "Y62", "stroke.opacity": "1.0", "stroke.width": "2.0", "fill.opacity": "0", "OBJECTID": 5685, "stroke": "#0000ff", "fill": "#555555" }, "geometry": { "type": "Polygon", "coordinates": [ [ [ -2.7903440142, 53.470279988900003 ], [ -2.7752500065, 53.433109990799998 ], [ -2.7515600019, 53.415879990199997 ], [ -2.7129400163, 53.4249299843 ], [ -2.6763700072, 53.434389997399997 ], [ -2.6844400071, 53.461179988 ], [ -2.6759610153, 53.4667079922 ], [ -2.6974900081, 53.473439990400003 ], [ -2.7062390177, 53.473947993499998 ], [ -2.7903440142, 53.470279988900003 ] ] ] } },
{ "type": "Feature", "properties": { "ODSCode": "N84001", "Name": "42 KINGSWAY", "ICBCode": "QYG", "Region": "Y62", "stroke.opacity": "1.0", "stroke.width": "2.0", "fill.opacity": "0", "OBJECTID": 6224, "stroke": "#0000ff", "fill": "#555555" }, "geometry": { "type": "Polygon", "coordinates": [ [ [ -3.0004260068, 53.492002986599999 ], [ -3.014674, 53.499419988100001 ], [ -3.0191370067, 53.496497000300003 ], [ -3.0239870198, 53.498973040400003 ], [ -3.0247590185, 53.499100046700001 ], [ -3.0282350161, 53.496828028099998 ], [ -3.0401144756, 53.500683610499998 ], [ -3.0571552334, 53.494167855500002 ], [ -3.0459590158, 53.480257036600001 ], [ -3.023912282, 53.469209369600001 ], [ -3.0122354209, 53.471783975599998 ], [ -3.0165620111, 53.476782991 ], [ -3.0004260068, 53.492002986599999 ] ] ] } },
{ "type": "Feature", "properties": { "ODSCode": "N84002", "Name": "AINTREE ROAD MEDICAL CENTRE", "ICBCode": "QYG", "Region": "Y62", "stroke.opacity": "1.0", "stroke.width": "2.0", "fill.opacity": "0", "OBJECTID": 1115, "stroke": "#0000ff", "fill": "#555555" }, "geometry": { "type": "Polygon", "coordinates": [ [ [ -3.0102540133, 53.473539989199999 ], [ -3.0044170168, 53.472721990700002 ], [ -3.010597013, 53.472926988700003 ], [ -3.0148890171, 53.464343001400003 ], [ -3.0047610122, 53.456576011300001 ], [ -2.9850200008, 53.447376003800002 ], [ -2.9718020172, 53.455451020700004 ], [ -2.9635620082, 53.464240987099998 ], [ -2.9735180083, 53.480281990599998 ], [ -2.9929159794, 53.479771984899998 ], [ -3.0102540133, 53.473539989199999 ] ] ] } },
{ "type": "Feature", "properties": { "ODSCode": "N84003", "Name": "HIGH PASTURES SURGERY", "ICBCode": "QYG", "Region": "Y62", "stroke.opacity": "1.0", "stroke.width": "2.0", "fill.opacity": "0", "OBJECTID": 1209, "stroke": "#0000ff", "fill": "#555555" }, "geometry": { "type": "Polygon", "coordinates": [ [ [ -2.9234584131, 53.522587028700002 ], [ -2.9229145593, 53.522713152 ], [ -2.9226060048, 53.522917991900002 ], [ -2.9246830048, 53.5238289929 ], [ -2.9250040036, 53.523892992599997 ], [ -2.9252190039, 53.524033992600003 ], [ -2.9255190044, 53.524288992599999 ], [ -2.9263550048, 53.525487992800002 ], [ -2.9264840019, 53.526609993500003 ], [ -2.9268699999, 53.527885994099996 ], [ -2.9268699984, 53.528446995099998 ], [ -2.9268049991, 53.528599994799997 ], [ -2.9270820106, 53.529079251900001 ], [ -2.9279419982, 53.530066994499997 ], [ -2.9292299986, 53.530818994299999 ], [ -2.9298513824, 53.531275246 ], [ -2.9420211709, 53.5389242213 ], [ -2.9435100095, 53.539789994499998 ], [ -2.9454080108, 53.5404089946 ], [ -2.9479400133, 53.540740994899998 ], [ -2.9499950154, 53.5412639945 ], [ -2.9521580148, 53.541556995599997 ], [ -2.9530450151, 53.542351995300002 ], [ -2.9534880154, 53.542633995099997 ], [ -2.9538520154, 53.5431319952 ], [ -2.9538620167, 53.543749995399999 ], [ -2.9546790167, 53.544693994100001 ], [ -2.9562240168, 53.545917994600003 ], [ -2.9569100153, 53.546299994800002 ], [ -2.9576720151, 53.547816994800002 ], [ -2.9579400143, 53.5511449941 ], [ -2.9595920118, 53.553897995 ], [ -2.962875011, 53.546937995299999 ], [ -2.9658360077, 53.543290995200003 ], [ -2.9683650085, 53.541122994600002 ], [ -2.970428008, 53.540714993900004 ], [ -2.9714540079, 53.540357992300002 ], [ -2.9724010069, 53.5398929929 ], [ -2.9723380067, 53.539573992100003 ], [ -2.9721410072, 53.5391339922 ], [ -2.9715870077, 53.538859991099997 ], [ -2.9718840079, 53.538317990499998 ], [ -2.9725700075, 53.537603990400001 ], [ -2.9720160057, 53.536659988099998 ], [ -2.9717160041, 53.535818987200003 ], [ -2.9701709992, 53.534007984500001 ], [ -2.9702029992, 53.533146985099997 ], [ -2.9697419995, 53.532566984600003 ], [ -2.9692479999, 53.531577984899997 ], [ -2.9686369977, 53.530857985399997 ], [ -2.9676579976, 53.529525985600003 ], [ -2.9670799985, 53.528625986800002 ], [ -2.9666510016, 53.526635987299997 ], [ -2.9652780005, 53.5251559875 ], [ -2.9642480054, 53.523318985899998 ], [ -2.9640700072, 53.522389985099998 ], [ -2.9647700165, 53.518839982099998 ], [ -2.9649500201, 53.517089981600002 ], [ -2.9637500187, 53.515349984300002 ], [ -2.9624500155, 53.513859985899998 ], [ -2.961930016, 53.5130599883 ], [ -2.9613400143, 53.512339989399997 ], [ -2.9592000101, 53.509359992299999 ], [ -2.9569800082, 53.507029995700002 ], [ -2.9561600073, 53.505539996099998 ], [ -2.9556500072, 53.504999996599999 ], [ -2.9544100074, 53.5040199974 ], [ -2.9535100092, 53.503509997800002 ], [ -2.9528600091, 53.502989998300002 ], [ -2.9517000084, 53.502409998799997 ], [ -2.9502400052, 53.501989998100001 ], [ -2.9491200045, 53.501409997099998 ], [ -2.9483300065, 53.500809996599997 ], [ -2.9469800079, 53.500579995800003 ], [ -2.9467400071, 53.500439994799997 ], [ -2.9446600031, 53.504269993900003 ], [ -2.9438799988, 53.506489993499997 ], [ -2.9356899979, 53.507809988399998 ], [ -2.9349699978, 53.507499987300001 ], [ -2.9343199995, 53.507059986800002 ], [ -2.9328400029, 53.506379987300001 ], [ -2.9315470041, 53.506221988 ], [ -2.9309600049, 53.506629988100002 ], [ -2.9272600056, 53.510149990199999 ], [ -2.9265000064, 53.51077999 ], [ -2.9251800071, 53.5120399901 ], [ -2.9230300092, 53.514349990900001 ], [ -2.9223400073, 53.515209991399999 ], [ -2.922060008, 53.515739991700002 ], [ -2.9217500069, 53.516149992300001 ], [ -2.9145950091, 53.515383991100002 ], [ -2.9165690064, 53.517169992200003 ], [ -2.9176420041, 53.517501991400003 ], [ -2.9184580048, 53.518088992 ], [ -2.9200020039, 53.518742991800003 ], [ -2.9198210039, 53.519051992199998 ], [ -2.9199500039, 53.519261991800001 ], [ -2.9202180027, 53.519453992300001 ], [ -2.9203680029, 53.519536991899997 ], [ -2.9206690042, 53.519561991499998 ], [ -2.9214950045, 53.519784992 ], [ -2.922461005, 53.519963992 ], [ -2.9225030039, 53.520531991799999 ], [ -2.9227930049, 53.520939991600002 ], [ -2.9235650044, 53.522562993 ], [ -2.9234584131, 53.522587028700002 ] ] ] } },
{ "type": "Feature", "properties": { "ODSCode": "N84004", "Name": "GLOVERS LANE SURGERY", "ICBCode": "QYG", "Region": "Y62", "stroke.opacity": "1.0", "stroke.width": "2.0", "fill.opacity": "0", "OBJECTID": 1367, "stroke": "#0000ff", "fill": "#555555" }, "geometry": { "type": "Polygon", "coordinates": [ [ [ -2.9519700177, 53.491669996399999 ], [ -2.9619600019, 53.497349996499999 ], [ -2.9733100135, 53.496549992200002 ], [ -2.9806500128, 53.496939989 ], [ -2.9835000111, 53.495219988199999 ], [ -2.9896899959, 53.496289987600001 ], [ -2.9904699969, 53.4981599897 ], [ -2.997009996, 53.502299989900003 ], [ -3.0017900132, 53.50378999 ], [ -3.0093699887, 53.497139989 ], [ -3.0118399918, 53.495729990299999 ], [ -3.0140899951, 53.494639992099998 ], [ -3.0175000004, 53.494259993199996 ], [ -3.0212900088, 53.493730014500002 ], [ -3.022620011, 53.4928300212 ], [ -3.0237100136, 53.492250028199997 ], [ -3.0249900173, 53.491770032799998 ], [ -3.0255700176, 53.491240029700002 ], [ -3.026600015, 53.491250025900001 ], [ -3.0273000151, 53.491730023800002 ], [ -3.0274800153, 53.4926400242 ], [ -3.0284200163, 53.493370021099999 ], [ -3.0323200138, 53.491430003799998 ], [ -3.0337300099, 53.490339997699998 ], [ -3.0342800103, 53.489749996900002 ], [ -3.0338300089, 53.488250000100003 ], [ -3.033900009, 53.487270001 ], [ -3.0326500095, 53.485970005699997 ], [ -3.0297000107, 53.4837400129 ], [ -3.0279100131, 53.4825700138 ], [ -3.0268900142, 53.482180015399997 ], [ -3.0248900157, 53.481620016299999 ], [ -3.0233300145, 53.4813400114 ], [ -3.0177800086, 53.4811199938 ], [ -3.0161900093, 53.480449993400001 ], [ -3.0147000083, 53.479639993600003 ], [ -3.0137200105, 53.477749991700001 ], [ -3.0164800121, 53.476369991200002 ], [ -3.0146900151, 53.471509990400001 ], [ -3.0197300165, 53.470399994899999 ], [ -3.0155800144, 53.462829998399997 ], [ -3.0097500067, 53.4591699904 ], [ -3.0048200097, 53.465749992900001 ], [ -3.0021600094, 53.463539991899999 ], [ -2.9988999879, 53.460149987199998 ], [ -2.9955799579, 53.461319987400003 ], [ -2.9953599563, 53.460929987900002 ], [ -2.9929299524, 53.461849988099999 ], [ -2.9910799649, 53.462479988600002 ], [ -2.9890499782, 53.462959988599998 ], [ -2.9856700053, 53.459979992100003 ], [ -2.9802599945, 53.461409992 ], [ -2.9752799959, 53.4620699922 ], [ -2.9671700075, 53.469709987 ], [ -2.9605500097, 53.4705699899 ], [ -2.955430016, 53.473549991600002 ], [ -2.955450014, 53.476059991699998 ], [ -2.95307, 53.480809996799998 ], [ -2.95017, 53.485469998 ], [ -2.9495300061, 53.4877999972 ], [ -2.9519700177, 53.491669996399999 ] ] ] } },
{ "type": "Feature", "properties": { "ODSCode": "N84005", "Name": "CUMBERLAND HOUSE SURGERY", "ICBCode": "QYG", "Region": "Y62", "stroke.opacity": "1.0", "stroke.width": "2.0", "fill.opacity": "0", "OBJECTID": 1952, "stroke": "#0000ff", "fill": "#555555" }, "geometry": { "type": "Polygon", "coordinates": [ [ [ -3.0536410107, 53.614302988399999 ], [ -3.0203390072, 53.612672997700002 ], [ -3.0151890407, 53.611604004199997 ], [ -3.0122710813, 53.613793009 ], [ -3.0122710819, 53.614608008899999 ], [ -3.0115840787, 53.615474007700001 ], [ -3.0086660571, 53.617001000400002 ], [ -3.0069490435, 53.618986997599997 ], [ -3.0066060413, 53.6207679969 ], [ -3.0053190316, 53.6212779954 ], [ -3.0046320263, 53.622193993400003 ], [ -3.003774023, 53.623516992500001 ], [ -3.0019710128, 53.624382988800001 ], [ -2.9990530108, 53.626265985300002 ], [ -2.9987960102, 53.626316985899997 ], [ -2.9966500093, 53.627385985899998 ], [ -2.9939890044, 53.628454987600001 ], [ -2.9915000023, 53.629370989400002 ], [ -2.989011001, 53.630134990199998 ], [ -2.9846330008, 53.631050992500001 ], [ -2.9836889979, 53.630083991900001 ], [ -2.982315997, 53.6282509921 ], [ -2.9866722695, 53.624907052 ], [ -2.9833527021, 53.623870388500002 ], [ -2.9822575828, 53.623170825400003 ], [ -2.9811716273, 53.623398025500002 ], [ -2.977080005, 53.625553991399997 ], [ -2.9755350067, 53.6263679913 ], [ -2.9723600125, 53.628250991 ], [ -2.9700420138, 53.629879991 ], [ -2.9718450103, 53.630744991199997 ], [ -2.9727890095, 53.631610991300001 ], [ -2.9730460078, 53.632577990900003 ], [ -2.9729600067, 53.633035990700002 ], [ -2.971244008, 53.633035991299998 ], [ -2.9699560092, 53.633340991 ], [ -2.9688410068, 53.63400299 ], [ -2.968068007, 53.634969987799998 ], [ -2.9679820035, 53.635986986900001 ], [ -2.9681540035, 53.636902986 ], [ -2.9679820019, 53.638175985499998 ], [ -2.9682400016, 53.639141986 ], [ -2.9688409991, 53.640414985100001 ], [ -2.9690980004, 53.641279984900002 ], [ -2.969269996, 53.642652984100003 ], [ -2.9699559958, 53.643975982699999 ], [ -2.9709859936, 53.646367980800001 ], [ -2.9720159935, 53.647639981300003 ], [ -2.9726169954, 53.648809980199999 ], [ -2.9733899944, 53.649928980799999 ], [ -2.9741619921, 53.651352980699997 ], [ -2.9744199884, 53.652726977900002 ], [ -2.9741619864, 53.653998976099999 ], [ -2.9745909869, 53.655371977400002 ], [ -2.9763939919, 53.657507983400002 ], [ -2.977423995, 53.658576984900002 ], [ -2.9787109971, 53.659542984399998 ], [ -2.9803419989, 53.660051986799999 ], [ -2.9821440016, 53.660356988899998 ], [ -2.9843760052, 53.660966993599999 ], [ -2.9854920081, 53.661526993499997 ], [ -2.9866080075, 53.6623399916 ], [ -2.9886670064, 53.663712990500002 ], [ -2.9898690041, 53.664780988799997 ], [ -2.9907270024, 53.665696988199997 ], [ -2.9918430031, 53.666408987300002 ], [ -2.9927870029, 53.666764987800001 ], [ -2.9939030063, 53.665950987099997 ], [ -2.9951910067, 53.665289986099999 ], [ -2.9975080084, 53.663712984699998 ], [ -3.0010270139, 53.661729983800001 ], [ -3.0026580187, 53.660610985399998 ], [ -3.0051470285, 53.659237989 ], [ -3.0098680454, 53.656236997100002 ], [ -3.0143310526, 53.653795000099997 ], [ -3.016133028, 53.652115992699997 ], [ -3.0192230101, 53.650182985800001 ], [ -3.0213690254, 53.648707988300004 ], [ -3.0236010408, 53.647282990900003 ], [ -3.025060051, 53.645705993 ], [ -3.0261750584, 53.644332995500001 ], [ -3.0273770678, 53.642296998699997 ], [ -3.0281500733, 53.6400580002 ], [ -3.0291800681, 53.638327999 ], [ -3.0309820498, 53.636648995100003 ], [ -3.0347590146, 53.634358986899997 ], [ -3.0371620133, 53.6326289868 ], [ -3.0365610129, 53.632831987 ], [ -3.0388780121, 53.6310509853 ], [ -3.0404230112, 53.629319984600002 ], [ -3.0411100121, 53.628199984399998 ], [ -3.0466890166, 53.622906985500002 ], [ -3.048921015, 53.620564985900003 ], [ -3.0501220153, 53.6194449865 ], [ -3.0511520133, 53.618120986599997 ], [ -3.0517530112, 53.616898986700001 ], [ -3.05278301, 53.615982987400002 ], [ -3.0532980104, 53.615320987899999 ], [ -3.0536410107, 53.614302988399999 ] ] ] } },
{ "type": "Feature", "properties": { "ODSCode": "N84006", "Name": "CHAPEL LANE SURGERY", "ICBCode": "QYG", "Region": "Y62", "stroke.opacity": "1.0", "stroke.width": "2.0", "fill.opacity": "0", "OBJECTID": 2242, "stroke": "#0000ff", "fill": "#555555" }, "geometry": { "type": "Polygon", "coordinates": [ [ [ -3.0978010069, 53.573060987300003 ], [ -3.0981450107, 53.5700029861 ], [ -3.102264008, 53.564701983 ], [ -3.1046680087, 53.559603984799999 ], [ -3.103981011, 53.554709992399999 ], [ -3.1039810138, 53.550018997800002 ], [ -3.1008910157, 53.544918999799997 ], [ -3.0964280125, 53.540838998200002 ], [ -3.0830380166, 53.532880992099997 ], [ -3.0751419942, 53.527778998899997 ], [ -3.0669020072, 53.526146989799997 ], [ -3.0648420168, 53.521860984600004 ], [ -3.0648420217, 53.517369982600002 ], [ -3.0651860218, 53.513899979500003 ], [ -3.0593490471, 53.513286947799998 ], [ -3.0487060328, 53.5132869726 ], [ -3.0363460289, 53.513899965500002 ], [ -3.027077031, 53.514716057100003 ], [ -3.0215840274, 53.516349030199997 ], [ -3.0147170024, 53.517777989199999 ], [ -3.0092239843, 53.519410990600001 ], [ -3.0078509876, 53.521451994099998 ], [ -3.0099109821, 53.524921997900002 ], [ -3.0143739996, 53.5253299986 ], [ -3.021240038, 53.526963028499999 ], [ -3.0291370523, 53.526963030600001 ], [ -3.0305100496, 53.529004011200001 ], [ -3.0336000295, 53.531044984799998 ], [ -3.0373760506, 53.532268943200002 ], [ -3.0408100567, 53.536349926100002 ], [ -3.0442430287, 53.538389957 ], [ -3.0469890122, 53.5412469802 ], [ -3.0473330065, 53.544306991799999 ], [ -3.0456160017, 53.547774996900003 ], [ -3.0428699996, 53.551446000200002 ], [ -3.0380629979, 53.550630001 ], [ -3.0277631021, 53.5477749398 ], [ -3.0092239795, 53.544919012400001 ], [ -2.9838180076, 53.5449189924 ], [ -2.9800420089, 53.548182993300003 ], [ -2.9803850084, 53.551853992 ], [ -2.9869080099, 53.552261991 ], [ -2.9948040112, 53.553893991199999 ], [ -3.0047610149, 53.553893994799999 ], [ -3.0143740169, 53.554301990399999 ], [ -3.0270770793, 53.555728946400002 ], [ -3.0394360011, 53.555728995199999 ], [ -3.0414960033, 53.557972991500002 ], [ -3.0428700057, 53.5612359904 ], [ -3.0428700119, 53.565313988200003 ], [ -3.0394360156, 53.568575989300001 ], [ -3.0311970288, 53.570614990499998 ], [ -3.0239870258, 53.573060991200002 ], [ -3.0229570173, 53.578768995200001 ], [ -3.022957019, 53.581826996799997 ], [ -3.026390043, 53.584476000199999 ], [ -3.0336000219, 53.5852919951 ], [ -3.041840014, 53.588144991199997 ], [ -3.0459590092, 53.585902990100003 ], [ -3.0504230044, 53.579584993200001 ], [ -3.0538560011, 53.573672994299997 ], [ -3.0978010069, 53.573060987300003 ] ] ] } },
{ "type": "Feature", "properties": { "ODSCode": "N84007", "Name": "LIVERPOOL RD MEDICAL PRACTICE", "ICBCode": "QYG", "Region": "Y62", "stroke.opacity": "1.0", "stroke.width": "2.0", "fill.opacity": "0", "OBJECTID": 2504, "stroke": "#0000ff", "fill": "#555555" }, "geometry": { "type": "Polygon", "coordinates": [ [ [ -3.0555700678, 53.512139921699998 ], [ -3.0037700026, 53.439549993500002 ], [ -2.9520200019, 53.440269982499998 ], [ -2.9546400164, 53.4628599929 ], [ -2.9645899961, 53.483069991500003 ], [ -2.9570000026, 53.488159996100002 ], [ -2.9508600113, 53.499069998499998 ], [ -2.9721500179, 53.511329988 ], [ -3.0555700678, 53.512139921699998 ] ] ] } },
{ "type": "Feature", "properties": { "ODSCode": "N84008", "Name": "NORWOOD SURGERY", "ICBCode": "QYG", "Region": "Y62", "stroke.opacity": "1.0", "stroke.width": "2.0", "fill.opacity": "0", "OBJECTID": 5005, "stroke": "#0000ff", "fill": "#555555" }, "geometry": { "type": "Polygon", "coordinates": [ [ [ -2.9861800129, 53.650359997300001 ], [ -2.9842700137, 53.648189993899997 ], [ -2.987770014, 53.645579989300003 ], [ -2.9746800022, 53.642109984699999 ], [ -2.9710100075, 53.633629991299998 ], [ -2.9679800129, 53.631079990300002 ], [ -2.9570399965, 53.644029989099998 ], [ -2.9595920019, 53.647944987400003 ], [ -2.9604940022, 53.649025985500003 ], [ -2.9609870028, 53.650246984799999 ], [ -2.961458997, 53.653413979900002 ], [ -2.9624459946, 53.6533879785 ], [ -2.9626819932, 53.654290977700001 ], [ -2.9651179871, 53.654347974399997 ], [ -2.96582599, 53.6568979786 ], [ -2.9648069945, 53.658041982500002 ], [ -2.9645379966, 53.658556983499999 ], [ -2.9650749952, 53.659370982399999 ], [ -2.9654399935, 53.660267980100002 ], [ -2.9658789917, 53.662149976599999 ], [ -2.9635410009, 53.663674985100002 ], [ -2.9562880206, 53.670959998699999 ], [ -2.9587550182, 53.671976994300003 ], [ -2.9609230146, 53.6740999907 ], [ -2.9608800148, 53.675154991299998 ], [ -2.9617170151, 53.675986989899997 ], [ -2.9629400126, 53.67745499 ], [ -2.9653000107, 53.679259989899997 ], [ -2.9766079927, 53.683415978699998 ], [ -2.9990500108, 53.662949984 ], [ -2.998000017, 53.659419985699998 ], [ -2.9994900198, 53.658819985599997 ], [ -2.9861800129, 53.650359997300001 ] ] ] } },
{ "type": "Feature", "properties": { "ODSCode": "N84010", "Name": "MAGHULL FAMILY SURGERY", "ICBCode": "QYG", "Region": "Y62", "stroke.opacity": "1.0", "stroke.width": "2.0", "fill.opacity": "0", "OBJECTID": 348, "stroke": "#0000ff", "fill": "#555555" }, "geometry": { "type": "Polygon", "coordinates": [ [ [ -2.9614160102, 53.545356995900001 ], [ -2.9621030108, 53.506834992400002 ], [ -2.9563090068, 53.504051995899999 ], [ -2.9485420039, 53.501218997499997 ], [ -2.9457950071, 53.500708993300002 ], [ -2.9349928866, 53.499545019499998 ], [ -2.921322913, 53.498220291899997 ], [ -2.9193058486, 53.498304670300001 ], [ -2.9174400198, 53.498982832899998 ], [ -2.9130685323, 53.501092116800002 ], [ -2.9090565178, 53.503208350500003 ], [ -2.9075311289, 53.504938129300001 ], [ -2.9055400152, 53.507931988800003 ], [ -2.9048247633, 53.508848798499997 ], [ -2.9047570151, 53.509647987900003 ], [ -2.9047730445, 53.509737652200002 ], [ -2.904854015, 53.509756988100001 ], [ -2.9047759375, 53.509753836 ], [ -2.9047841903, 53.509826560599997 ], [ -2.9058541212, 53.510546138599999 ], [ -2.9066990142, 53.510955988200003 ], [ -2.9070877777, 53.511328486300002 ], [ -2.9090170112, 53.5126919892 ], [ -2.9105190106, 53.514107988699998 ], [ -2.9108091682, 53.5144319817 ], [ -2.9101165388, 53.513905274300001 ], [ -2.9130080059, 53.51678699 ], [ -2.916441005, 53.5188289918 ], [ -2.9299159955, 53.528778995 ], [ -2.9614160102, 53.545356995900001 ] ] ] } },
{ "type": "Feature", "properties": { "ODSCode": "N84011", "Name": "EASTVIEW SURGERY", "ICBCode": "QYG", "Region": "Y62", "stroke.opacity": "1.0", "stroke.width": "2.0", "fill.opacity": "0", "OBJECTID": 596, "stroke": "#0000ff", "fill": "#555555" }, "geometry": { "type": "Polygon", "coordinates": [ [ [ -3.0531251717, 53.511372266599999 ], [ -3.0591800527, 53.511429938299997 ], [ -3.0590532193, 53.510676375700001 ], [ -3.059220054, 53.510659934499998 ], [ -3.0588179824, 53.509278671200001 ], [ -3.0583200705, 53.506319914700001 ], [ -3.0581810913, 53.507090522299997 ], [ -3.0529300285, 53.489039972699999 ], [ -3.048710012, 53.4823300141 ], [ -3.0443550535, 53.479224777299997 ], [ -3.038580022, 53.474790077400002 ], [ -3.0374752555, 53.474317993600003 ], [ -3.0253600167, 53.467659998099997 ], [ -3.0094000092, 53.459159990499998 ], [ -3.0091227187, 53.459158432 ], [ -3.0089200092, 53.45904999 ], [ -2.9883699862, 53.459039991499999 ], [ -3.0003399997, 53.467899991 ], [ -3.0054931657, 53.470029141 ], [ -3.0036700115, 53.469479991100002 ], [ -3.0025100125, 53.4689999916 ], [ -3.0022700108, 53.468809991400001 ], [ -3.0011173181, 53.468906050699999 ], [ -3.0109945404, 53.472301680299999 ], [ -3.0130000126, 53.473129988700002 ], [ -3.0126200071, 53.482719996299998 ], [ -3.0063323204, 53.486713666500002 ], [ -2.997899992, 53.492369983800003 ], [ -2.9892199988, 53.497319988199997 ], [ -2.9974699983, 53.503519989099999 ], [ -3.0037906413, 53.505699245199999 ], [ -3.0107435909, 53.509247099500001 ], [ -3.0121399904, 53.51132998 ], [ -3.0155419761, 53.513351424100001 ], [ -3.0164500107, 53.514189985900003 ], [ -3.0169599937, 53.5141939162 ], [ -3.0172900145, 53.514389986099999 ], [ -3.0209229465, 53.5143358439 ], [ -3.0272829069, 53.516758002899998 ], [ -3.0286200313, 53.517760042500001 ], [ -3.0420866767, 53.513450432200003 ], [ -3.045027062, 53.512607757799998 ], [ -3.0531251717, 53.511372266599999 ] ] ] } },
{ "type": "Feature", "properties": { "ODSCode": "N84012", "Name": "AINSDALE MEDICAL CENTRE", "ICBCode": "QYG", "Region": "Y62", "stroke.opacity": "1.0", "stroke.width": "2.0", "fill.opacity": "0", "OBJECTID": 1886, "stroke": "#0000ff", "fill": "#555555" }, "geometry": { "type": "Polygon", "coordinates": [ [ [ -2.9651070014, 53.613279987799999 ], [ -2.9889680097, 53.607677989899997 ], [ -3.0231290265, 53.613381001699999 ], [ -3.0332570203, 53.6154180001 ], [ -3.0401230138, 53.607575991799997 ], [ -3.0584910053, 53.608899990600001 ], [ -3.0598640098, 53.599427987200002 ], [ -3.0440710098, 53.587608990200003 ], [ -3.0269050449, 53.584552001799999 ], [ -2.9651070014, 53.613279987799999 ] ] ] } },
{ "type": "Feature", "properties": { "ODSCode": "N84013", "Name": "CHRISTIANA HARTLEY MEDICAL PRACTICE", "ICBCode": "QYG", "Region": "Y62", "stroke.opacity": "1.0", "stroke.width": "2.0", "fill.opacity": "0", "OBJECTID": 3998, "stroke": "#0000ff", "fill": "#555555" }, "geometry": { "type": "Polygon", "coordinates": [ [ [ -2.9826199913, 53.675559975500001 ], [ -2.9825954808, 53.675544551900003 ], [ -2.9825735287, 53.6755278256 ], [ -2.9825543305, 53.6755099441 ], [ -2.9825380566, 53.675491067899998 ], [ -2.9825248516, 53.675471364700002 ], [ -2.9825148333, 53.675451010700002 ], [ -2.982508092, 53.675430186699998 ], [ -2.9825046866, 53.675409077399998 ], [ -2.9825046486, 53.675387872100004 ], [ -2.9825079766, 53.675366758800003 ], [ -2.9825146429, 53.675345925499997 ], [ -2.9825245869, 53.675325558799997 ], [ -2.9825377204, 53.675305839099998 ], [ -2.9825539263, 53.675286941899998 ], [ -2.9825730589, 53.675269036300001 ], [ -2.9825949506, 53.675252282 ], [ -3.0219300284, 53.647889988199999 ], [ -3.0411456018, 53.628154516099997 ], [ -3.0411547708, 53.628145580800002 ], [ -3.0466500155, 53.623059984599998 ], [ -3.018489994, 53.611039995900001 ], [ -3.0182977359, 53.611383552299998 ], [ -3.018282324, 53.611406719599998 ], [ -3.0182626928, 53.611428729 ], [ -3.0182390851, 53.611449310799998 ], [ -3.0182117911, 53.6114682125 ], [ -3.0181811453, 53.611485201199997 ], [ -3.0181475251, 53.6115000669 ], [ -3.0181113448, 53.611512629099998 ], [ -3.018073048, 53.611522731100003 ], [ -3.0124900832, 53.6127800103 ], [ -3.0080320649, 53.618564414200002 ], [ -3.0080042009, 53.618594321400003 ], [ -3.0013551481, 53.624600571199998 ], [ -3.0013164719, 53.624629885099999 ], [ -3.0012701787, 53.624654996899999 ], [ -3.0012175418, 53.624675216299998 ], [ -3.00116001, 53.624689987300002 ], [ -2.9893318858, 53.6301022102 ], [ -2.9892870305, 53.630119859099999 ], [ -2.9892384139, 53.630133544700001 ], [ -2.9891870231, 53.630142989900001 ], [ -2.9891338954, 53.6301480037 ], [ -2.9890801097, 53.630148483799999 ], [ -2.9890267546, 53.630144421 ], [ -2.9889749086, 53.630135897300001 ], [ -2.9889256237, 53.630123085599998 ], [ -2.9757500078, 53.6260099908 ], [ -2.9673400098, 53.631409989200002 ], [ -2.9578999938, 53.641479987300002 ], [ -2.9510300233, 53.651759997100001 ], [ -2.951075255, 53.651779089 ], [ -2.9511152979, 53.651801907299998 ], [ -2.9511492906, 53.651827960799999 ], [ -2.9511765019, 53.6518566875 ], [ -2.9511963443, 53.651887470699997 ], [ -2.951208393, 53.6519196478 ], [ -2.9512123858, 53.651952526199999 ], [ -2.9512082401, 53.651985397300002 ], [ -2.9473063561, 53.667504750200003 ], [ -2.947297657, 53.667529619699998 ], [ -2.9472842856, 53.667553747699998 ], [ -2.9457693191, 53.669842668199998 ], [ -2.9457543115, 53.6698624721 ], [ -2.9457361553, 53.669881323699997 ], [ -2.9457150178, 53.669899045699999 ], [ -2.945691098, 53.669915473700001 ], [ -2.9456646211, 53.669930453200003 ], [ -2.9456358306, 53.669943844700001 ], [ -2.9456049977, 53.669955523900001 ], [ -2.9455724105, 53.669965380599997 ], [ -2.9455383729, 53.669973322499999 ], [ -2.9455032039, 53.669979277 ], [ -2.9454672308, 53.669983186800003 ], [ -2.9454307889, 53.669985015800002 ], [ -2.9453942213, 53.669984747 ], [ -2.9453578672, 53.669982384 ], [ -2.9453220676, 53.669977947500001 ], [ -2.9452871564, 53.669971478900003 ], [ -2.9445900059, 53.669819991499999 ], [ -2.9450986198, 53.670766960400002 ], [ -2.9451127415, 53.670803599700001 ], [ -2.9451163814, 53.670841125199999 ], [ -2.9451094356, 53.670878485300001 ], [ -2.9450920987, 53.670914634699997 ], [ -2.9437400062, 53.673039990299998 ], [ -2.9446594575, 53.673935597700002 ], [ -2.9446782343, 53.673956239799999 ], [ -2.9446932834, 53.673977932299998 ], [ -2.9447044422, 53.6740004384 ], [ -2.9447115871, 53.674023512700003 ], [ -2.9447146398, 53.674046903300002 ], [ -2.9447135703, 53.674070355200001 ], [ -2.9447083867, 53.674093613 ], [ -2.9446991482, 53.674116423699999 ], [ -2.9446859538, 53.674138537499999 ], [ -2.9446689479, 53.674159714200002 ], [ -2.9446483161, 53.674179722200002 ], [ -2.9446242821, 53.674198344099999 ], [ -2.9445971108, 53.674215376399999 ], [ -2.9445670948, 53.674230633400001 ], [ -2.9445345633, 53.674243949 ], [ -2.9444998719, 53.674255177399999 ], [ -2.9437800064, 53.674459988199999 ], [ -2.9475300091, 53.6759199846 ], [ -2.9475695734, 53.675917634100003 ], [ -2.9476093342, 53.675917761100003 ], [ -2.9476488523, 53.675920365400003 ], [ -2.9476876941, 53.675925416200002 ], [ -2.947725427, 53.675932859500001 ], [ -2.9477616373, 53.675942612199997 ], [ -2.9477959246, 53.675954567 ], [ -2.9478279088, 53.675968592099998 ], [ -2.9480679331, 53.6760858918 ], [ -2.9481154961, 53.676113655400002 ], [ -2.9481541095, 53.676145946200002 ], [ -2.9481825761, 53.676181759800002 ], [ -2.9482000109, 53.676219985099998 ], [ -2.9522300201, 53.679779990199997 ], [ -2.9542100267, 53.681199998499999 ], [ -2.9599600196, 53.682979996599997 ], [ -2.9670000096, 53.68297999 ], [ -2.9716299969, 53.682019982600004 ], [ -2.9757499915, 53.680289979 ], [ -2.9795299896, 53.678559975699997 ], [ -2.9823599906, 53.6763699746 ], [ -2.9826199913, 53.675559975500001 ] ] ] } },
{ "type": "Feature", "properties": { "ODSCode": "N84014", "Name": "AINSDALE VILLAGE SURGERY", "ICBCode": "QYG", "Region": "Y62", "stroke.opacity": "1.0", "stroke.width": "2.0", "fill.opacity": "0", "OBJECTID": 416, "stroke": "#0000ff", "fill": "#555555" }, "geometry": { "type": "Polygon", "coordinates": [ [ [ -3.0384638763, 53.582914822600003 ], [ -3.0144974689, 53.611352804900001 ], [ -3.0076419183, 53.608533952400002 ], [ -3.0040945885, 53.6115846119 ], [ -3.0023270486, 53.613358708600003 ], [ -3.0081296098, 53.617100943600001 ], [ -3.0081850772, 53.6170430369 ], [ -3.0082389925, 53.6171714794 ], [ -3.0081296098, 53.617100943600001 ], [ -3.0069074204, 53.618376830199999 ], [ -3.0059551997, 53.618899141199996 ], [ -3.0063191135, 53.619766156499999 ], [ -3.0088967208, 53.620770516100002 ], [ -3.0104882194, 53.620815831 ], [ -3.0127790094, 53.620881018799999 ], [ -3.0151133342, 53.620438538599998 ], [ -3.0157232545, 53.620578837899998 ], [ -3.0171160926, 53.620824148399997 ], [ -3.0177066986, 53.62134185 ], [ -3.0197009075, 53.621137102100001 ], [ -3.0201416071, 53.6205496631 ], [ -3.0266838296, 53.619475687200001 ], [ -3.0307109609, 53.615268860500002 ], [ -3.0500800155, 53.619719986 ], [ -3.0548900089, 53.613299989300003 ], [ -3.0572337635, 53.605730765600001 ], [ -3.0585660663, 53.601426849699997 ], [ -3.0590836408, 53.597013437400001 ], [ -3.0573104372, 53.592220977099998 ], [ -3.0495507615, 53.5874716569 ], [ -3.0384638763, 53.582914822600003 ] ] ] } },
{ "type": "Feature", "properties": { "ODSCode": "N84015", "Name": "BOOTLE VILLAGE SURGERY", "ICBCode": "QYG", "Region": "Y62", "stroke.opacity": "1.0", "stroke.width": "2.0", "fill.opacity": "0", "OBJECTID": 5847, "stroke": "#0000ff", "fill": "#555555" }, "geometry": { "type": "Polygon", "coordinates": [ [ [ -2.9975499723, 53.435720004499998 ], [ -2.9815899879, 53.425999991799998 ], [ -2.9633900008, 53.4382799877 ], [ -2.9671700069, 53.450029995400001 ], [ -2.9539500094, 53.477519993199998 ], [ -2.9702600128, 53.504689991100001 ], [ -3.0198700242, 53.51612001 ], [ -3.0518000398, 53.499789955 ], [ -3.0160900166, 53.4637300005 ], [ -2.9975499723, 53.435720004499998 ] ] ] } },
{ "type": "Feature", "properties": { "ODSCode": "N84016", "Name": "MOORE STREET MEDICAL CENTRE", "ICBCode": "QYG", "Region": "Y62", "stroke.opacity": "1.0", "stroke.width": "2.0", "fill.opacity": "0", "OBJECTID": 1611, "stroke": "#0000ff", "fill": "#555555" }, "geometry": { "type": "Polygon", "coordinates": [ [ [ -3.0126400063, 53.458269990799998 ], [ -3.0117300079, 53.456920007100003 ], [ -3.0072300074, 53.451249996400001 ], [ -3.0049100066, 53.448179992900002 ], [ -2.9989899913, 53.4490899997 ], [ -2.9989199914, 53.449239998800003 ], [ -2.9969299718, 53.448460006300003 ], [ -2.9841800004, 53.448719998800001 ], [ -2.9807099927, 53.447660004 ], [ -2.9766299912, 53.447500003400002 ], [ -2.9747200139, 53.456190021799998 ], [ -2.9759199937, 53.462399992199998 ], [ -2.9808799962, 53.461349992400002 ], [ -2.9869699924, 53.466539987200001 ], [ -2.988469984, 53.4681599866 ], [ -2.9895699785, 53.469079986399997 ], [ -2.9910699699, 53.469479986300001 ], [ -3.0037500086, 53.464139993099998 ], [ -3.0068000097, 53.4620799924 ], [ -3.0095000089, 53.460409991900001 ], [ -3.0101700079, 53.459309989899999 ], [ -3.0126400063, 53.458269990799998 ] ] ] } },
{ "type": "Feature", "properties": { "ODSCode": "N84017", "Name": "CHURCHTOWN MEDICAL CENTRE", "ICBCode": "QYG", "Region": "Y62", "stroke.opacity": "1.0", "stroke.width": "2.0", "fill.opacity": "0", "OBJECTID": 3611, "stroke": "#0000ff", "fill": "#555555" }, "geometry": { "type": "Polygon", "coordinates": [ [ [ -2.9700899998, 53.683289984699996 ], [ -3.0057900371, 53.653589995099999 ], [ -2.9952300187, 53.650999992499997 ], [ -2.9815900096, 53.645959988 ], [ -2.9666500031, 53.635479985499998 ], [ -2.9295700022, 53.674749992099997 ], [ -2.9700899998, 53.683289984699996 ] ] ] } },
{ "type": "Feature", "properties": { "ODSCode": "N84018", "Name": "THE VILLAGE SURGERY FORMBY", "ICBCode": "QYG", "Region": "Y62", "stroke.opacity": "1.0", "stroke.width": "2.0", "fill.opacity": "0", "OBJECTID": 5584, "stroke": "#0000ff", "fill": "#555555" }, "geometry": { "type": "Polygon", "coordinates": [ [ [ -3.0722200056, 53.5683499887 ], [ -3.0835100156, 53.567479991299997 ], [ -3.0940500121, 53.569169987800002 ], [ -3.1001200106, 53.568959984899998 ], [ -3.102820009, 53.564219982499999 ], [ -3.1045000088, 53.559279984699998 ], [ -3.1047900125, 53.553919993900003 ], [ -3.1037000135, 53.5487599979 ], [ -3.1013600151, 53.543950000199999 ], [ -3.0881000173, 53.535159993 ], [ -3.0851800173, 53.534149992 ], [ -3.0824200153, 53.532539991900002 ], [ -3.077680002, 53.528639996499997 ], [ -3.0745799905, 53.526579997900001 ], [ -3.0661600124, 53.524889986799998 ], [ -3.0647800137, 53.523909985700001 ], [ -3.0656900138, 53.523109986800002 ], [ -3.0654000147, 53.522209985800004 ], [ -3.0630400267, 53.517779976900002 ], [ -3.061070036, 53.515689965500002 ], [ -3.0579300485, 53.514859949 ], [ -3.0476800389, 53.514619967500003 ], [ -3.0383600591, 53.517039932800003 ], [ -3.0272600401, 53.51982006 ], [ -3.0231100348, 53.518250050799999 ], [ -3.0155300069, 53.5205399934 ], [ -3.0140299953, 53.527119999600004 ], [ -3.0316300435, 53.527250000499997 ], [ -3.0523100035, 53.530439989599998 ], [ -3.0427, 53.550660001099999 ], [ -3.0261301188, 53.548239930299999 ], [ -3.002190008, 53.545409986300001 ], [ -2.9924900069, 53.544589985599998 ], [ -2.9841600085, 53.546219993100003 ], [ -2.9877200129, 53.55063999 ], [ -3.0125700084, 53.552410000899997 ], [ -3.0214300517, 53.553109961200001 ], [ -3.03115004, 53.554329969800001 ], [ -3.0414500019, 53.556369995 ], [ -3.0416300087, 53.562539989299999 ], [ -3.045700011, 53.568249989100003 ], [ -3.0364300148, 53.572119988 ], [ -3.0304200292, 53.574519990600002 ], [ -3.0262200348, 53.576559995300002 ], [ -3.0257900347, 53.580019998 ], [ -3.0256200346, 53.579919997700003 ], [ -3.0257900341, 53.580069998200003 ], [ -3.0283600402, 53.581909998299999 ], [ -3.0353200146, 53.5835899944 ], [ -3.04364001, 53.583489991 ], [ -3.0476500064, 53.5801299914 ], [ -3.049350004, 53.576519993300003 ], [ -3.0484500061, 53.573689991499997 ], [ -3.0518000042, 53.5727099936 ], [ -3.0645000001, 53.572479991800002 ], [ -3.0717500024, 53.5710299896 ], [ -3.0720900037, 53.570059988700002 ], [ -3.0722200056, 53.5683499887 ] ] ] } },
{ "type": "Feature", "properties": { "ODSCode": "N84019", "Name": "NORTH PARK HEALTH CENTRE", "ICBCode": "QYG", "Region": "Y62", "stroke.opacity": "1.0", "stroke.width": "2.0", "fill.opacity": "0", "OBJECTID": 3126, "stroke": "#0000ff", "fill": "#555555" }, "geometry": { "type": "Polygon", "coordinates": [ [ [ -2.990169963, 53.4400140057 ], [ -2.9807279865, 53.422627992400002 ], [ -2.9436490135, 53.494581995499999 ], [ -3.0203820171, 53.470269995300001 ], [ -2.990169963, 53.4400140057 ] ] ] } },
{ "type": "Feature", "properties": { "ODSCode": "N84020", "Name": "BLUNDELLSANDS SURGERY", "ICBCode": "QYG", "Region": "Y62", "stroke.opacity": "1.0", "stroke.width": "2.0", "fill.opacity": "0", "OBJECTID": 4436, "stroke": "#0000ff", "fill": "#555555" }, "geometry": { "type": "Polygon", "coordinates": [ [ [ -3.0584900728, 53.498179910399998 ], [ -3.0587400662, 53.49666992 ], [ -3.0563300644, 53.493089928800003 ], [ -3.0523600207, 53.487869981599999 ], [ -3.0444400171, 53.480040048799999 ], [ -3.0321380086, 53.471956006500001 ], [ -3.0321840098, 53.472173006799999 ], [ -3.0246700142, 53.475379005599997 ], [ -3.0182340104, 53.477830992100003 ], [ -3.0167770111, 53.478443991900001 ], [ -3.0150600096, 53.479720993400001 ], [ -3.0057910123, 53.485849994399999 ], [ -3.0058330117, 53.485925994699997 ], [ -3.0076360041, 53.486857994300003 ], [ -3.0092879978, 53.487636995 ], [ -3.0082360003, 53.488249994 ], [ -3.0104249915, 53.490470993300001 ], [ -3.0117979913, 53.492283991699999 ], [ -3.0131689932, 53.494300992200003 ], [ -3.0141149959, 53.4950669909 ], [ -3.0144589964, 53.496010991 ], [ -3.0162599998, 53.496266991500001 ], [ -3.016774002, 53.496189990799998 ], [ -3.0180190045, 53.496904990700003 ], [ -3.0203770114, 53.498462009100002 ], [ -3.0243620212, 53.5015770463 ], [ -3.0263780232, 53.504027049100003 ], [ -3.0289540199, 53.505865032199999 ], [ -3.0294700201, 53.506860028200002 ], [ -3.02969002, 53.5069880267 ], [ -3.0308930198, 53.508723017800001 ], [ -3.0332120143, 53.510075996799998 ], [ -3.0356580206, 53.508620984799997 ], [ -3.0390040424, 53.506987985899997 ], [ -3.040807046, 53.505659993 ], [ -3.0475500321, 53.502249982199999 ], [ -3.0584900728, 53.498179910399998 ] ] ] } },
{ "type": "Feature", "properties": { "ODSCode": "N84021", "Name": "ST MARKS MEDICAL CENTRE (TCG MEDICAL)", "ICBCode": "QYG", "Region": "Y62", "stroke.opacity": "1.0", "stroke.width": "2.0", "fill.opacity": "0", "OBJECTID": 4156, "stroke": "#0000ff", "fill": "#555555" }, "geometry": { "type": "Polygon", "coordinates": [ [ [ -2.9824399909, 53.676579974799999 ], [ -2.9926600033, 53.666829987100002 ], [ -3.0030400216, 53.660259986299998 ], [ -3.0088600422, 53.656869996399998 ], [ -3.0144200531, 53.653449999700001 ], [ -3.0201900168, 53.649529986300003 ], [ -3.0228200341, 53.647619990199999 ], [ -3.0252700521, 53.645549992900001 ], [ -3.027250067, 53.642779998499996 ], [ -3.0283600737, 53.6396000003 ], [ -3.0271800646, 53.639369998200003 ], [ -3.025750055, 53.638819997100001 ], [ -3.017720003, 53.635379988499999 ], [ -3.0137100641, 53.633950004 ], [ -3.0126900683, 53.634100005100002 ], [ -3.0112800592, 53.634180002100003 ], [ -3.008540046, 53.630390000600002 ], [ -3.0059900325, 53.627249997299998 ], [ -3.0046200269, 53.625729994499999 ], [ -3.0022300151, 53.624309989300002 ], [ -2.9953400064, 53.6278299863 ], [ -2.988030002, 53.630289990599998 ], [ -2.9791500041, 53.632279992 ], [ -2.9746200067, 53.633089992 ], [ -2.9702700091, 53.633189991 ], [ -2.9704800054, 53.635439988 ], [ -2.971560005, 53.636909987 ], [ -2.9733700028, 53.639869986299999 ], [ -2.9581999952, 53.642979988299999 ], [ -2.94861002, 53.653679995499999 ], [ -2.9445500149, 53.655139994300001 ], [ -2.9423400118, 53.656429993300002 ], [ -2.9403900074, 53.658269993300003 ], [ -2.9420200044, 53.663409992399998 ], [ -2.9436900061, 53.665369993500001 ], [ -2.9470800077, 53.667319994 ], [ -2.9436500055, 53.674339988100002 ], [ -2.9477700087, 53.675559984400003 ], [ -2.9523200163, 53.6751299891 ], [ -2.9656199913, 53.662289978 ], [ -2.9759199934, 53.672639976 ], [ -2.9824399909, 53.676579974799999 ] ] ] } },
{ "type": "Feature", "properties": { "ODSCode": "N84023", "Name": "BRIDGE ROAD MEDICAL CENTRE", "ICBCode": "QYG", "Region": "Y62", "stroke.opacity": "1.0", "stroke.width": "2.0", "fill.opacity": "0", "OBJECTID": 4477, "stroke": "#0000ff", "fill": "#555555" }, "geometry": { "type": "Polygon", "coordinates": [ [ [ -3.0175900191, 53.464240003500002 ], [ -3.0128300065, 53.4580299936 ], [ -3.0054900131, 53.455300017699997 ], [ -3.004460013, 53.455580018699997 ], [ -3.0033400145, 53.455780018600002 ], [ -3.0015400137, 53.455250015399997 ], [ -2.9998700004, 53.454910015700001 ], [ -2.9973399771, 53.454250015699998 ], [ -2.9954899599, 53.453840016100003 ], [ -2.9940299465, 53.453790018100001 ], [ -2.990859967, 53.4544300182 ], [ -2.9862600052, 53.455730019900003 ], [ -2.9840300155, 53.456170018500003 ], [ -2.9762200104, 53.456120021399997 ], [ -2.9754900114, 53.4559400212 ], [ -2.9747600135, 53.456140022200003 ], [ -2.9749300127, 53.456630016 ], [ -2.9751500062, 53.459079992600003 ], [ -2.9759199974, 53.461379991900003 ], [ -2.9757899939, 53.462429991599997 ], [ -2.9743799956, 53.462709991200001 ], [ -2.9705099963, 53.4657199882 ], [ -2.9649400077, 53.4693199871 ], [ -2.9557900149, 53.473209991499999 ], [ -2.9558400165, 53.474359990899998 ], [ -2.9551500117, 53.476449992900001 ], [ -2.9541600062, 53.478799994200003 ], [ -2.9530899984, 53.481609996899998 ], [ -2.9513299968, 53.484620000100001 ], [ -2.9524499967, 53.4849299993 ], [ -2.9550599982, 53.485339997 ], [ -2.9576399994, 53.486129996700001 ], [ -2.9593999993, 53.486969995099997 ], [ -2.9607700016, 53.488449995300002 ], [ -2.9619300006, 53.489549996199997 ], [ -2.9637799987, 53.490319996099998 ], [ -2.9654500034, 53.490929996699997 ], [ -2.9673800143, 53.491519995799997 ], [ -2.967470015, 53.491209995699997 ], [ -2.9694400184, 53.4919999946 ], [ -2.9732600158, 53.492439991200001 ], [ -2.9756600155, 53.492769988699997 ], [ -2.9778100143, 53.492049987199998 ], [ -2.978630013, 53.491009987600002 ], [ -2.9803000106, 53.4883799873 ], [ -2.9818900099, 53.487249987 ], [ -2.9827500099, 53.486459987099998 ], [ -2.9844600112, 53.485979987500002 ], [ -2.9861400076, 53.485749986599998 ], [ -2.9887999978, 53.485699984699998 ], [ -2.9910699911, 53.485979982800004 ], [ -2.9934699829, 53.4859799814 ], [ -2.992869984, 53.486559981799999 ], [ -2.9917099882, 53.487429981699997 ], [ -2.9895299924, 53.489249982600001 ], [ -2.9908099874, 53.490339982099997 ], [ -2.9973399899, 53.490319984199999 ], [ -3.0017100177, 53.488759990600002 ], [ -3.0145900086, 53.479819993500001 ], [ -3.0149300083, 53.479899994 ], [ -3.0170300085, 53.481019993799997 ], [ -3.0179400089, 53.481279993299999 ], [ -3.0236400157, 53.481510012299999 ], [ -3.0246300156, 53.481810017 ], [ -3.0275900121, 53.482560014699999 ], [ -3.0300800101, 53.484290011799999 ], [ -3.031670009, 53.485310007800003 ], [ -3.0334300071, 53.484370005099997 ], [ -3.0356200076, 53.483350017600003 ], [ -3.0366000093, 53.483830031899998 ], [ -3.0368200112, 53.483680035699997 ], [ -3.0364800096, 53.483240031100003 ], [ -3.0376800138, 53.482860050600003 ], [ -3.0382300153, 53.482580059299998 ], [ -3.0391800184, 53.482500073700002 ], [ -3.0418000186, 53.482480067700003 ], [ -3.0431300169, 53.482220057600003 ], [ -3.0442900161, 53.481760048399998 ], [ -3.0451400166, 53.481070041700001 ], [ -3.0409000209, 53.478930078399998 ], [ -3.0376300169, 53.476120058299998 ], [ -3.0346300059, 53.474430011199999 ], [ -3.0256200168, 53.4684099989 ], [ -3.0175900191, 53.464240003500002 ] ] ] } },
{ "type": "Feature", "properties": { "ODSCode": "N84024", "Name": "GRANGE SURGERY", "ICBCode": "QYG", "Region": "Y62", "stroke.opacity": "1.0", "stroke.width": "2.0", "fill.opacity": "0", "OBJECTID": 626, "stroke": "#0000ff", "fill": "#555555" }, "geometry": { "type": "Polygon", "coordinates": [ [ [ -3.015468037, 53.611540002600002 ], [ -3.0087520577, 53.617077000400002 ], [ -3.0010490114, 53.625056987299999 ], [ -2.9993750064, 53.631775988599998 ], [ -3.0023790111, 53.6341039908 ], [ -3.0143090489, 53.642881993700001 ], [ -3.0129580559, 53.644204995199999 ], [ -3.0147170414, 53.6455279921 ], [ -3.0351020131, 53.632628987399997 ], [ -3.0348010131, 53.632628987499999 ], [ -3.0366040113, 53.631508986299998 ], [ -3.0267120453, 53.623556005899999 ], [ -3.0288580503, 53.620310007299999 ], [ -3.025961044, 53.620104007 ], [ -3.029759046, 53.616491007699999 ], [ -3.0247810345, 53.612800004100002 ], [ -3.015468037, 53.611540002600002 ] ] ] } },
{ "type": "Feature", "properties": { "ODSCode": "N84025", "Name": "WESTWAY MEDICAL CENTRE", "ICBCode": "QYG", "Region": "Y62", "stroke.opacity": "1.0", "stroke.width": "2.0", "fill.opacity": "0", "OBJECTID": 4925, "stroke": "#0000ff", "fill": "#555555" }, "geometry": { "type": "Polygon", "coordinates": [ [ [ -3.0014990147, 53.505404988 ], [ -2.9795270133, 53.497236988899999 ], [ -2.9692270116, 53.497849993099997 ], [ -2.953777015, 53.493764995900001 ], [ -2.9469110134, 53.495194996499997 ], [ -2.9252820084, 53.5019339949 ], [ -2.9077720123, 53.513571989100001 ], [ -2.8978160185, 53.516633992499997 ], [ -2.8988460111, 53.520920991 ], [ -2.924166004, 53.526227992800003 ], [ -2.9360100003, 53.538266996300003 ], [ -2.9566100157, 53.546631994800002 ], [ -2.9787540062, 53.542653993899997 ], [ -3.0014990147, 53.505404988 ] ] ] } },
{ "type": "Feature", "properties": { "ODSCode": "N84027", "Name": "ORRELL PARK MEDICAL CENTRE", "ICBCode": "QYG", "Region": "Y62", "stroke.opacity": "1.0", "stroke.width": "2.0", "fill.opacity": "0", "OBJECTID": 6196, "stroke": "#0000ff", "fill": "#555555" }, "geometry": { "type": "Polygon", "coordinates": [ [ [ -2.9509347922, 53.484355182100003 ], [ -2.9520364918, 53.4854881109 ], [ -2.9548332157, 53.4862204553 ], [ -2.9577058199, 53.486785503299998 ], [ -2.9608450924, 53.486427079199999 ], [ -2.9642723178, 53.487768691600003 ], [ -2.9675000162, 53.487399992500002 ], [ -2.9701500186, 53.487529992 ], [ -2.9728700143, 53.488439991100002 ], [ -2.975920014, 53.489669988899998 ], [ -2.982690011, 53.490239986100001 ], [ -2.9881599972, 53.490139984199999 ], [ -2.9911399882, 53.488409981799997 ], [ -2.9958799904, 53.483359983699998 ], [ -2.9966099943, 53.481429986099997 ], [ -2.9961099833, 53.477279987199999 ], [ -2.9962099838, 53.4764699873 ], [ -2.9979199902, 53.473119989700002 ], [ -3.0004700069, 53.4708299913 ], [ -2.9960399655, 53.468569986200002 ], [ -2.992729954, 53.4657999852 ], [ -2.9860300031, 53.4600099922 ], [ -2.9925699554, 53.4587699908 ], [ -2.9912099656, 53.454540018 ], [ -2.9845400174, 53.456110019800001 ], [ -2.9709200221, 53.456210022800001 ], [ -2.9675900266, 53.456910016 ], [ -2.9679800174, 53.453280010699999 ], [ -2.9584700151, 53.452070005300001 ], [ -2.9555000183, 53.452890009599997 ], [ -2.954370028, 53.456170023799999 ], [ -2.9535900192, 53.459039989399997 ], [ -2.9505800186, 53.460899991399998 ], [ -2.9518500183, 53.462519993199997 ], [ -2.9368700155, 53.469019987899998 ], [ -2.9301431264, 53.476005388399997 ], [ -2.9285953477, 53.477651255399998 ], [ -2.929356627, 53.47771537 ], [ -2.9289905584, 53.478044062599999 ], [ -2.9336478826, 53.477513338400001 ], [ -2.9343750504, 53.479783746 ], [ -2.9376185642, 53.480831661 ], [ -2.9391583482, 53.4810274449 ], [ -2.9435331939, 53.482164913200002 ], [ -2.9469964388, 53.482846561499997 ], [ -2.9483630688, 53.4840284665 ], [ -2.9509347922, 53.484355182100003 ] ] ] } },
{ "type": "Feature", "properties": { "ODSCode": "N84028", "Name": "THE STRAND MEDICAL CENTRE", "ICBCode": "QYG", "Region": "Y62", "stroke.opacity": "1.0", "stroke.width": "2.0", "fill.opacity": "0", "OBJECTID": 2561, "stroke": "#0000ff", "fill": "#555555" }, "geometry": { "type": "Polygon", "coordinates": [ [ [ -2.9881809742, 53.4383290006 ], [ -2.9809649897, 53.439621993899998 ], [ -2.9769109875, 53.443699997899998 ], [ -2.9764599896, 53.444863 ], [ -2.97693199, 53.446319004 ], [ -2.9768459905, 53.447508003499998 ], [ -2.9733289948, 53.447240001700003 ], [ -2.9737149973, 53.449628997 ], [ -2.9729639983, 53.4497189975 ], [ -2.9724280007, 53.450842998200002 ], [ -2.9715910058, 53.4521470042 ], [ -2.9716990098, 53.453182009499997 ], [ -2.9716990206, 53.456108023100001 ], [ -2.9733720063, 53.459991992500001 ], [ -2.973928997, 53.462609990700003 ], [ -2.9697039989, 53.4656249883 ], [ -2.9718059955, 53.466902987 ], [ -2.974701992, 53.468805989700002 ], [ -2.9756239914, 53.4697129889 ], [ -2.9767389899, 53.470963990199998 ], [ -2.9804279922, 53.476200993399999 ], [ -2.9822729966, 53.475574994699997 ], [ -2.9916029693, 53.471896987900003 ], [ -2.9956139668, 53.4708109862 ], [ -2.9988959908, 53.4694059889 ], [ -3.0053720093, 53.467068990599998 ], [ -3.0097910128, 53.4655739946 ], [ -3.0174050201, 53.464386004799998 ], [ -3.0160320145, 53.463044998699999 ], [ -3.0080110094, 53.457717000199999 ], [ -3.0048360124, 53.453437008 ], [ -3.0038280117, 53.451749998899999 ], [ -3.0068740071, 53.451085995100001 ], [ -3.0009229995, 53.442323995499997 ], [ -2.9938869429, 53.443876015599997 ], [ -2.9927929466, 53.442240012299997 ], [ -2.9905299588, 53.440234006600001 ], [ -2.9881809742, 53.4383290006 ] ] ] } },
{ "type": "Feature", "properties": { "ODSCode": "N84029", "Name": "FORD MEDICAL PRACTICE", "ICBCode": "QYG", "Region": "Y62", "stroke.opacity": "1.0", "stroke.width": "2.0", "fill.opacity": "0", "OBJECTID": 6233, "stroke": "#0000ff", "fill": "#555555" }, "geometry": { "type": "Polygon", "coordinates": [ [ [ -3.0013617203, 53.504872914700002 ], [ -3.0061127591, 53.499886717899997 ], [ -3.0034032625, 53.498877034899998 ], [ -3.0012217278, 53.497640780600001 ], [ -2.999224614, 53.496365468400001 ], [ -2.9982642621, 53.495721333 ], [ -2.9971016964, 53.495108117800001 ], [ -3.0112800101, 53.478439992699997 ], [ -3.0121400135, 53.473129989 ], [ -3.008370012, 53.468739989699998 ], [ -3.0068600098, 53.467129991 ], [ -3.0039900091, 53.467149991200003 ], [ -3.000300003, 53.4692499907 ], [ -2.9984099873, 53.469659988799997 ], [ -2.9954899601, 53.468429985199997 ], [ -2.9930699545, 53.466509984299996 ], [ -2.9902999701, 53.464189988100003 ], [ -2.9875099871, 53.465819987899998 ], [ -2.9859600004, 53.466949987200003 ], [ -2.9827899961, 53.470069991099997 ], [ -2.9808999895, 53.472209992 ], [ -2.9784999863, 53.472819991400002 ], [ -2.9793499862, 53.474659993 ], [ -2.9796999896, 53.475989993699997 ], [ -2.9762599996, 53.477629992099999 ], [ -2.9700900148, 53.480079989099998 ], [ -2.9613299965, 53.484879994899998 ], [ -2.9584100036, 53.488149996200001 ], [ -2.9570863819, 53.489114467699999 ], [ -2.9558689546, 53.490312090700002 ], [ -2.9546841865, 53.4917047697 ], [ -2.9558400123, 53.493049996 ], [ -2.9594400056, 53.494479996 ], [ -2.9659591533, 53.4970694322 ], [ -2.9680135524, 53.497431013899998 ], [ -2.9701686305, 53.497504347099998 ], [ -2.9731699817, 53.496997124899998 ], [ -2.9801268509, 53.497564955199998 ], [ -2.9842484171, 53.499299868199998 ], [ -2.9877014559, 53.5009464866 ], [ -2.99145872, 53.502840256399999 ], [ -2.9938053552, 53.503959188899998 ], [ -2.9965726429, 53.504709982400001 ], [ -3.0013617203, 53.504872914700002 ] ] ] } },
{ "type": "Feature", "properties": { "ODSCode": "N84034", "Name": "PARK STREET SURGERY", "ICBCode": "QYG", "Region": "Y62", "stroke.opacity": "1.0", "stroke.width": "2.0", "fill.opacity": "0", "OBJECTID": 4716, "stroke": "#0000ff", "fill": "#555555" }, "geometry": { "type": "Polygon", "coordinates": [ [ [ -2.9795119656, 53.479619170699998 ], [ -2.9807300085, 53.483959989900001 ], [ -2.9822955434, 53.485942693299997 ], [ -2.9818100103, 53.486139988399998 ], [ -2.9817000108, 53.486439988199997 ], [ -2.9822800099, 53.4866499878 ], [ -2.9831850859, 53.487069180200002 ], [ -2.9834700108, 53.487429987100001 ], [ -2.9875899979, 53.490089983499999 ], [ -2.9884677179, 53.490425771300004 ], [ -2.9905499859, 53.491539981800003 ], [ -2.9927899807, 53.492469981299998 ], [ -2.9932699766, 53.492069980300002 ], [ -2.992712083, 53.491659680700003 ], [ -2.9999500152, 53.485389990599998 ], [ -3.0071600153, 53.478439993899997 ], [ -3.0092200138, 53.4759899907 ], [ -3.0164300145, 53.4714999913 ], [ -3.0236400165, 53.469249998800002 ], [ -3.0205500177, 53.463530006100001 ], [ -3.0102500076, 53.453920010799997 ], [ -3.0027000036, 53.444509994400001 ], [ -2.9999499928, 53.442539998400001 ], [ -2.9996099893, 53.442059998700003 ], [ -2.9931299469, 53.443750014400003 ], [ -2.9835199982, 53.441929993199999 ], [ -2.9762199897, 53.444869999799998 ], [ -2.9741699942, 53.446890003 ], [ -2.9735199964, 53.449619997600003 ], [ -2.9721500102, 53.4537100115 ], [ -2.9728300092, 53.453710011200002 ], [ -2.9738600079, 53.459439993700002 ], [ -2.9731299978, 53.463009991 ], [ -2.9695699992, 53.465469988300001 ], [ -2.9690600003, 53.465359988700001 ], [ -2.9734228472, 53.471078441800003 ], [ -2.9795119656, 53.479619170699998 ] ] ] } },
{ "type": "Feature", "properties": { "ODSCode": "N84035", "Name": "15 SEFTON ROAD", "ICBCode": "QYG", "Region": "Y62", "stroke.opacity": "1.0", "stroke.width": "2.0", "fill.opacity": "0", "OBJECTID": 6080, "stroke": "#0000ff", "fill": "#555555" }, "geometry": { "type": "Polygon", "coordinates": [ [ [ -3.0097431466, 53.458946718 ], [ -3.0094759591, 53.459059448 ], [ -3.0092038762, 53.459174242099998 ], [ -3.0085639358, 53.459293344099997 ], [ -3.0072199347, 53.459550376300001 ], [ -3.0058403323, 53.459835129799998 ], [ -3.0044668508, 53.460055861299999 ], [ -3.0037216671, 53.460114147100001 ], [ -3.0029678705, 53.459973145900001 ], [ -3.001466295, 53.459692268 ], [ -3.0001823501, 53.459357689199997 ], [ -2.9989964254, 53.4590486504 ], [ -2.9982948897, 53.459161396299997 ], [ -2.9975948073, 53.459158283100003 ], [ -2.9959037503, 53.458647349 ], [ -2.9950606366, 53.458392607299999 ], [ -2.9942974892, 53.458394749500002 ], [ -2.9927855295, 53.458513014200001 ], [ -2.9881678272, 53.459399946700003 ], [ -2.985892281, 53.4598551765 ], [ -2.9836731736, 53.460423062099999 ], [ -2.9819354744, 53.4608541797 ], [ -2.9803805023, 53.461315888 ], [ -2.9763499937, 53.462089991699997 ], [ -2.9766806321, 53.4634805333 ], [ -2.9766269939, 53.464173742100002 ], [ -2.9764188443, 53.464592292200003 ], [ -2.9758834943, 53.4656687576 ], [ -2.9752646205, 53.466726881900001 ], [ -2.9748019159, 53.467657228900002 ], [ -2.9744201807, 53.468570684299998 ], [ -2.9745388168, 53.469069559700003 ], [ -2.9760284532, 53.4706460608 ], [ -2.9779632491, 53.4732857435 ], [ -2.9789263, 53.474599595800001 ], [ -2.9797659721, 53.4761424119 ], [ -2.9795551414, 53.476646812699997 ], [ -2.9682000183, 53.481019989499998 ], [ -2.9633465406, 53.483190233199998 ], [ -2.9597946461, 53.485632098 ], [ -2.9573663908, 53.488243711400003 ], [ -2.958107509, 53.488556560500001 ], [ -2.958339631, 53.488654545300001 ], [ -2.9585383067, 53.488864712800002 ], [ -2.9585479941, 53.489039851599998 ], [ -2.9584076149, 53.489266271200002 ], [ -2.9565000098, 53.491269996299998 ], [ -2.9560000121, 53.491859996 ], [ -2.9557139005, 53.492321439400001 ], [ -2.9557378471, 53.492754345100003 ], [ -2.9560434232, 53.4930775658 ], [ -2.956336011, 53.493307655400002 ], [ -2.9568871508, 53.493579425 ], [ -2.9575200703, 53.493770495699998 ], [ -2.9593905346, 53.494166343300002 ], [ -2.9612705531, 53.494471477099999 ], [ -2.9635140338, 53.494821782800003 ], [ -2.9653764282, 53.494926509800003 ], [ -2.9673810301, 53.495039233699998 ], [ -2.9693261363, 53.495148611300003 ], [ -2.9720657759, 53.4949345048 ], [ -2.9747399339, 53.494838039900003 ], [ -2.9774389295, 53.495146887 ], [ -2.9800975202, 53.4955620048 ], [ -2.9824572073, 53.495854033699999 ], [ -2.9827691845, 53.495935261 ], [ -2.9831329639, 53.496139240300003 ], [ -2.9845405524, 53.4969285042 ], [ -3.0414892539, 53.4968169809 ], [ -3.0413854689, 53.478051336 ], [ -3.0310800095, 53.472270006099997 ], [ -3.0289000114, 53.470710002899999 ], [ -3.0251000164, 53.467719997800003 ], [ -3.0177600133, 53.462239996900003 ], [ -3.0166982909, 53.458191304099998 ], [ -3.0097431466, 53.458946718 ] ] ] } },
{ "type": "Feature", "properties": { "ODSCode": "N84038", "Name": "CONCEPT HOUSE SURGERY", "ICBCode": "QYG", "Region": "Y62", "stroke.opacity": "1.0", "stroke.width": "2.0", "fill.opacity": "0", "OBJECTID": 865, "stroke": "#0000ff", "fill": "#555555" }, "geometry": { "type": "Polygon", "coordinates": [ [ [ -2.9897200013, 53.501579991200003 ], [ -2.9972099984, 53.503349988799997 ], [ -2.9995500073, 53.503949989600002 ], [ -3.0041200057, 53.505739985799998 ], [ -3.007679994, 53.5063799825 ], [ -3.0138999971, 53.508239980500001 ], [ -3.0171800083, 53.509509982399997 ], [ -3.0224800252, 53.510370033900003 ], [ -3.0249500297, 53.509970060699999 ], [ -3.0267200281, 53.5099600538 ], [ -3.0297100219, 53.509750027300001 ], [ -3.0318300186, 53.50969001 ], [ -3.0353400175, 53.509239983900002 ], [ -3.0374100343, 53.508419981599999 ], [ -3.0399100504, 53.507529983399998 ], [ -3.0429300448, 53.506239986200001 ], [ -3.0596100663, 53.503979917300001 ], [ -3.0575500867, 53.499649893899999 ], [ -3.0563900731, 53.4950699161 ], [ -3.042080021, 53.478180069 ], [ -3.0188400148, 53.4624999989 ], [ -3.0009800002, 53.439609996100003 ], [ -3.0002499989, 53.433029998099997 ], [ -2.9993399946, 53.426349992200002 ], [ -2.9880699746, 53.426469997700003 ], [ -2.9881099737, 53.425839997899999 ], [ -2.9847799928, 53.425979990899997 ], [ -2.9850899938, 53.429589992700002 ], [ -2.9821399913, 53.429509993300002 ], [ -2.9784999824, 53.429529995499998 ], [ -2.9740399881, 53.432769992 ], [ -2.9706099946, 53.438419990100002 ], [ -2.9704499972, 53.442029989700004 ], [ -2.9696399982, 53.443569992400001 ], [ -2.9679700031, 53.444699993500002 ], [ -2.9664600044, 53.447129996900003 ], [ -2.9661500058, 53.447829996400003 ], [ -2.9619300067, 53.447059995399997 ], [ -2.9579400047, 53.444869991099999 ], [ -2.9541200027, 53.443129986400002 ], [ -2.9508200032, 53.441899983900001 ], [ -2.9331900135, 53.437059992099996 ], [ -2.9325400094, 53.440259991399998 ], [ -2.9380200061, 53.442189990800003 ], [ -2.938680008, 53.443959992300002 ], [ -2.9424200113, 53.4479199966 ], [ -2.9408000134, 53.448629996 ], [ -2.9612800229, 53.4550900192 ], [ -2.9615100269, 53.456290023900003 ], [ -2.9619200249, 53.457520007399999 ], [ -2.9618200184, 53.460089991 ], [ -2.9612100158, 53.4613699903 ], [ -2.9573900123, 53.464779991599997 ], [ -2.9554700137, 53.467359994500001 ], [ -2.9549400164, 53.472949992 ], [ -2.9542700112, 53.476489993199998 ], [ -2.9530000023, 53.480029996200003 ], [ -2.949810004, 53.487069998099997 ], [ -2.9496700065, 53.4874999974 ], [ -2.9496800072, 53.487909997599999 ], [ -2.9502350032, 53.489189984299998 ], [ -2.9510700156, 53.490589996099999 ], [ -2.951970018, 53.491709996499999 ], [ -2.9549700142, 53.492899996399998 ], [ -2.9564800099, 53.493559996599998 ], [ -2.9586400071, 53.494239996799998 ], [ -2.9615400026, 53.494969996599998 ], [ -2.965440002, 53.4961299956 ], [ -2.9765600134, 53.498239990599998 ], [ -2.9789000139, 53.498429989599998 ], [ -2.9823700143, 53.499509991499998 ], [ -2.9897200013, 53.501579991200003 ] ] ] } },
{ "type": "Feature", "properties": { "ODSCode": "N84041", "Name": "KINGSWAY SURGERY", "ICBCode": "QYG", "Region": "Y62", "stroke.opacity": "1.0", "stroke.width": "2.0", "fill.opacity": "0", "OBJECTID": 3753, "stroke": "#0000ff", "fill": "#555555" }, "geometry": { "type": "Polygon", "coordinates": [ [ [ -3.0415954243, 53.502151165699999 ], [ -3.0506408815, 53.497482401299997 ], [ -3.0530302926, 53.497026346200002 ], [ -3.0567205332, 53.497182578100002 ], [ -3.0581841879, 53.497110321299999 ], [ -3.052596148, 53.4886078193 ], [ -3.0466537119, 53.482411683400002 ], [ -3.0415501263, 53.4794714517 ], [ -3.0349517945, 53.475367997600003 ], [ -3.0242270379, 53.468695972399999 ], [ -3.0214272069, 53.4696524135 ], [ -3.018960903, 53.469773468299998 ], [ -3.0160733328, 53.465370272500003 ], [ -3.0103285958, 53.466465642199999 ], [ -3.0146721409, 53.471183256800003 ], [ -3.015725504, 53.474696202399997 ], [ -3.0172275213, 53.476986236199998 ], [ -3.0140342465, 53.4796988079 ], [ -3.0065125649, 53.4860864961 ], [ -3.0016896631, 53.488893639799997 ], [ -3.0008272085, 53.492999361700001 ], [ -3.009199259, 53.497345734900001 ], [ -3.0118504503, 53.499556301299997 ], [ -3.0147528575, 53.5002280892 ], [ -3.0193726285, 53.497845415699999 ], [ -3.0254747806, 53.499545458500002 ], [ -3.0277293664, 53.498232740799999 ], [ -3.0304524147, 53.497137854599998 ], [ -3.0368085685, 53.498163342700003 ], [ -3.0415954243, 53.502151165699999 ] ] ] } },
{ "type": "Feature", "properties": { "ODSCode": "N84043", "Name": "SEAFORTH VILLAGE SURGERY", "ICBCode": "QYG", "Region": "Y62", "stroke.opacity": "1.0", "stroke.width": "2.0", "fill.opacity": "0", "OBJECTID": 4045, "stroke": "#0000ff", "fill": "#555555" }, "geometry": { "type": "Polygon", "coordinates": [ [ [ -2.9878219793, 53.455426393400003 ], [ -2.9837360153, 53.456269017499999 ], [ -2.9857000063, 53.459979991799997 ], [ -2.9873015203, 53.461353958300002 ], [ -2.9916289604, 53.465262986 ], [ -2.9976499821, 53.469729988899999 ], [ -2.9993099973, 53.470295990099999 ], [ -3.0005100095, 53.471009990699997 ], [ -3.0015600154, 53.470459992099997 ], [ -3.0023000153, 53.4705999914 ], [ -3.0039880147, 53.471342991199997 ], [ -3.005019017, 53.472147991 ], [ -3.0065850141, 53.472811990399997 ], [ -3.0071600147, 53.473539990100001 ], [ -3.0094830126, 53.471968988699999 ], [ -3.0150170151, 53.471138991300002 ], [ -3.016648017, 53.470550990699998 ], [ -3.0188340141, 53.4721599931 ], [ -3.0206380148, 53.472159995699997 ], [ -3.0213240144, 53.473155997500001 ], [ -3.0229980133, 53.476247002900003 ], [ -3.0261800122, 53.474690006099998 ], [ -3.0300810107, 53.472978007499997 ], [ -3.0163430168, 53.463371999899998 ], [ -3.0138120125, 53.461787994300003 ], [ -3.0138590114, 53.461762994899999 ], [ -3.0060900112, 53.455247017600001 ], [ -3.0036840124, 53.45586002 ], [ -2.9948869558, 53.453969017200002 ], [ -2.9911299654, 53.4545700181 ], [ -2.9878219793, 53.455426393400003 ] ] ] } },
{ "type": "Feature", "properties": { "ODSCode": "N84613", "Name": "THE CORNER SURGERY (DR MULLA)", "ICBCode": "QYG", "Region": "Y62", "stroke.opacity": "1.0", "stroke.width": "2.0", "fill.opacity": "0", "OBJECTID": 5288, "stroke": "#0000ff", "fill": "#555555" }, "geometry": { "type": "Polygon", "coordinates": [ [ [ -2.9856658914, 53.651899136399997 ], [ -2.9845801169, 53.651507683399998 ], [ -2.9834562591, 53.651154675599997 ], [ -2.9810601346, 53.6517052608 ], [ -2.9759199927, 53.652779981599998 ], [ -2.9696963504, 53.653649999099997 ], [ -2.965672069, 53.654199450199997 ], [ -2.9641223591, 53.654271883299998 ], [ -2.9603815963, 53.654199140599999 ], [ -2.9583989478, 53.653484375300003 ], [ -2.9576205176, 53.653239882800001 ], [ -2.9497668303, 53.652347651600003 ], [ -2.9483722018, 53.653507638100002 ], [ -2.9461661996, 53.654383408400001 ], [ -2.9422004248, 53.656193941600002 ], [ -2.9411601648, 53.657840725699998 ], [ -2.9399373618, 53.658532008 ], [ -2.9417772027, 53.663133791200003 ], [ -2.9438282115, 53.665198158499997 ], [ -2.9448869719, 53.666154142800004 ], [ -2.9474306722, 53.667395434299998 ], [ -2.944020726, 53.672791877599998 ], [ -2.9437689592, 53.675323887099999 ], [ -2.9439059219, 53.676775642499997 ], [ -2.9445437856, 53.677603610200002 ], [ -2.9458810103, 53.6782559846 ], [ -2.9490162682, 53.679240133699999 ], [ -2.9517433397, 53.679549755300002 ], [ -2.9527079834, 53.6802727217 ], [ -2.953704579, 53.680908952800003 ], [ -2.9561557565, 53.682055883 ], [ -2.9592070147, 53.682881269200003 ], [ -2.961896142, 53.683186554400002 ], [ -2.9633274466, 53.6832143703 ], [ -2.964752639, 53.683147804599997 ], [ -2.9677812404, 53.682810673299997 ], [ -2.9706950016, 53.682141631299999 ], [ -2.9740299929, 53.681049980200001 ], [ -2.975874527, 53.680335513300001 ], [ -2.97763999, 53.679529978 ], [ -2.9800399898, 53.677999976099997 ], [ -2.9818918513, 53.676591060500002 ], [ -2.984715794, 53.674315382899998 ], [ -2.9881319417, 53.671299068 ], [ -2.9902836311, 53.669399103899998 ], [ -2.9924885747, 53.667157728299998 ], [ -2.9926939622, 53.666832664200001 ], [ -2.9944787623, 53.665694516599999 ], [ -2.9967889441, 53.664221295399997 ], [ -2.9990357398, 53.662614021099998 ], [ -2.9988992707, 53.662319696799997 ], [ -2.9983917799, 53.662082129 ], [ -2.9981467353, 53.6609436456 ], [ -2.9978854316, 53.6603800699 ], [ -2.9978008535, 53.659950674 ], [ -2.9977862917, 53.659268966799999 ], [ -2.996899214, 53.659028874699999 ], [ -2.996341177, 53.658756508800003 ], [ -2.9955649643, 53.658377654100001 ], [ -2.99491701, 53.657994576900002 ], [ -2.9924707964, 53.656548313499997 ], [ -2.9917593154, 53.656093839299999 ], [ -2.9911332868, 53.655693945499998 ], [ -2.9905574943, 53.655353508499999 ], [ -2.9892086845, 53.654556015799997 ], [ -2.9881818294, 53.653900055199998 ], [ -2.9874372887, 53.653227595899999 ], [ -2.9856658914, 53.651899136399997 ] ] ] } },
{ "type": "Feature", "properties": { "ODSCode": "N84614", "Name": "THE MARSHSIDE SURGERY", "ICBCode": "QYG", "Region": "Y62", "stroke.opacity": "1.0", "stroke.width": "2.0", "fill.opacity": "0", "OBJECTID": 5020, "stroke": "#0000ff", "fill": "#555555" }, "geometry": { "type": "Polygon", "coordinates": [ [ [ -2.9433900117, 53.679429983699997 ], [ -2.9524700209, 53.680039991100003 ], [ -2.9564000244, 53.682139997900002 ], [ -2.9592400204, 53.682879996700002 ], [ -2.9628500149, 53.683259993500002 ], [ -2.9671600091, 53.683049990100002 ], [ -2.9681100071, 53.682709989499998 ], [ -2.9694799991, 53.682499985100002 ], [ -2.976139991, 53.6804199782 ], [ -2.9822299899, 53.676449975300002 ], [ -2.986589999, 53.672799985499999 ], [ -2.9888100016, 53.670829986599998 ], [ -2.9904700014, 53.6691799878 ], [ -2.9922700029, 53.667639987100003 ], [ -2.9927700034, 53.666859987300001 ], [ -2.9942000064, 53.665979986399996 ], [ -2.9991400107, 53.662569983499999 ], [ -2.998260011, 53.661729984700003 ], [ -2.997580017, 53.659209986400001 ], [ -2.996120017, 53.658729986899999 ], [ -2.994920016, 53.657959989200002 ], [ -2.9900400151, 53.655069995799998 ], [ -2.9878200115, 53.653639997399999 ], [ -2.9861200118, 53.651999998100003 ], [ -2.9833900089, 53.651119996200002 ], [ -2.9792700005, 53.652199988600003 ], [ -2.9747199897, 53.653019978800003 ], [ -2.9699599768, 53.653589966 ], [ -2.9652799872, 53.6542799729 ], [ -2.9605199973, 53.654299981699999 ], [ -2.9577300053, 53.653199987400001 ], [ -2.9536900157, 53.652839993299999 ], [ -2.9491000214, 53.652119996400003 ], [ -2.9439100077, 53.6614799934 ], [ -2.9426000037, 53.663989993100003 ], [ -2.9381600024, 53.6712899941 ], [ -2.9433900117, 53.679429983699997 ] ] ] } },
{ "type": "Feature", "properties": { "ODSCode": "N84615", "Name": "RAWSON ROAD MEDICAL CENTRE", "ICBCode": "QYG", "Region": "Y62", "stroke.opacity": "1.0", "stroke.width": "2.0", "fill.opacity": "0", "OBJECTID": 6017, "stroke": "#0000ff", "fill": "#555555" }, "geometry": { "type": "Polygon", "coordinates": [ [ [ -3.0245900168, 53.468919999199997 ], [ -3.0121900067, 53.458979988300001 ], [ -3.00442001, 53.463859992499998 ], [ -2.9990499892, 53.4597999872 ], [ -2.9895699746, 53.4630899888 ], [ -2.9966099704, 53.469059986600001 ], [ -2.9802299916, 53.4754599945 ], [ -2.9853200092, 53.480859990399999 ], [ -2.9950199822, 53.485449981400002 ], [ -2.9894399939, 53.494629985400003 ], [ -2.9952099887, 53.500819989900002 ], [ -2.9953916117, 53.500622313299999 ], [ -3.0131814598, 53.507915983899998 ], [ -3.0478805369, 53.497978456299997 ], [ -3.0462519349, 53.493043621 ], [ -3.0245900168, 53.468919999199997 ] ] ] } },
{ "type": "Feature", "properties": { "ODSCode": "N84617", "Name": "KEW SURGERY", "ICBCode": "QYG", "Region": "Y62", "stroke.opacity": "1.0", "stroke.width": "2.0", "fill.opacity": "0", "OBJECTID": 1277, "stroke": "#0000ff", "fill": "#555555" }, "geometry": { "type": "Polygon", "coordinates": [ [ [ -2.9941200074, 53.641179985100003 ], [ -2.9975900043, 53.638149987600002 ], [ -3.0016700053, 53.635779990499998 ], [ -3.0116300609, 53.630390005899997 ], [ -3.0015000108, 53.622549986899998 ], [ -2.9882799986, 53.623669990499998 ], [ -2.9841599956, 53.621119991400001 ], [ -2.9775500026, 53.623979991 ], [ -2.9750600051, 53.6228599911 ], [ -2.9590999823, 53.628709969900001 ], [ -2.9718000019, 53.640869985099997 ], [ -2.9810700092, 53.643059986700003 ], [ -2.9894000135, 53.644229986200003 ], [ -2.9941200074, 53.641179985100003 ] ] ] } },
{ "type": "Feature", "properties": { "ODSCode": "N84621", "Name": "GREAT CROSBY AND THORNTON", "ICBCode": "QYG", "Region": "Y62", "stroke.opacity": "1.0", "stroke.width": "2.0", "fill.opacity": "0", "OBJECTID": 5003, "stroke": "#0000ff", "fill": "#555555" }, "geometry": { "type": "Polygon", "coordinates": [ [ [ -2.9749969183, 53.497182695799999 ], [ -2.9821120156, 53.5040514497 ], [ -2.9807290134, 53.503260991300003 ], [ -2.9778151577, 53.500410288799998 ], [ -2.9752416622, 53.498229129499997 ], [ -2.9688800125, 53.503469991499998 ], [ -2.9722300131, 53.504379991 ], [ -2.9751500121, 53.504379991299999 ], [ -2.9838200116, 53.506729990499998 ], [ -2.9818400096, 53.509439991199997 ], [ -2.9947199908, 53.515209988400002 ], [ -2.9943490686, 53.514871130800003 ], [ -2.9946892888, 53.5147049435 ], [ -2.9947979902, 53.514796988500002 ], [ -2.9948218596, 53.514640185700003 ], [ -3.0337700101, 53.495599997399999 ], [ -3.0236400132, 53.481300012 ], [ -3.010080013, 53.475789990400003 ], [ -3.000130017, 53.485799990799997 ], [ -2.991539989, 53.485899983199999 ], [ -2.9916976466, 53.486266378 ], [ -2.9736689014, 53.494360899500002 ], [ -2.9749969183, 53.497182695799999 ] ] ] } },
{ "type": "Feature", "properties": { "ODSCode": "N84625", "Name": "THE FAMILY SURGERY", "ICBCode": "QYG", "Region": "Y62", "stroke.opacity": "1.0", "stroke.width": "2.0", "fill.opacity": "0", "OBJECTID": 910, "stroke": "#0000ff", "fill": "#555555" }, "geometry": { "type": "Polygon", "coordinates": [ [ [ -3.0285500374, 53.604540001799997 ], [ -3.026600038, 53.604990000299999 ], [ -3.0247330059, 53.606253107100002 ], [ -3.0220300101, 53.607439998499999 ], [ -3.020233155, 53.609415181099997 ], [ -3.0173479511, 53.610607330299999 ], [ -3.0155300356, 53.611210002500002 ], [ -3.0154062615, 53.611414220199997 ], [ -3.014440152, 53.611815672799999 ], [ -3.0137900663, 53.612210007800002 ], [ -3.0129600822, 53.61288001 ], [ -3.0127200843, 53.613250010900003 ], [ -3.0126388351, 53.613663348899998 ], [ -3.0122164495, 53.614650861800001 ], [ -3.0103908613, 53.616041373199998 ], [ -3.0075900482, 53.618019998299999 ], [ -3.0068043361, 53.619766719399998 ], [ -3.0057135659, 53.620928044599999 ], [ -3.0052100314, 53.621349995499997 ], [ -3.0045004283, 53.622219566299997 ], [ -3.0033553809, 53.623413970199998 ], [ -3.0016359466, 53.624335577899998 ], [ -3.0014925538, 53.624365084399997 ], [ -2.9984633893, 53.624262502900002 ], [ -2.9973000069, 53.623739986700002 ], [ -2.9967800063, 53.623659986600003 ], [ -2.996420006, 53.623669986199999 ], [ -2.9899996557, 53.624413352200001 ], [ -2.9873399962, 53.624659991199998 ], [ -2.9849187836, 53.625808394700002 ], [ -2.9839384344, 53.626175861599997 ], [ -2.9805541179, 53.62736372 ], [ -2.9803799982, 53.627389991500003 ], [ -2.9791145179, 53.627868934600002 ], [ -2.9781400027, 53.627999992200003 ], [ -2.9765200058, 53.628759991599999 ], [ -2.9749112159, 53.629633659900001 ], [ -2.9736211489, 53.630171901399997 ], [ -2.973515651, 53.6301686268 ], [ -2.9727200086, 53.6306699907 ], [ -2.9724100091, 53.6309799908 ], [ -2.9724335652, 53.631123529500002 ], [ -2.9723600092, 53.631239991 ], [ -2.9730447081, 53.631831354200003 ], [ -2.9731427787, 53.632452263399998 ], [ -2.9730200069, 53.632729991 ], [ -2.9732319678, 53.632997833700003 ], [ -2.9752100056, 53.6331499916 ], [ -2.977669546, 53.632580781500003 ], [ -2.9797100043, 53.632169992800002 ], [ -2.9821249796, 53.631588981900002 ], [ -2.984551135, 53.6310964575 ], [ -2.9848413452, 53.631189043699997 ], [ -2.9853855209, 53.632422500399997 ], [ -2.9855673622, 53.632466964499997 ], [ -2.990770004, 53.637209989200002 ], [ -2.9919754595, 53.6375618577 ], [ -2.9945368433, 53.638439046899997 ], [ -2.9947558842, 53.638590100199998 ], [ -2.9948695233, 53.638580567 ], [ -2.9949952282, 53.638400492499997 ], [ -3.0002826453, 53.635143879600001 ], [ -3.0006199221, 53.635151174699999 ], [ -3.0017416884, 53.635951263700001 ], [ -3.0053923902, 53.638712693700001 ], [ -3.0053870818, 53.638754481200003 ], [ -3.0068609723, 53.639761233800002 ], [ -3.0126653039, 53.644118868500001 ], [ -3.012701835, 53.644230457699997 ], [ -3.0128081683, 53.644167650100002 ], [ -3.0127979473, 53.644109405499997 ], [ -3.0134274189, 53.643363341899999 ], [ -3.0147200419, 53.642819992600003 ], [ -3.0156600289, 53.642219988599997 ], [ -3.01624002, 53.641499987099998 ], [ -3.0167156596, 53.640595441800002 ], [ -3.0191354684, 53.637970483799997 ], [ -3.0201000115, 53.637219989400002 ], [ -3.022760032, 53.6349699939 ], [ -3.0238400381, 53.633849996099997 ], [ -3.0246316858, 53.632776398200001 ], [ -3.0259428902, 53.63023588 ], [ -3.0268400519, 53.629090003599998 ], [ -3.0276994869, 53.6277097117 ], [ -3.0277956804, 53.627674934399998 ], [ -3.0280900549, 53.6265500063 ], [ -3.0280400525, 53.6252500071 ], [ -3.0276300503, 53.624620006699999 ], [ -3.0272100479, 53.624130007200002 ], [ -3.0259800415, 53.623080004599998 ], [ -3.0247557391, 53.622213354499998 ], [ -3.0234068912, 53.620715061799999 ], [ -3.022723226, 53.619637393799998 ], [ -3.0207840232, 53.6160473435 ], [ -3.020391526, 53.614745042300001 ], [ -3.0202057044, 53.613460105400002 ], [ -3.0222100161, 53.611010000199997 ], [ -3.0230520411, 53.609484809 ], [ -3.024947814, 53.6085584661 ], [ -3.026150038, 53.608080002299999 ], [ -3.0283550724, 53.606373793800003 ], [ -3.029950032, 53.605349999200001 ], [ -3.0288235222, 53.604635632399997 ], [ -3.0285500374, 53.604540001799997 ] ] ] } },
{ "type": "Feature", "properties": { "ODSCode": "N84626", "Name": "HIGHTOWN VILLAGE SURGERY", "ICBCode": "QYG", "Region": "Y62", "stroke.opacity": "1.0", "stroke.width": "2.0", "fill.opacity": "0", "OBJECTID": 1145, "stroke": "#0000ff", "fill": "#555555" }, "geometry": { "type": "Polygon", "coordinates": [ [ [ -2.9848480154, 53.499278993 ], [ -2.9645920063, 53.503975993600001 ], [ -2.9693980225, 53.513367986299997 ], [ -2.9762650226, 53.518062989800001 ], [ -2.9855350029, 53.524186990799997 ], [ -3.0074159441, 53.530509391899997 ], [ -3.0023570047, 53.5303089911 ], [ -3.0136009838, 53.533012997199997 ], [ -3.0457020051, 53.543877989400002 ], [ -3.0682750024, 53.543622994300001 ], [ -3.0627820383, 53.5080599526 ], [ -3.0390930213, 53.470066074599998 ], [ -3.0171200126, 53.473947990399999 ], [ -3.0123140098, 53.479056993599997 ], [ -3.0040740088, 53.4904969902 ], [ -2.9848480154, 53.499278993 ] ] ] } },
{ "type": "Feature", "properties": { "ODSCode": "N84630", "Name": "NETHERTON SURGERY", "ICBCode": "QYG", "Region": "Y62", "stroke.opacity": "1.0", "stroke.width": "2.0", "fill.opacity": "0", "OBJECTID": 2572, "stroke": "#0000ff", "fill": "#555555" }, "geometry": { "type": "Polygon", "coordinates": [ [ [ -3.0003800069, 53.4922799872 ], [ -2.9997800072, 53.489369988200004 ], [ -2.992059986, 53.487359982299999 ], [ -2.9959199913, 53.482809983800003 ], [ -2.9867400062, 53.4819699886 ], [ -2.9848500097, 53.480789991 ], [ -2.9826600069, 53.481299991 ], [ -2.9808999952, 53.477519993400001 ], [ -2.97595999, 53.470269990600002 ], [ -2.974719993, 53.470529989399999 ], [ -2.9725299986, 53.469709988200002 ], [ -2.9695300052, 53.470649987400002 ], [ -2.9604700122, 53.4752499903 ], [ -2.9591400151, 53.4742299897 ], [ -2.9557900144, 53.472819991400002 ], [ -2.9494900056, 53.487819997700001 ], [ -2.9516700185, 53.491389996499997 ], [ -2.954080015, 53.491799996099999 ], [ -2.9573800033, 53.488329996200001 ], [ -2.9587600027, 53.488909996499999 ], [ -2.955580012, 53.492389996599996 ], [ -2.956570011, 53.493539996400003 ], [ -2.9638599984, 53.494809996100003 ], [ -2.9766900144, 53.495119989300001 ], [ -2.9823200121, 53.495679988500001 ], [ -2.9847200112, 53.497159990299998 ], [ -2.9906399955, 53.498259989 ], [ -2.9948499796, 53.496549986 ], [ -2.9967799875, 53.494959986200001 ], [ -2.996519986, 53.494759984399998 ], [ -3.0003800069, 53.4922799872 ] ] ] } },
{ "type": "Feature", "properties": { "ODSCode": "N85002", "Name": "MARINE LAKE MEDICAL PRACTICE", "ICBCode": "QYG", "Region": "Y62", "stroke.opacity": "1.0", "stroke.width": "2.0", "fill.opacity": "0", "OBJECTID": 1430, "stroke": "#0000ff", "fill": "#555555" }, "geometry": { "type": "Polygon", "coordinates": [ [ [ -3.1702400103, 53.351369984800002 ], [ -3.1592300081, 53.351209988900003 ], [ -3.147270016, 53.352940024900001 ], [ -3.1300500255, 53.350260012699998 ], [ -3.127439986, 53.3543200656 ], [ -3.1236099746, 53.3565300526 ], [ -3.1231600214, 53.359180027500003 ], [ -3.1130100052, 53.366409998899996 ], [ -3.1063700168, 53.373419994 ], [ -3.1146400209, 53.380569997800002 ], [ -3.1064500236, 53.383849995399999 ], [ -3.1113800415, 53.388010012800002 ], [ -3.1223100243, 53.389939996800003 ], [ -3.1236500226, 53.392919994099998 ], [ -3.1253000207, 53.394789990200003 ], [ -3.1260100185, 53.396109982600002 ], [ -3.1224600032, 53.397119974699997 ], [ -3.1263500094, 53.398779967099998 ], [ -3.1283800154, 53.401789942400001 ], [ -3.1334600232, 53.404799970200003 ], [ -3.143290019, 53.403599956599997 ], [ -3.155740025, 53.40768998 ], [ -3.2080100137, 53.387009988 ], [ -3.1702400103, 53.351369984800002 ] ] ] } },
{ "type": "Feature", "properties": { "ODSCode": "N85005", "Name": "EASTHAM GROUP PRACTICE", "ICBCode": "QYG", "Region": "Y62", "stroke.opacity": "1.0", "stroke.width": "2.0", "fill.opacity": "0", "OBJECTID": 2448, "stroke": "#0000ff", "fill": "#555555" }, "geometry": { "type": "Polygon", "coordinates": [ [ [ -2.9605580112, 53.305697986799998 ], [ -2.9416750033, 53.315902984200001 ], [ -2.9775520031, 53.356800987100002 ], [ -2.9868220201, 53.341020994 ], [ -2.9967780219, 53.340559991 ], [ -3.00476102, 53.3413279914 ], [ -3.0105110142, 53.341532991 ], [ -3.0166910105, 53.339687989300003 ], [ -3.013344003, 53.329591989400001 ], [ -3.0102540018, 53.322311986099997 ], [ -3.0082800034, 53.315338991099999 ], [ -3.0019280068, 53.309749995099999 ], [ -2.9841610046, 53.305902991700002 ], [ -2.9605580112, 53.305697986799998 ] ] ] } },
{ "type": "Feature", "properties": { "ODSCode": "N85006", "Name": "CIVIC MEDICAL CENTRE", "ICBCode": "QYG", "Region": "Y62", "stroke.opacity": "1.0", "stroke.width": "2.0", "fill.opacity": "0", "OBJECTID": 5465, "stroke": "#0000ff", "fill": "#555555" }, "geometry": { "type": "Polygon", "coordinates": [ [ [ -2.9589300049, 53.334509989200001 ], [ -2.9630465636, 53.341424202100001 ], [ -2.9630529045, 53.341435843 ], [ -2.9639900005, 53.343329970299997 ], [ -2.966950976, 53.346448350099998 ], [ -2.9669721567, 53.346474444599998 ], [ -2.9669875426, 53.346501954200001 ], [ -2.966996877, 53.346530420800001 ], [ -2.9670000064, 53.346559370100003 ], [ -2.9670000058, 53.346596169 ], [ -2.9669953723, 53.3466313622 ], [ -2.9669815845, 53.346665687600002 ], [ -2.9669589823, 53.346698296500001 ], [ -2.9669281257, 53.346728384400002 ], [ -2.966889776, 53.346755209900003 ], [ -2.9668448766, 53.346778108899997 ], [ -2.9667945398, 53.346796517900003 ], [ -2.9667400052, 53.3468099818 ], [ -2.9719700052, 53.351879993799997 ], [ -2.9733146492, 53.353068062799998 ], [ -2.9733375028, 53.353091103300002 ], [ -2.9733556106, 53.3531156082 ], [ -2.9733687155, 53.3531412281 ], [ -2.9733766317, 53.353167599599999 ], [ -2.973379244, 53.353194347 ], [ -2.9733765168, 53.353221090399998 ], [ -2.9733684909, 53.353247449100003 ], [ -2.9733552765, 53.3532730493 ], [ -2.9745099078, 53.354237047300003 ], [ -2.9745448729, 53.354242476 ], [ -2.9745788045, 53.3542498889 ], [ -2.9746113886, 53.354259216599999 ], [ -2.9746423243, 53.354270375500001 ], [ -2.9746713252, 53.354283260800003 ], [ -2.9746981227, 53.354297753399997 ], [ -2.9747224688, 53.354313719499999 ], [ -2.9747441394, 53.354331011 ], [ -2.9760900024, 53.355519988 ], [ -2.981126611, 53.359543316600003 ], [ -2.981156391, 53.359571158900003 ], [ -2.9811790221, 53.359601312800002 ], [ -2.9813384396, 53.359863883800003 ], [ -2.9813489816, 53.359884197 ], [ -2.981356267, 53.359905015199999 ], [ -2.9813602285, 53.3599261528 ], [ -2.9813608331, 53.359947419699999 ], [ -2.9813580719, 53.359968625400001 ], [ -2.9813519721, 53.359989579800001 ], [ -2.9813425879, 53.360010094700002 ], [ -2.981330004, 53.360029987899999 ], [ -2.9813821324, 53.360048460199998 ], [ -2.9814286186, 53.360071705499998 ], [ -2.9814682525, 53.360099118800001 ], [ -2.9815000035, 53.360129988600001 ], [ -2.9822560591, 53.359875051700001 ], [ -2.9822948684, 53.3598636726 ], [ -2.9823356055, 53.359855035499997 ], [ -2.9948900062, 53.357669992799998 ], [ -2.9949243653, 53.357649827499998 ], [ -2.9949627532, 53.357632457400001 ], [ -2.9950045409, 53.357618166499996 ], [ -2.9950490384, 53.3576071898 ], [ -2.9950955179, 53.357599707600002 ], [ -2.9951432147, 53.357595843299997 ], [ -2.9951913458, 53.357595659099999 ], [ -2.9952391211, 53.357599159800003 ], [ -2.9972900027, 53.357829992 ], [ -3.0002100008, 53.3580299909 ], [ -3.0005510146, 53.358005279799997 ], [ -3.0006170489, 53.358003996599997 ], [ -3.0006824391, 53.358009655700002 ], [ -3.0007451601, 53.3580220817 ], [ -3.0008032722, 53.3580408909 ], [ -3.0008549751, 53.3580655007 ], [ -3.0008986689, 53.358095149599997 ], [ -3.0009330038, 53.358128920299997 ], [ -3.000956917, 53.358165768299997 ], [ -3.003206397, 53.358332070099998 ], [ -3.0032494182, 53.358336785200002 ], [ -3.0032912332, 53.358344460600001 ], [ -3.0033312718, 53.358354991600002 ], [ -3.0033689925, 53.358368236099999 ], [ -3.0034038848, 53.358384013200002 ], [ -3.0034354735, 53.358402111300002 ], [ -3.003463332, 53.358422283099998 ], [ -3.0034870812, 53.358444255 ], [ -3.0035064001, 53.358467730199997 ], [ -3.0035210273, 53.358492390199999 ], [ -3.0035307626, 53.358517899500001 ], [ -3.0035354761, 53.3585439139 ], [ -3.0035351024, 53.358570079099998 ], [ -3.0035296468, 53.358596041600002 ], [ -3.0035191835, 53.358621447600001 ], [ -3.0035038547, 53.358645954300002 ], [ -3.0033900003, 53.358799991399998 ], [ -3.0133786218, 53.363028247800003 ], [ -3.0134263106, 53.363052214699998 ], [ -3.0134667235, 53.363080565499999 ], [ -3.0153999961, 53.364689990099997 ], [ -3.0198339982, 53.362805297500003 ], [ -3.0198712437, 53.362791350499997 ], [ -3.019910958, 53.362780100599998 ], [ -3.0256999013, 53.361381760900002 ], [ -3.0257449964, 53.361372805400002 ], [ -3.0257916191, 53.3613673272 ], [ -3.0258390262, 53.361365412799998 ], [ -3.0258864566, 53.3613670947 ], [ -3.0306800105, 53.361719989199997 ], [ -3.0307700129, 53.3592599917 ], [ -3.0307315745, 53.359227680700002 ], [ -3.0307032309, 53.359191830500002 ], [ -3.0306858624, 53.359153557299997 ], [ -3.0306800132, 53.359114053699997 ], [ -3.0306800117, 53.3525999915 ], [ -3.0275900081, 53.3468599889 ], [ -3.0210215995, 53.340222871800002 ], [ -3.0209970044, 53.340193232099999 ], [ -3.0209799501, 53.340161751499998 ], [ -3.0209708059, 53.3401291136 ], [ -3.0209697688, 53.340096025199998 ], [ -3.0209768651, 53.340063205200003 ], [ -3.0209919375, 53.3400313649 ], [ -3.02101466, 53.340001194099997 ], [ -3.0210445407, 53.339973348500003 ], [ -3.02108093, 53.3399484316 ], [ -3.0211230405, 53.339926983200002 ], [ -3.0211699565, 53.339909470400002 ], [ -3.0212206613, 53.339896270499999 ], [ -3.0212740564, 53.339887671500001 ], [ -3.0213289822, 53.339883859700002 ], [ -3.0213842481, 53.339884917 ], [ -3.0214386538, 53.339890821399997 ], [ -3.0227421526, 53.340092580499999 ], [ -3.0165077905, 53.337057856400001 ], [ -3.0164719094, 53.337037925899999 ], [ -3.0164406651, 53.337015369699998 ], [ -3.0164145909, 53.336990572399998 ], [ -3.0163941277, 53.336963955400002 ], [ -3.0097400005, 53.326569987399999 ], [ -2.9712899976, 53.327079990900003 ], [ -2.9630499994, 53.328099991899997 ], [ -2.9567000057, 53.329849989300001 ], [ -2.9572469573, 53.329934987500003 ], [ -2.9572970562, 53.329945074500003 ], [ -2.9573442907, 53.3299592746 ], [ -2.9573877251, 53.3299773058 ], [ -2.9574264983, 53.329998810100001 ], [ -2.9574598411, 53.330023362200002 ], [ -2.9574870924, 53.330050474799997 ], [ -2.957507713, 53.330079610200002 ], [ -2.9575212906, 53.330110190100001 ], [ -2.9589300049, 53.334509989200001 ] ] ] } },
{ "type": "Feature", "properties": { "ODSCode": "N85007", "Name": "MYRTLE GROUP PRACTICE", "ICBCode": "QYG", "Region": "Y62", "stroke.opacity": "1.0", "stroke.width": "2.0", "fill.opacity": "0", "OBJECTID": 757, "stroke": "#0000ff", "fill": "#555555" }, "geometry": { "type": "Polygon", "coordinates": [ [ [ -3.1426761839, 53.346218636899998 ], [ -3.1519798853, 53.3426432336 ], [ -3.1032912954, 53.300564975599997 ], [ -3.0878400109, 53.300519979599997 ], [ -3.0679028616, 53.311450558399997 ], [ -3.0565628078, 53.324749773599997 ], [ -3.0559931137, 53.325704120899999 ], [ -3.0550086014, 53.327176534 ], [ -3.0529415258, 53.329599497700002 ], [ -3.0488105121, 53.330763537700001 ], [ -3.0424447937, 53.335759447800001 ], [ -3.0373747473, 53.337701971800001 ], [ -3.0382828725, 53.3407968032 ], [ -3.0646689212, 53.3408830435 ], [ -3.0678142998, 53.3487717131 ], [ -3.0614000661, 53.358362273600001 ], [ -3.0529621688, 53.362192594299998 ], [ -3.049052039, 53.3645944099 ], [ -3.0452667864, 53.364581918699997 ], [ -3.0441472927, 53.367586728100001 ], [ -3.0387618594, 53.371268294700002 ], [ -3.0417741637, 53.374186854800001 ], [ -3.0458144641, 53.378503111699999 ], [ -3.0493545584, 53.377992367799997 ], [ -3.0528011096, 53.382019939800003 ], [ -3.0570677319, 53.384525662500003 ], [ -3.0591031353, 53.387758909399999 ], [ -3.0644086004, 53.393955022299998 ], [ -3.0689439103, 53.392218207699997 ], [ -3.0768535559, 53.394631466699998 ], [ -3.0845137172, 53.385657165799998 ], [ -3.0908894548, 53.395771206399999 ], [ -3.1235375672, 53.388409922100003 ], [ -3.1250967115, 53.373546675699998 ], [ -3.1285571708, 53.355900052800003 ], [ -3.1426761839, 53.346218636899998 ] ] ] } },
{ "type": "Feature", "properties": { "ODSCode": "N85008", "Name": "WEST WIRRAL GROUP PRACTICE", "ICBCode": "QYG", "Region": "Y62", "stroke.opacity": "1.0", "stroke.width": "2.0", "fill.opacity": "0", "OBJECTID": 1459, "stroke": "#0000ff", "fill": "#555555" }, "geometry": { "type": "Polygon", "coordinates": [ [ [ -3.0765030071, 53.317866993499997 ], [ -3.0248740112, 53.339354989299999 ], [ -3.0688129865, 53.3714849964 ], [ -3.1193430213, 53.377384 ], [ -3.1440590098, 53.371976995899999 ], [ -3.165205007, 53.355914992 ], [ -3.0960010052, 53.317046989 ], [ -3.0765030071, 53.317866993499997 ] ] ] } },
{ "type": "Feature", "properties": { "ODSCode": "N85012", "Name": "ST GEORGES MEDICAL CENTRE", "ICBCode": "QYG", "Region": "Y62", "stroke.opacity": "1.0", "stroke.width": "2.0", "fill.opacity": "0", "OBJECTID": 5342, "stroke": "#0000ff", "fill": "#555555" }, "geometry": { "type": "Polygon", "coordinates": [ [ [ -3.0184678506, 53.404395821100003 ], [ -3.0184100287, 53.404309944399998 ], [ -3.0156600261, 53.405229957899998 ], [ -3.0145500243, 53.405539960900001 ], [ -3.0162600161, 53.410199990199999 ], [ -3.0176400153, 53.4121899879 ], [ -3.0202100158, 53.414489984399999 ], [ -3.0239900159, 53.4183299826 ], [ -3.0240700168, 53.419049983100003 ], [ -3.0245000152, 53.419349984100002 ], [ -3.0251000146, 53.419199983699997 ], [ -3.0293100095, 53.425079993700002 ], [ -3.0321400099, 53.429479993 ], [ -3.0336000055, 53.433519988100002 ], [ -3.0364299978, 53.439549988 ], [ -3.0396099995, 53.44087999 ], [ -3.0427799964, 53.440469990300002 ], [ -3.0431299976, 53.4406799904 ], [ -3.044615921, 53.440194505 ], [ -3.0455099976, 53.441249990899998 ], [ -3.0477999972, 53.441219991399997 ], [ -3.0506199939, 53.4408699906 ], [ -3.0519699942, 53.440169991399998 ], [ -3.056219999, 53.440309997299998 ], [ -3.0618400045, 53.438810002799997 ], [ -3.0717100114, 53.4352100085 ], [ -3.0756465677, 53.433168521799999 ], [ -3.1189200223, 53.415879985399997 ], [ -3.1165100587, 53.410449963 ], [ -3.1164017071, 53.410452234099999 ], [ -3.1136800593, 53.405870020800002 ], [ -3.1119000508, 53.402200036700002 ], [ -3.111700048, 53.401650038100001 ], [ -3.1110600442, 53.401140037 ], [ -3.1061700272, 53.401720017800002 ], [ -3.1047100228, 53.402710011 ], [ -3.0984400158, 53.404799999 ], [ -3.098200018, 53.407219999100001 ], [ -3.0985500176, 53.407859998699998 ], [ -3.0997300242, 53.409279977399997 ], [ -3.1020731448, 53.410819724200003 ], [ -3.0943700301, 53.411479958800001 ], [ -3.0896700257, 53.411719954799999 ], [ -3.087920024, 53.411889954 ], [ -3.0861700179, 53.413189962099999 ], [ -3.0796900129, 53.416749987599999 ], [ -3.0773500158, 53.4169599883 ], [ -3.0751800201, 53.416669985200002 ], [ -3.0663900292, 53.416489982500003 ], [ -3.0632300254, 53.416199982099997 ], [ -3.0604200244, 53.415179973500003 ], [ -3.0557200269, 53.4126899591 ], [ -3.0530800326, 53.410499949 ], [ -3.0530400271, 53.409829962099998 ], [ -3.0509400193, 53.408429987399998 ], [ -3.0470800168, 53.406769978200003 ], [ -3.0441600166, 53.404669963300002 ], [ -3.0412400183, 53.404109955199999 ], [ -3.028974214, 53.404737889700002 ], [ -3.0257900302, 53.403649929499998 ], [ -3.0228774632, 53.4036013805 ], [ -3.021840033, 53.404109932 ], [ -3.0184678506, 53.404395821100003 ] ] ] } },
{ "type": "Feature", "properties": { "ODSCode": "N85013", "Name": "UPTON GROUP PRACTICE", "ICBCode": "QYG", "Region": "Y62", "stroke.opacity": "1.0", "stroke.width": "2.0", "fill.opacity": "0", "OBJECTID": 3874, "stroke": "#0000ff", "fill": "#555555" }, "geometry": { "type": "Polygon", "coordinates": [ [ [ -3.0772000183, 53.407489982900003 ], [ -3.0868100083, 53.405639996200001 ], [ -3.0950500128, 53.404419998900003 ], [ -3.0995200138, 53.404819998299999 ], [ -3.1057000254, 53.401960015100002 ], [ -3.1105000435, 53.401340035 ], [ -3.1125600583, 53.404010031399999 ], [ -3.11394006, 53.407280015200001 ], [ -3.1266400378, 53.4068699412 ], [ -3.1568500354, 53.399299967899999 ], [ -3.1523900153, 53.3958199888 ], [ -3.1465500082, 53.395199969899998 ], [ -3.1362500117, 53.395609984899998 ], [ -3.1280100278, 53.394999993399999 ], [ -3.1259500321, 53.392750004500002 ], [ -3.1245800344, 53.388650011599999 ], [ -3.1287000481, 53.386400026799997 ], [ -3.1345400067, 53.385379987 ], [ -3.1341900104, 53.382299989499998 ], [ -3.1341900144, 53.377999991099998 ], [ -3.132820033, 53.374730007700002 ], [ -3.1362500101, 53.372469988900001 ], [ -3.135570004, 53.368989984899997 ], [ -3.1304200397, 53.366330025400003 ], [ -3.1218300269, 53.365300028699998 ], [ -3.1125600006, 53.366120000800002 ], [ -3.1115300131, 53.369199996 ], [ -3.1094700167, 53.372059995 ], [ -3.1043200159, 53.374109992100003 ], [ -3.0964300136, 53.375549989900001 ], [ -3.0943700007, 53.372059993199997 ], [ -3.0902499986, 53.369609993899999 ], [ -3.08372, 53.370429991800002 ], [ -3.0778899995, 53.369199994600002 ], [ -3.0706800029, 53.368579997399998 ], [ -3.06450001, 53.366529998300003 ], [ -3.0600400055, 53.364689996499997 ], [ -3.0524800077, 53.364889990199998 ], [ -3.0473300096, 53.3659199871 ], [ -3.0432100088, 53.368789986 ], [ -3.041150007, 53.370629984499999 ], [ -3.0384100039, 53.371449982900003 ], [ -3.0425300053, 53.374109985399997 ], [ -3.0415000106, 53.376369984 ], [ -3.0387499969, 53.380049995 ], [ -3.0428699901, 53.383330001899999 ], [ -3.0469899981, 53.387219996399999 ], [ -3.0459600035, 53.389879993299999 ], [ -3.0469900066, 53.391519992500001 ], [ -3.0507700094, 53.394179992 ], [ -3.0535100084, 53.396229990599998 ], [ -3.057630008, 53.394589993799997 ], [ -3.0631300044, 53.394379994700003 ], [ -3.0684500222, 53.402569981500001 ], [ -3.0772000183, 53.407489982900003 ] ] ] } },
{ "type": "Feature", "properties": { "ODSCode": "N85015", "Name": "DEVANEY MED CTR", "ICBCode": "QYG", "Region": "Y62", "stroke.opacity": "1.0", "stroke.width": "2.0", "fill.opacity": "0", "OBJECTID": 187, "stroke": "#0000ff", "fill": "#555555" }, "geometry": { "type": "Polygon", "coordinates": [ [ [ -3.0767227139, 53.379840355799999 ], [ -3.0750628413, 53.37822198 ], [ -3.0743459618, 53.377755415499998 ], [ -3.073814118, 53.377702637299997 ], [ -3.0732681803, 53.377170327899996 ], [ -3.0737203853, 53.376928399299999 ], [ -3.0696339662, 53.370847099199999 ], [ -3.0563400121, 53.366549993200003 ], [ -3.0500200119, 53.366239989900002 ], [ -3.0485813402, 53.366291699500003 ], [ -3.0441400089, 53.366249987099998 ], [ -3.0419000072, 53.365819987800002 ], [ -3.0401831846, 53.365682355499999 ], [ -3.0394000064, 53.365569986499999 ], [ -3.0357200052, 53.365359985399998 ], [ -3.0359612237, 53.365230985300002 ], [ -3.035679476, 53.3651479368 ], [ -3.0318153931, 53.362632254700003 ], [ -3.0267995766, 53.364393446500003 ], [ -3.0197425773, 53.367528799299997 ], [ -3.0250502989, 53.377245313300001 ], [ -3.0246563849, 53.381380270400001 ], [ -3.0233438929, 53.383950393699998 ], [ -3.0274696356, 53.385906359499998 ], [ -3.028709996, 53.3884999964 ], [ -3.030197284, 53.389030698200003 ], [ -3.030689953, 53.389825277 ], [ -3.0302499125, 53.3899233251 ], [ -3.0305067628, 53.390090442400002 ], [ -3.0303231149, 53.390138771499998 ], [ -3.0280979405, 53.393145352700003 ], [ -3.0290952389, 53.393618064400002 ], [ -3.0393133223, 53.396237108900003 ], [ -3.0422757875, 53.397401514800002 ], [ -3.0466101276, 53.398293953900001 ], [ -3.0523227482, 53.399976466 ], [ -3.055842853, 53.4008786144 ], [ -3.0577398966, 53.401491353399997 ], [ -3.059558345, 53.4014303927 ], [ -3.0594955712, 53.402088967899999 ], [ -3.0598632725, 53.401908954 ], [ -3.059669671, 53.402140240599998 ], [ -3.0606458883, 53.401797772 ], [ -3.0598470814, 53.401019337100003 ], [ -3.06307148, 53.401439453 ], [ -3.0658216227, 53.402249382500003 ], [ -3.0680066576, 53.399862757800001 ], [ -3.0698673778, 53.396570839900001 ], [ -3.0767242886, 53.393526461199997 ], [ -3.0766865288, 53.390147190599997 ], [ -3.0855396074, 53.386412370199999 ], [ -3.0814947276, 53.382469106400002 ], [ -3.0766452936, 53.379964004900003 ], [ -3.0767227139, 53.379840355799999 ] ] ] } },
{ "type": "Feature", "properties": { "ODSCode": "N85016", "Name": "RIVERSIDE SURGERY", "ICBCode": "QYG", "Region": "Y62", "stroke.opacity": "1.0", "stroke.width": "2.0", "fill.opacity": "0", "OBJECTID": 6103, "stroke": "#0000ff", "fill": "#555555" }, "geometry": { "type": "Polygon", "coordinates": [ [ [ -3.0851000118, 53.386909990500001 ], [ -3.085284033, 53.386697255100003 ], [ -3.0785800083, 53.380049986300001 ], [ -3.0737007215, 53.3771310984 ], [ -3.0714968823, 53.372873022699999 ], [ -3.0701283132, 53.366198984299999 ], [ -3.0678212776, 53.363133007400002 ], [ -3.0639504744, 53.3603169521 ], [ -3.0445900085, 53.347479986300002 ], [ -3.0373800151, 53.3441999888 ], [ -3.0299933576, 53.342109159099998 ], [ -3.0245637993, 53.340347136 ], [ -3.0212711408, 53.339532798900002 ], [ -3.0192733116, 53.3373696552 ], [ -3.0145858041, 53.331716983100002 ], [ -3.0110422567, 53.325897493900001 ], [ -3.0061672623, 53.3250792762 ], [ -2.9962121738, 53.3239354388 ], [ -2.9928479218, 53.319459956499998 ], [ -2.9913974036, 53.3199021681 ], [ -2.9884552291, 53.3208486467 ], [ -2.9853900645, 53.321933705699998 ], [ -2.980357051, 53.322906072499997 ], [ -2.9715974382, 53.325576285799997 ], [ -2.9558372717, 53.329419465100003 ], [ -2.9570400064, 53.330869988899998 ], [ -2.9642500008, 53.343169971400002 ], [ -2.9678500083, 53.348599989699999 ], [ -2.9718000051, 53.3524999933 ], [ -2.9793500045, 53.357109989500003 ], [ -2.9838200066, 53.361719988 ], [ -2.9896500099, 53.362849988400001 ], [ -2.9985800115, 53.370219991100001 ], [ -3.0004700133, 53.372879992900003 ], [ -3.0047600133, 53.3755499914 ], [ -3.0044200143, 53.379339988799998 ], [ -3.0056200151, 53.382409986600003 ], [ -3.008710013, 53.391109995500003 ], [ -3.0094572051, 53.393981867800001 ], [ -3.012832623, 53.395161289 ], [ -3.0163983805, 53.3967595664 ], [ -3.0204351528, 53.397541361899997 ], [ -3.0283500715, 53.399496191899999 ], [ -3.035755976, 53.401501549499997 ], [ -3.0411318591, 53.401501554799999 ], [ -3.0463229487, 53.40169136 ], [ -3.0504715008, 53.401691358100003 ], [ -3.0584577285, 53.401879186400002 ], [ -3.059435208, 53.401836608700002 ], [ -3.0593369845, 53.4015854457 ], [ -3.0596734079, 53.401356799799998 ], [ -3.0601031025, 53.401064759500002 ], [ -3.0607877642, 53.400498882800001 ], [ -3.0615007882, 53.399909558200001 ], [ -3.063210007, 53.396839994600001 ], [ -3.0645800029, 53.394079995299997 ], [ -3.0677955678, 53.392943620399997 ], [ -3.0714500033, 53.391769994599997 ], [ -3.0731400925, 53.391358478900003 ], [ -3.0748056586, 53.390823565200002 ], [ -3.076275284, 53.390351574 ], [ -3.0778000108, 53.389929993899997 ], [ -3.0808100112, 53.388749992699999 ], [ -3.0832100111, 53.387729991699999 ], [ -3.0843003235, 53.387110396799997 ], [ -3.0850424375, 53.386688667599998 ], [ -3.0851000118, 53.386909990500001 ] ] ] } },
{ "type": "Feature", "properties": { "ODSCode": "N85017", "Name": "CAVENDISH MEDICAL CENTRE", "ICBCode": "QYG", "Region": "Y62", "stroke.opacity": "1.0", "stroke.width": "2.0", "fill.opacity": "0", "OBJECTID": 5294, "stroke": "#0000ff", "fill": "#555555" }, "geometry": { "type": "Polygon", "coordinates": [ [ [ -2.9977217601, 53.375136478599998 ], [ -3.0085680758, 53.394798778800002 ], [ -3.0145455375, 53.406359592199998 ], [ -3.0339597121, 53.407873545800001 ], [ -3.0514500011, 53.416689990800002 ], [ -3.0686189671, 53.415875566700002 ], [ -3.0806354075, 53.413317702299999 ], [ -3.1024394825, 53.407689874600003 ], [ -3.092309247, 53.395203838500002 ], [ -3.0874981327, 53.389884164599998 ], [ -3.0849300124, 53.385579990099998 ], [ -3.0687899905, 53.370729996199998 ], [ -3.0517129977, 53.366253495599999 ], [ -3.041454214, 53.366927305600001 ], [ -3.0336000037, 53.367249982799997 ], [ -3.0291400013, 53.369709983900002 ], [ -3.0109375212, 53.370630258399999 ], [ -2.9977217601, 53.375136478599998 ] ] ] } },
{ "type": "Feature", "properties": { "ODSCode": "N85018", "Name": "THE VILLA MEDICAL CENTRE", "ICBCode": "QYG", "Region": "Y62", "stroke.opacity": "1.0", "stroke.width": "2.0", "fill.opacity": "0", "OBJECTID": 5057, "stroke": "#0000ff", "fill": "#555555" }, "geometry": { "type": "Polygon", "coordinates": [ [ [ -3.0107959101, 53.362066996700001 ], [ -3.0141435088, 53.363357249300002 ], [ -3.0150671548, 53.3644314923 ], [ -3.0165337127, 53.365338025200003 ], [ -3.0214913994, 53.368558599099998 ], [ -3.0222718007, 53.370743068 ], [ -3.0253066179, 53.375124705600001 ], [ -3.0251389043, 53.375789255100003 ], [ -3.0252256908, 53.376920825799999 ], [ -3.0254710092, 53.378725980299997 ], [ -3.026635902, 53.3788288979 ], [ -3.0274631174, 53.37859614 ], [ -3.0284150973, 53.378534092300001 ], [ -3.0295577477, 53.378653570300003 ], [ -3.033773462, 53.379481538500002 ], [ -3.0331334791, 53.380158358400003 ], [ -3.0375287549, 53.380432542 ], [ -3.03897795, 53.381328007800001 ], [ -3.039892594, 53.382929515299999 ], [ -3.0403205981, 53.384127183700002 ], [ -3.0409645932, 53.385254718200002 ], [ -3.0420598579, 53.388319295 ], [ -3.0432927359, 53.390267352899997 ], [ -3.0461706974, 53.390335369799999 ], [ -3.0468352152, 53.390637656700001 ], [ -3.0479249676, 53.3916182687 ], [ -3.0483568993, 53.392374384299998 ], [ -3.0507054676, 53.393556171 ], [ -3.0549166386, 53.395471650200001 ], [ -3.0569066617, 53.394778454300003 ], [ -3.0593976752, 53.394436444199997 ], [ -3.0635945598, 53.394301476 ], [ -3.0704600696, 53.391909860799998 ], [ -3.0722782427, 53.391619142800003 ], [ -3.0739986712, 53.392122778199997 ], [ -3.0764466515, 53.3937752792 ], [ -3.0774789695, 53.393610224100001 ], [ -3.0777079252, 53.392703384599997 ], [ -3.0774171267, 53.391811506400003 ], [ -3.0772961868, 53.3909218708 ], [ -3.0776094888, 53.390004948600001 ], [ -3.0810773556, 53.3884601217 ], [ -3.0855912805, 53.386400146500002 ], [ -3.081910277, 53.382452970899998 ], [ -3.0761341597, 53.378345890200002 ], [ -3.0718144721, 53.373712942099999 ], [ -3.0695486261, 53.366372778 ], [ -3.0677037897, 53.363141232799997 ], [ -3.0643787937, 53.360359948700001 ], [ -3.0581101641, 53.3569375334 ], [ -3.0544814063, 53.3543558187 ], [ -3.0510035286, 53.352274125 ], [ -3.0471308551, 53.349297274800001 ], [ -3.0416139647, 53.345885693100001 ], [ -3.03840816, 53.344557405300002 ], [ -3.0351071368, 53.343470965599998 ], [ -3.0299859145, 53.349016653100001 ], [ -3.0212193753, 53.350221553 ], [ -3.0127773795, 53.349101755 ], [ -3.009959208, 53.349895260499999 ], [ -3.0130878305, 53.3516036758 ], [ -3.0169646339, 53.352873365 ], [ -3.024809916, 53.355784139900003 ], [ -3.0193745865, 53.357490683800002 ], [ -3.0165052867, 53.359106443800002 ], [ -3.0136245343, 53.360806109899997 ], [ -3.0107959101, 53.362066996700001 ] ] ] } },
{ "type": "Feature", "properties": { "ODSCode": "N85019", "Name": "WHETSTONE LANE MED CTR", "ICBCode": "QYG", "Region": "Y62", "stroke.opacity": "1.0", "stroke.width": "2.0", "fill.opacity": "0", "OBJECTID": 1232, "stroke": "#0000ff", "fill": "#555555" }, "geometry": { "type": "Polygon", "coordinates": [ [ [ -3.0968055559, 53.387290462400003 ], [ -3.0971100098, 53.384969987600002 ], [ -3.0360000106, 53.337229993599998 ], [ -2.9639100015, 53.339689976099997 ], [ -2.9946037016, 53.376886660799997 ], [ -3.0088800048, 53.394589983099998 ], [ -3.0093311977, 53.394708639599997 ], [ -3.0102500069, 53.395819980100001 ], [ -3.0123280879, 53.396355339300001 ], [ -3.011630009, 53.396429978599997 ], [ -3.0208150992, 53.398541280300002 ], [ -3.077890029, 53.4132199521 ], [ -3.079178308, 53.4119351712 ], [ -3.0802900308, 53.412189942600001 ], [ -3.0802900342, 53.410826391299999 ], [ -3.0957400008, 53.395409993500003 ], [ -3.096673177, 53.388299344399996 ], [ -3.0974600058, 53.387219988299996 ], [ -3.0968055559, 53.387290462400003 ] ] ] } },
{ "type": "Feature", "properties": { "ODSCode": "N85020", "Name": "ST CATHERINE'S SURGERY", "ICBCode": "QYG", "Region": "Y62", "stroke.opacity": "1.0", "stroke.width": "2.0", "fill.opacity": "0", "OBJECTID": 3115, "stroke": "#0000ff", "fill": "#555555" }, "geometry": { "type": "Polygon", "coordinates": [ [ [ -3.0149602994, 53.388354790400001 ], [ -3.0149267428, 53.388357243199998 ], [ -3.0149202914, 53.388370995800003 ], [ -3.0149736393, 53.388349723 ], [ -3.0156023527, 53.388444226200001 ], [ -3.0166986124, 53.388580334899999 ], [ -3.0173895747, 53.388688620899998 ], [ -3.0179921333, 53.388795232100001 ], [ -3.0197795031, 53.389017103199997 ], [ -3.0199769903, 53.389026556200001 ], [ -3.0202511746, 53.388995948800002 ], [ -3.0204510517, 53.388968491500002 ], [ -3.0208151535, 53.388918471799997 ], [ -3.0215168297, 53.388924305700002 ], [ -3.0230247803, 53.388819124199998 ], [ -3.0242543094, 53.388778748699998 ], [ -3.025399809, 53.388741121499997 ], [ -3.0264940997, 53.388709836099999 ], [ -3.0268008735, 53.388712372500002 ], [ -3.0270050486, 53.388720026100003 ], [ -3.0283623605, 53.388675408899999 ], [ -3.0288766473, 53.388658499100003 ], [ -3.0300647162, 53.388196200099998 ], [ -3.0305352226, 53.388998928100001 ], [ -3.030549731, 53.389359801600001 ], [ -3.0311447892, 53.389357650599997 ], [ -3.032663717, 53.3893521448 ], [ -3.0376055996, 53.389334098600003 ], [ -3.0462200027, 53.389519993599997 ], [ -3.0501212592, 53.3895053229 ], [ -3.0502258445, 53.390470602800001 ], [ -3.0514564197, 53.390497065 ], [ -3.0523322979, 53.3909636327 ], [ -3.0537294016, 53.391707814199997 ], [ -3.0556764796, 53.392067069299998 ], [ -3.05724516, 53.392312341100002 ], [ -3.0595330915, 53.392002569100001 ], [ -3.0630171668, 53.391758414900004 ], [ -3.0622759423, 53.390891858800003 ], [ -3.060183978, 53.388823646799999 ], [ -3.0599100075, 53.388059991699997 ], [ -3.0566900042, 53.384279991200003 ], [ -3.0556200008, 53.383709992199996 ], [ -3.0539800004, 53.383199992500003 ], [ -3.0524400017, 53.382359992600001 ], [ -3.0518179598, 53.381632357400001 ], [ -3.0513316951, 53.380840625200001 ], [ -3.0504200116, 53.379769989899998 ], [ -3.0500311057, 53.3791367161 ], [ -3.0497400164, 53.378519988 ], [ -3.0505626516, 53.378359961500003 ], [ -3.0631916214, 53.375726992 ], [ -3.0662708433, 53.3750847632 ], [ -3.0722956979, 53.374268131400001 ], [ -3.0711044235, 53.370531475200004 ], [ -3.0708138992, 53.369076524900002 ], [ -3.069425321, 53.3653019415 ], [ -3.0664655631, 53.3619363432 ], [ -3.0612477758, 53.357988648400003 ], [ -3.0459215878, 53.348274377700001 ], [ -3.0404139897, 53.348432775799999 ], [ -3.0330670825, 53.3482737621 ], [ -3.0291587089, 53.348402466300001 ], [ -3.0265171762, 53.348489381299999 ], [ -3.0182803277, 53.348420905700003 ], [ -3.0124883145, 53.348441115500002 ], [ -3.0048245263, 53.350036462699997 ], [ -3.0032903615, 53.350417489199998 ], [ -3.003306358, 53.356671021300002 ], [ -3.0040542826, 53.360447642600001 ], [ -3.0046516189, 53.362888727600001 ], [ -3.0052769191, 53.3660452019 ], [ -3.0108401206, 53.377374667399998 ], [ -3.0130344296, 53.379873719099997 ], [ -3.0143596282, 53.381486990200003 ], [ -3.0149065728, 53.383398179899999 ], [ -3.0143942394, 53.385389279100004 ], [ -3.0148600322, 53.387736852300002 ], [ -3.0149267428, 53.388357243199998 ], [ -3.0149417248, 53.388325304799999 ], [ -3.0149602994, 53.388354790400001 ] ] ] } },
{ "type": "Feature", "properties": { "ODSCode": "N85021", "Name": "HAMILTON MED CTR", "ICBCode": "QYG", "Region": "Y62", "stroke.opacity": "1.0", "stroke.width": "2.0", "fill.opacity": "0", "OBJECTID": 4513, "stroke": "#0000ff", "fill": "#555555" }, "geometry": { "type": "Polygon", "coordinates": [ [ [ -3.0548899991, 53.441959997600001 ], [ -3.0752300146, 53.435770017599999 ], [ -3.0954000289, 53.424929980599998 ], [ -3.0881000082, 53.4036499961 ], [ -3.085610009, 53.399139994499997 ], [ -3.0853600124, 53.385939989900002 ], [ -3.0790000084, 53.380209986099999 ], [ -3.0693099909, 53.370839996100003 ], [ -3.0763399995, 53.368939995700003 ], [ -3.0483600041, 53.349629986899998 ], [ -3.0215000115, 53.338559988 ], [ -2.9941200145, 53.349759987200002 ], [ -2.9873400086, 53.361309991299997 ], [ -2.9917100017, 53.380049986800003 ], [ -3.033940004, 53.440829990200001 ], [ -3.0548899991, 53.441959997600001 ] ] ] } },
{ "type": "Feature", "properties": { "ODSCode": "N85022", "Name": "HOLMLANDS MED CTR", "ICBCode": "QYG", "Region": "Y62", "stroke.opacity": "1.0", "stroke.width": "2.0", "fill.opacity": "0", "OBJECTID": 3034, "stroke": "#0000ff", "fill": "#555555" }, "geometry": { "type": "Polygon", "coordinates": [ [ [ -3.0480199952, 53.441039991300002 ], [ -3.0548899954, 53.439399994600002 ], [ -3.0624400065, 53.438990003 ], [ -3.0802900071, 53.431630004799999 ], [ -3.0885300182, 53.426719990800002 ], [ -3.1002000143, 53.422629988399997 ], [ -3.1084400413, 53.420579964200002 ], [ -3.1187400202, 53.416079987300002 ], [ -3.1297300492, 53.414029950500002 ], [ -3.1386600322, 53.413219971099998 ], [ -3.1551400255, 53.407489978800001 ], [ -3.1626900294, 53.404209978 ], [ -3.1702400198, 53.402159987399997 ], [ -3.1791700147, 53.398479995700001 ], [ -3.1908400388, 53.3915199793 ], [ -3.1963300176, 53.385379982700002 ], [ -3.1894699871, 53.373499981 ], [ -3.1819199918, 53.366119965099998 ], [ -3.1757399992, 53.360389969300002 ], [ -3.1647500095, 53.350959988200003 ], [ -3.1537599924, 53.346040006099997 ], [ -3.1331600297, 53.332099988099998 ], [ -3.1166800259, 53.3218499882 ], [ -3.0988300021, 53.307899986499997 ], [ -3.0905900068, 53.302979982 ], [ -3.0830400149, 53.296819984099997 ], [ -3.0775500134, 53.288209992299997 ], [ -3.067930014, 53.28081999 ], [ -3.0596900018, 53.277529988700003 ], [ -3.043210001, 53.275069989499997 ], [ -3.0315400036, 53.276709996500003 ], [ -3.022609998, 53.276709994100003 ], [ -2.8900900103, 53.283689994500001 ], [ -2.8955800083, 53.291489997900001 ], [ -2.9058800037, 53.296409990800001 ], [ -2.91481001, 53.302159987499998 ], [ -2.9278599981, 53.3074899633 ], [ -2.9395300031, 53.313239984100001 ], [ -2.9477700034, 53.3206199766 ], [ -2.9539500133, 53.327589987800003 ], [ -2.9614999996, 53.3378399757 ], [ -2.9663100049, 53.346039978900002 ], [ -2.9731800046, 53.3530099918 ], [ -2.9827900058, 53.361209986900001 ], [ -2.995150012, 53.367759986400003 ], [ -2.9978900124, 53.373499993599999 ], [ -3.0068200136, 53.376769989099998 ], [ -3.0081900112, 53.384149987 ], [ -3.0088800131, 53.390699994099997 ], [ -3.0123100165, 53.399709972399997 ], [ -3.0164300172, 53.407889985 ], [ -3.0198700144, 53.414029984499997 ], [ -3.0253600152, 53.418539983499997 ], [ -3.0287900094, 53.424259993 ], [ -3.0342900083, 53.430809993099999 ], [ -3.0363499944, 53.437359986899999 ], [ -3.0390900004, 53.44062999 ], [ -3.0480199952, 53.441039991300002 ] ] ] } },
{ "type": "Feature", "properties": { "ODSCode": "N85023", "Name": "MANOR HEALTH CTR", "ICBCode": "QYG", "Region": "Y62", "stroke.opacity": "1.0", "stroke.width": "2.0", "fill.opacity": "0", "OBJECTID": 3616, "stroke": "#0000ff", "fill": "#555555" }, "geometry": { "type": "Polygon", "coordinates": [ [ [ -3.0394400065, 53.443489992400004 ], [ -3.0768600122, 53.435110014300001 ], [ -3.0796100082, 53.431830003400002 ], [ -3.0741100352, 53.413219949800002 ], [ -3.0655300292, 53.416279980699997 ], [ -3.041500017, 53.404619959400002 ], [ -3.0133400246, 53.405639963 ], [ -3.0239900166, 53.419559982400003 ], [ -3.0394400065, 53.443489992400004 ] ] ] } },
{ "type": "Feature", "properties": { "ODSCode": "N85024", "Name": "SOMERVILLE MED CTR", "ICBCode": "QYG", "Region": "Y62", "stroke.opacity": "1.0", "stroke.width": "2.0", "fill.opacity": "0", "OBJECTID": 5650, "stroke": "#0000ff", "fill": "#555555" }, "geometry": { "type": "Polygon", "coordinates": [ [ [ -3.036690005, 53.441649992 ], [ -3.0401200059, 53.444509993300002 ], [ -3.0758300121, 53.435310014199999 ], [ -3.0761700193, 53.416389982600002 ], [ -3.0504200189, 53.407279981199999 ], [ -3.0356600177, 53.403799950200003 ], [ -3.0246700362, 53.402779917 ], [ -3.0112800262, 53.405029959499998 ], [ -3.036690005, 53.441649992 ] ] ] } },
{ "type": "Feature", "properties": { "ODSCode": "N85025", "Name": "ST HILARY GROUP PRACTICE", "ICBCode": "QYG", "Region": "Y62", "stroke.opacity": "1.0", "stroke.width": "2.0", "fill.opacity": "0", "OBJECTID": 6100, "stroke": "#0000ff", "fill": "#555555" }, "geometry": { "type": "Polygon", "coordinates": [ [ [ -3.0444099947, 53.4399099894 ], [ -3.0530599944, 53.440129992700001 ], [ -3.0573881087, 53.4397930831 ], [ -3.0617100042, 53.438510001600001 ], [ -3.0697600121, 53.4361200118 ], [ -3.0735874743, 53.434617623100003 ], [ -3.077460007, 53.432800001799997 ], [ -3.1074100474, 53.418739960099998 ], [ -3.1181001064, 53.414622267399999 ], [ -3.1149700497, 53.407890006899997 ], [ -3.1115488007, 53.401091207 ], [ -3.1084386646, 53.401256488800001 ], [ -3.1067377479, 53.4014371106 ], [ -3.1045302688, 53.402649791100004 ], [ -3.09947267, 53.4041525652 ], [ -3.0961776518, 53.404770167199999 ], [ -3.093215189, 53.404579869800003 ], [ -3.0876700085, 53.404419996400001 ], [ -3.0858745246, 53.407713565100003 ], [ -3.0819576121, 53.410541230200003 ], [ -3.0729771329, 53.414415312599999 ], [ -3.0671156023, 53.415513687699999 ], [ -3.061854061, 53.414303379700002 ], [ -3.0552270126, 53.412015521800001 ], [ -3.0497713169, 53.408889519299997 ], [ -3.0462229252, 53.407359711799998 ], [ -3.0425616938, 53.405261739799997 ], [ -3.04000687, 53.4050418335 ], [ -3.0377492143, 53.405410124699998 ], [ -3.0308126021, 53.406146608100002 ], [ -3.0271793157, 53.405158608599997 ], [ -3.0248174667, 53.404615190400001 ], [ -3.0219589392, 53.404542426699997 ], [ -3.0186423882, 53.407453058199998 ], [ -3.0173985073, 53.4097346462 ], [ -3.01832299, 53.4129364928 ], [ -3.0222700166, 53.416339982700002 ], [ -3.0297080816, 53.4253618097 ], [ -3.033756975, 53.4339166655 ], [ -3.0360499958, 53.4384699871 ], [ -3.0374400017, 53.440579989900002 ], [ -3.0398699992, 53.44064999 ], [ -3.0444099947, 53.4399099894 ] ] ] } },
{ "type": "Feature", "properties": { "ODSCode": "N85027", "Name": "CENTRAL PARK MEDICAL CENTRE", "ICBCode": "QYG", "Region": "Y62", "stroke.opacity": "1.0", "stroke.width": "2.0", "fill.opacity": "0", "OBJECTID": 5851, "stroke": "#0000ff", "fill": "#555555" }, "geometry": { "type": "Polygon", "coordinates": [ [ [ -3.0384100053, 53.4435899928 ], [ -3.0409000044, 53.443279992699999 ], [ -3.0610700043, 53.440050001800003 ], [ -3.081410014, 53.434560013 ], [ -3.0804600076, 53.423949989199997 ], [ -3.0802100085, 53.422269986499998 ], [ -3.0796100124, 53.420269983099999 ], [ -3.0754000277, 53.414519963499998 ], [ -3.072480038, 53.412999946299998 ], [ -3.0657900476, 53.411069926899998 ], [ -3.0433000183, 53.403799956100002 ], [ -3.0347600209, 53.401649933599998 ], [ -3.0236200358, 53.403239919599997 ], [ -3.0123200256, 53.405129959100002 ], [ -3.0384100053, 53.4435899928 ] ] ] } },
{ "type": "Feature", "properties": { "ODSCode": "N85028", "Name": "MORETON GROUP PRACTICE", "ICBCode": "QYG", "Region": "Y62", "stroke.opacity": "1.0", "stroke.width": "2.0", "fill.opacity": "0", "OBJECTID": 182, "stroke": "#0000ff", "fill": "#555555" }, "geometry": { "type": "Polygon", "coordinates": [ [ [ -3.0943699909, 53.367149999299997 ], [ -3.089488684, 53.368715696199999 ], [ -3.0885700006, 53.368909995 ], [ -3.0866319182, 53.369515386300002 ], [ -3.085163212, 53.369903539 ], [ -3.0818398106, 53.3707249956 ], [ -3.0717007428, 53.370212624799997 ], [ -3.0723172493, 53.373308659400003 ], [ -3.0721992026, 53.373435727900002 ], [ -3.0719788117, 53.373497459799999 ], [ -3.0856405347, 53.385122514099997 ], [ -3.0860847941, 53.385914005499998 ], [ -3.0857719977, 53.386101786600001 ], [ -3.0863280977, 53.387138344599997 ], [ -3.0869779217, 53.389081521500003 ], [ -3.0885167585, 53.404937606099999 ], [ -3.0884561218, 53.405029611700002 ], [ -3.0861402648, 53.406419197600002 ], [ -3.086655743, 53.406690062499997 ], [ -3.0659929777, 53.423613114600002 ], [ -3.0655430812, 53.423573309299996 ], [ -3.0613528182, 53.416380282600002 ], [ -3.0609615031, 53.415953374300003 ], [ -3.0573712294, 53.414918632199999 ], [ -3.061007694, 53.416219660700001 ], [ -3.0612559392, 53.416444626400001 ], [ -3.0613882154, 53.4164754759 ], [ -3.0657719491, 53.4239643461 ], [ -3.0724168039, 53.434154438500002 ], [ -3.1419896363, 53.411551555599999 ], [ -3.1570125423, 53.406596337899998 ], [ -3.159013724, 53.4056269672 ], [ -3.1592039665, 53.405608125400001 ], [ -3.1596017189, 53.405691605400001 ], [ -3.1595401476, 53.405665689 ], [ -3.1595629203, 53.405417102299999 ], [ -3.1731260443, 53.400942741599998 ], [ -3.1851506355, 53.3938009353 ], [ -3.1795045343, 53.390215897700003 ], [ -3.1584182896, 53.398131527300002 ], [ -3.1581439584, 53.398107422899997 ], [ -3.1539038151, 53.395207279799997 ], [ -3.1539243852, 53.395021813600003 ], [ -3.1563300096, 53.39375998 ], [ -3.1517300067, 53.391019998 ], [ -3.1492161808, 53.393299462599998 ], [ -3.1489317031, 53.393341850900001 ], [ -3.1461173563, 53.392424161599997 ], [ -3.1459100034, 53.392289969099998 ], [ -3.1436975723, 53.391631949699999 ], [ -3.138910003, 53.386499982399997 ], [ -3.1386715961, 53.386471561699999 ], [ -3.1352400053, 53.385029986900001 ], [ -3.1347887011, 53.3849560512 ], [ -3.1316623888, 53.383564246 ], [ -3.1315896629, 53.383424809399997 ], [ -3.1335100177, 53.380029997 ], [ -3.1337600174, 53.378129996600002 ], [ -3.1329386964, 53.375666003100001 ], [ -3.1327695605, 53.375538602200002 ], [ -3.1324300398, 53.373780015599998 ], [ -3.1304155129, 53.371213083400001 ], [ -3.1287928315, 53.368729769700003 ], [ -3.1288300625, 53.368480045600002 ], [ -3.1286661727, 53.368437748200002 ], [ -3.1284177119, 53.368477925800001 ], [ -3.1095158488, 53.368379286100001 ], [ -3.1093410836, 53.368429564400003 ], [ -3.1039299754, 53.368300706600003 ], [ -3.0943699909, 53.367149999299997 ] ] ] } },
{ "type": "Feature", "properties": { "ODSCode": "N85031", "Name": "GLADSTONE MED CTR", "ICBCode": "QYG", "Region": "Y62", "stroke.opacity": "1.0", "stroke.width": "2.0", "fill.opacity": "0", "OBJECTID": 1402, "stroke": "#0000ff", "fill": "#555555" }, "geometry": { "type": "Polygon", "coordinates": [ [ [ -3.1094710063, 53.387014221 ], [ -3.1104991458, 53.384761598200001 ], [ -3.1108436244, 53.382918582 ], [ -3.1063832186, 53.379232595600001 ], [ -3.0971088853, 53.374317100699997 ], [ -3.0839800014, 53.369639992300002 ], [ -3.0691500075, 53.3680599968 ], [ -3.0673700047, 53.364020002 ], [ -3.0555600012, 53.353899990800002 ], [ -3.0370200143, 53.344649988500002 ], [ -3.021560012, 53.339609988500001 ], [ -3.015360009, 53.334359990800003 ], [ -3.0113900021, 53.327279988599997 ], [ -3.010260001, 53.321699986600002 ], [ -3.006379998, 53.3175399884 ], [ -3.0024700044, 53.311519995499999 ], [ -2.9858600022, 53.309189990199997 ], [ -2.9739000087, 53.309439987899999 ], [ -2.9553100101, 53.308179987599999 ], [ -2.9446400076, 53.307969984 ], [ -2.939120001, 53.3124699834 ], [ -2.9661400037, 53.3454299785 ], [ -2.9717200076, 53.350989992599999 ], [ -2.9769500009, 53.357159986799999 ], [ -2.9932600136, 53.366019984899999 ], [ -3.0083600133, 53.390699994800002 ], [ -3.0100000044, 53.394459982500003 ], [ -3.0143700097, 53.396989975399997 ], [ -3.0293100176, 53.400829948400002 ], [ -3.0425200195, 53.4031299496 ], [ -3.057460023, 53.408709979100003 ], [ -3.0599500358, 53.412089947200002 ], [ -3.0633400413, 53.411579936899997 ], [ -3.0722200417, 53.412089936599997 ], [ -3.0753300372, 53.412119939599997 ], [ -3.0811900131, 53.408039986 ], [ -3.0874100089, 53.4031799965 ], [ -3.1058300195, 53.396690011300002 ], [ -3.1094710063, 53.387014221 ] ] ] } },
{ "type": "Feature", "properties": { "ODSCode": "N85032", "Name": "GREASBY GROUP PRACTICE", "ICBCode": "QYG", "Region": "Y62", "stroke.opacity": "1.0", "stroke.width": "2.0", "fill.opacity": "0", "OBJECTID": 5387, "stroke": "#0000ff", "fill": "#555555" }, "geometry": { "type": "Polygon", "coordinates": [ [ [ -3.0989181855, 53.385036879700003 ], [ -3.1035903245, 53.386243904899999 ], [ -3.1042604132, 53.386501729199999 ], [ -3.1050992962, 53.386824489699997 ], [ -3.1107200374, 53.387880011599997 ], [ -3.1147500296, 53.387880001900001 ], [ -3.1193400115, 53.388229985599999 ], [ -3.1238500336, 53.387910008699997 ], [ -3.1294700417, 53.386760019800001 ], [ -3.1450500014, 53.3815099921 ], [ -3.1499399985, 53.381639993199997 ], [ -3.1535499984, 53.3804899792 ], [ -3.1531600045, 53.376929990400001 ], [ -3.1532000062, 53.376369991099999 ], [ -3.1528200057, 53.372879994199998 ], [ -3.1497700057, 53.371549993599999 ], [ -3.1463000082, 53.3705799942 ], [ -3.1430600122, 53.370869997600003 ], [ -3.1395600111, 53.371939992599998 ], [ -3.1370300106, 53.371599989099998 ], [ -3.135440002, 53.368199982599997 ], [ -3.1293200523, 53.366620036800001 ], [ -3.1269100666, 53.365710059599998 ], [ -3.1248400538, 53.366020046599999 ], [ -3.1369490662, 53.357969651300003 ], [ -3.1303758066, 53.350578781599999 ], [ -3.1212660575, 53.350813032600001 ], [ -3.1127731557, 53.353850284899998 ], [ -3.1071208873, 53.355316697 ], [ -3.1111372527, 53.360292611699997 ], [ -3.1171599934, 53.3652900035 ], [ -3.1150399985, 53.365840001599999 ], [ -3.1130100083, 53.366829997 ], [ -3.1120500127, 53.368379996599998 ], [ -3.1115000151, 53.369699996400001 ], [ -3.1096200152, 53.371259995499997 ], [ -3.1082600171, 53.372859995399999 ], [ -3.1062100161, 53.373959993299998 ], [ -3.0969400131, 53.376059989600002 ], [ -3.0988300151, 53.380769988099999 ], [ -3.0987777091, 53.381489242699999 ], [ -3.0989181855, 53.385036879700003 ] ] ] } },
{ "type": "Feature", "properties": { "ODSCode": "N85037", "Name": "HEATHERLANDS MED CTR", "ICBCode": "QYG", "Region": "Y62", "stroke.opacity": "1.0", "stroke.width": "2.0", "fill.opacity": "0", "OBJECTID": 3433, "stroke": "#0000ff", "fill": "#555555" }, "geometry": { "type": "Polygon", "coordinates": [ [ [ -3.0195200021, 53.389679991100003 ], [ -3.0167800075, 53.389269990700001 ], [ -3.0394400046, 53.394589983899998 ], [ -3.0734300328, 53.414029957899999 ], [ -3.1087900335, 53.400730028799998 ], [ -3.1596000308, 53.398479970499999 ], [ -3.1771100142, 53.393979997899997 ], [ -3.1850100001, 53.373909992500003 ], [ -3.1307600537, 53.338250006499997 ], [ -2.9851900165, 53.345019992700003 ], [ -3.0195200021, 53.389679991100003 ] ] ] } },
{ "type": "Feature", "properties": { "ODSCode": "N85038", "Name": "VITTORIA MED CTR G", "ICBCode": "QYG", "Region": "Y62", "stroke.opacity": "1.0", "stroke.width": "2.0", "fill.opacity": "0", "OBJECTID": 2466, "stroke": "#0000ff", "fill": "#555555" }, "geometry": { "type": "Polygon", "coordinates": [ [ [ -3.0162600165, 53.410759990099997 ], [ -3.0766900225, 53.415469973500002 ], [ -3.1117100476, 53.401450038500002 ], [ -3.0979700142, 53.380719987900001 ], [ -3.0839000113, 53.386399990699999 ], [ -3.0681500024, 53.364720003 ], [ -3.0314500094, 53.362689988299998 ], [ -2.9954900057, 53.359669992100002 ], [ -3.0162600165, 53.410759990099997 ] ] ] } },
{ "type": "Feature", "properties": { "ODSCode": "N85044", "Name": "PAXTON MEDICAL GROUP", "ICBCode": "QYG", "Region": "Y62", "stroke.opacity": "1.0", "stroke.width": "2.0", "fill.opacity": "0", "OBJECTID": 212, "stroke": "#0000ff", "fill": "#555555" }, "geometry": { "type": "Polygon", "coordinates": [ [ [ -3.0691795651, 53.369932345499997 ], [ -3.0690199975, 53.369819997299999 ], [ -3.0678899941, 53.370139998600003 ], [ -3.0667399929, 53.370199998799997 ], [ -3.0654299945, 53.370189998400001 ], [ -3.0561122585, 53.365183979500003 ], [ -3.0381599311, 53.3690968095 ], [ -3.0249687459, 53.375292158199997 ], [ -3.0149529003, 53.382019459799999 ], [ -3.0120184633, 53.395019812500003 ], [ -3.0237800146, 53.398309961700001 ], [ -3.0352200188, 53.401509938499998 ], [ -3.0407700206, 53.401579937400001 ], [ -3.0412100196, 53.401489941100003 ], [ -3.0416600215, 53.401599938799997 ], [ -3.0456900205, 53.401709945699999 ], [ -3.0581100225, 53.406259977300003 ], [ -3.0585500227, 53.406359977500003 ], [ -3.0590900205, 53.404349973599999 ], [ -3.0631800239, 53.404449976599999 ], [ -3.0650300238, 53.403699978 ], [ -3.0672200257, 53.404539978 ], [ -3.0708100257, 53.4062599783 ], [ -3.0721700229, 53.4069899789 ], [ -3.0727200234, 53.407019979099999 ], [ -3.0731600224, 53.406949979700002 ], [ -3.0734700219, 53.406809979800002 ], [ -3.0734400224, 53.406539981199998 ], [ -3.0737100207, 53.405969981699997 ], [ -3.0749200201, 53.406609982200003 ], [ -3.0758600193, 53.4072399832 ], [ -3.0762400198, 53.407879981800001 ], [ -3.0785400158, 53.407559984199999 ], [ -3.084510008, 53.406259996599999 ], [ -3.0867500092, 53.4055999972 ], [ -3.0872400094, 53.405559997099999 ], [ -3.0874600089, 53.405309997 ], [ -3.0880200083, 53.4041399969 ], [ -3.0884400094, 53.401909997099999 ], [ -3.0874400086, 53.400889996700002 ], [ -3.086650009, 53.400399995699999 ], [ -3.0859200087, 53.399129995400003 ], [ -3.0860600089, 53.398219995300003 ], [ -3.0867700095, 53.397559995100004 ], [ -3.0880000079, 53.397109995 ], [ -3.0878700075, 53.396229995 ], [ -3.1034050944, 53.394023403399999 ], [ -3.1118920919, 53.390039222 ], [ -3.1020996259, 53.381000589499997 ], [ -3.0928082134, 53.370315363499998 ], [ -3.0690288472, 53.369733448799998 ], [ -3.0691795651, 53.369932345499997 ] ] ] } },
{ "type": "Feature", "properties": { "ODSCode": "N85046", "Name": "HOYLAKE RD MET CTR", "ICBCode": "QYG", "Region": "Y62", "stroke.opacity": "1.0", "stroke.width": "2.0", "fill.opacity": "0", "OBJECTID": 2931, "stroke": "#0000ff", "fill": "#555555" }, "geometry": { "type": "Polygon", "coordinates": [ [ [ -3.1436300014, 53.393049955 ], [ -3.1316200262, 53.388450005499998 ], [ -3.0892200068, 53.397969994500002 ], [ -3.0883600111, 53.407999998400001 ], [ -3.076520031, 53.413219951 ], [ -3.0804600045, 53.429690007399998 ], [ -3.1468500268, 53.4091099726 ], [ -3.1503900171, 53.400259976900003 ], [ -3.1436300014, 53.393049955 ] ] ] } },
{ "type": "Feature", "properties": { "ODSCode": "N85047", "Name": "ORCHARD SURGERY", "ICBCode": "QYG", "Region": "Y62", "stroke.opacity": "1.0", "stroke.width": "2.0", "fill.opacity": "0", "OBJECTID": 2537, "stroke": "#0000ff", "fill": "#555555" }, "geometry": { "type": "Polygon", "coordinates": [ [ [ -2.9706000053, 53.3479899899 ], [ -3.0152300122, 53.340099990399999 ], [ -3.015580007, 53.332719990699999 ], [ -3.0107700019, 53.323899987700003 ], [ -3.0057900056, 53.310979999399997 ], [ -2.9939500032, 53.307699995100002 ], [ -2.9834700059, 53.305539991800003 ], [ -2.9700900115, 53.3029799854 ], [ -2.9596100119, 53.304519986800003 ], [ -2.9445100001, 53.316419979400003 ], [ -2.9579000036, 53.3308699902 ], [ -2.961500001, 53.334969985699999 ], [ -2.9706000053, 53.3479899899 ] ] ] } },
{ "type": "Feature", "properties": { "ODSCode": "N85048", "Name": "MORETON MEDICAL CENTRE", "ICBCode": "QYG", "Region": "Y62", "stroke.opacity": "1.0", "stroke.width": "2.0", "fill.opacity": "0", "OBJECTID": 3327, "stroke": "#0000ff", "fill": "#555555" }, "geometry": { "type": "Polygon", "coordinates": [ [ [ -3.0743083497, 53.435072470599998 ], [ -3.0940270282, 53.424672981699999 ], [ -3.1256100354, 53.415879970399999 ], [ -3.1532500256, 53.409219978599999 ], [ -3.178140016, 53.400119992699999 ], [ -3.1522199953, 53.382409984600002 ], [ -3.1297700522, 53.368350034800002 ], [ -3.0874954303, 53.375883697699997 ], [ -3.0587967856, 53.396331408199998 ], [ -3.071701044, 53.4115779304 ], [ -3.0720500087, 53.434900007400003 ], [ -3.0743083497, 53.435072470599998 ] ] ] } },
{ "type": "Feature", "properties": { "ODSCode": "N85051", "Name": "SUNLIGHT GROUP PRACTICE", "ICBCode": "QYG", "Region": "Y62", "stroke.opacity": "1.0", "stroke.width": "2.0", "fill.opacity": "0", "OBJECTID": 1718, "stroke": "#0000ff", "fill": "#555555" }, "geometry": { "type": "Polygon", "coordinates": [ [ [ -2.9910710122, 53.364164986500001 ], [ -2.9946110124, 53.367582985200002 ], [ -2.995577012, 53.368120987600001 ], [ -2.9965210114, 53.369375988900003 ], [ -3.0013060133, 53.3736389926 ], [ -3.0063060149, 53.381024986100002 ], [ -3.0082420127, 53.389122993100003 ], [ -3.0080220134, 53.3902899944 ], [ -3.0084940135, 53.391467995699998 ], [ -3.008752001, 53.393795985099999 ], [ -3.0083010021, 53.393987984799999 ], [ -3.008344002, 53.394346983699997 ], [ -3.0101790104, 53.397218977100003 ], [ -3.0133760091, 53.396393977700001 ], [ -3.0145030078, 53.396348976299997 ], [ -3.0164870056, 53.394608979099999 ], [ -3.0178500046, 53.392625984 ], [ -3.0195880042, 53.390398990100003 ], [ -3.0203179997, 53.389617991900003 ], [ -3.0216799941, 53.388946993399998 ], [ -3.0269699932, 53.388649995 ], [ -3.0296839958, 53.388165995900003 ], [ -3.031799995, 53.387119998400003 ], [ -3.0329899916, 53.384780002699998 ], [ -3.0333899931, 53.383580003799999 ], [ -3.0334499948, 53.3830080018 ], [ -3.0327839951, 53.381292997099997 ], [ -3.0327519972, 53.380723995099999 ], [ -3.0335999986, 53.379257990799999 ], [ -3.033932, 53.378246988 ], [ -3.0347590005, 53.377868987600003 ], [ -3.0354880006, 53.377452986199998 ], [ -3.0361000025, 53.376812984899999 ], [ -3.0368610038, 53.3762369831 ], [ -3.0405840036, 53.374566984099999 ], [ -3.0429340079, 53.373868986 ], [ -3.0446080092, 53.373766986500002 ], [ -3.0519890102, 53.3728959914 ], [ -3.0570320003, 53.372012993699997 ], [ -3.0590699989, 53.371513994399997 ], [ -3.0619669968, 53.370527995300002 ], [ -3.0634259958, 53.370348996300002 ], [ -3.066300992, 53.370348997199997 ], [ -3.0675459925, 53.370258997400001 ], [ -3.0713219975, 53.369733996299999 ], [ -3.0697769991, 53.3651760037 ], [ -3.0681250063, 53.363294001900002 ], [ -3.0663440097, 53.361654999700001 ], [ -3.0602930046, 53.357620995 ], [ -3.0586190032, 53.356391993800003 ], [ -3.0568600014, 53.355315992900003 ], [ -3.0533409992, 53.352907990399999 ], [ -3.0463030067, 53.348347986500002 ], [ -3.0425690118, 53.3460939876 ], [ -3.0388360142, 53.344222988299997 ], [ -3.0298230142, 53.341865988899997 ], [ -3.022614012, 53.339277988200003 ], [ -3.0117990024, 53.328309987899999 ], [ -3.0087090048, 53.314466992299998 ], [ -3.0028720071, 53.310056995899998 ], [ -2.9834750065, 53.305030993 ], [ -2.9712870134, 53.303184985599998 ], [ -2.9652790116, 53.303184985800002 ], [ -2.9601290135, 53.304312986900001 ], [ -2.9560410121, 53.304678986500001 ], [ -2.9506230099, 53.307133987699999 ], [ -2.9486270092, 53.308326986099999 ], [ -2.9467820062, 53.309287984800001 ], [ -2.9456020026, 53.310672982299998 ], [ -2.9447010011, 53.311467981600003 ], [ -2.9424050018, 53.312979981700003 ], [ -2.9416320007, 53.313723982799999 ], [ -2.9405700032, 53.3145059836 ], [ -2.9473830026, 53.320440975499999 ], [ -2.9506020077, 53.319491991500001 ], [ -2.9513310077, 53.319107994900001 ], [ -2.9523180089, 53.319696994300003 ], [ -2.9531760129, 53.321491994 ], [ -2.9499150114, 53.322773984900003 ], [ -2.9515460199, 53.325643989500001 ], [ -2.9571680062, 53.330795989 ], [ -2.9650400027, 53.344059973599997 ], [ -2.9736900045, 53.3535229919 ], [ -2.9840330072, 53.361974988500002 ], [ -2.9878310093, 53.360873990800002 ], [ -2.9910710122, 53.364164986500001 ] ] ] } },
{ "type": "Feature", "properties": { "ODSCode": "N85052", "Name": "GROVE RD SURGERY", "ICBCode": "QYG", "Region": "Y62", "stroke.opacity": "1.0", "stroke.width": "2.0", "fill.opacity": "0", "OBJECTID": 3912, "stroke": "#0000ff", "fill": "#555555" }, "geometry": { "type": "Polygon", "coordinates": [ [ [ -3.090930024, 53.426209986700002 ], [ -3.0907600246, 53.418839975899999 ], [ -3.0651900046, 53.424159986299998 ], [ -3.0603800129, 53.420579988599997 ], [ -3.0480200031, 53.420379990800001 ], [ -3.0298200109, 53.425179994300002 ], [ -3.0315399984, 53.436839986300001 ], [ -3.0390900051, 53.442979993 ], [ -3.0651900092, 53.438990006099999 ], [ -3.090930024, 53.426209986700002 ] ] ] } },
{ "type": "Feature", "properties": { "ODSCode": "N85054", "Name": "KINGS LANE MEDICAL PRACTICE", "ICBCode": "QYG", "Region": "Y62", "stroke.opacity": "1.0", "stroke.width": "2.0", "fill.opacity": "0", "OBJECTID": 4483, "stroke": "#0000ff", "fill": "#555555" }, "geometry": { "type": "Polygon", "coordinates": [ [ [ -3.0078212256, 53.372852552099999 ], [ -3.0324200046, 53.368069983200002 ], [ -3.0425500058, 53.373829985100002 ], [ -3.0719899963, 53.369749996700001 ], [ -3.0849600008, 53.370579990800003 ], [ -3.08891, 53.3669199944 ], [ -3.0884900139, 53.358329985300003 ], [ -3.0820900109, 53.351159990699998 ], [ -3.0854200172, 53.343069988800004 ], [ -3.0798700152, 53.339429993700001 ], [ -3.076760007, 53.334949990200002 ], [ -3.0796600013, 53.330650007099997 ], [ -3.0847500058, 53.322469992199999 ], [ -3.0758300085, 53.317539992900002 ], [ -3.0469900165, 53.300519993800002 ], [ -3.0439000192, 53.304209994200001 ], [ -3.0404700176, 53.308929999299998 ], [ -3.0346300076, 53.311390013599997 ], [ -3.0323943143, 53.315404941499999 ], [ -3.0315600001, 53.315209996699998 ], [ -3.0181000152, 53.318019981600003 ], [ -3.0148800109, 53.315599986300001 ], [ -3.0122400071, 53.315319989 ], [ -3.0027699964, 53.317809989600001 ], [ -3.0004799972, 53.3176799891 ], [ -2.9970199998, 53.318019988700001 ], [ -2.9871200132, 53.321439988500003 ], [ -2.9866900131, 53.321409987400003 ], [ -2.9881100134, 53.325339992700002 ], [ -2.9898700095, 53.3298499992 ], [ -2.9864717192, 53.330346481399999 ], [ -2.9896500083, 53.329639998899999 ], [ -2.9862200139, 53.321649986899999 ], [ -2.9567000056, 53.330459987799998 ], [ -2.959440003, 53.336409983899998 ], [ -2.9659700036, 53.344609977099999 ], [ -2.9675100063, 53.345939985699999 ], [ -2.9676800071, 53.347269987200001 ], [ -2.9839900059, 53.362439987 ], [ -2.9874200088, 53.360689991599997 ], [ -2.9937700114, 53.367759985500001 ], [ -2.9953200121, 53.367969986299997 ], [ -3.0011600135, 53.374109993799998 ], [ -3.0078500082, 53.37287999 ], [ -3.0078212256, 53.372852552099999 ] ] ] } },
{ "type": "Feature", "properties": { "ODSCode": "N85057", "Name": "TEEHEY LANE SURGERY", "ICBCode": "QYG", "Region": "Y62", "stroke.opacity": "1.0", "stroke.width": "2.0", "fill.opacity": "0", "OBJECTID": 484, "stroke": "#0000ff", "fill": "#555555" }, "geometry": { "type": "Polygon", "coordinates": [ [ [ -3.0207300116, 53.338969988400002 ], [ -2.964080001, 53.343169971099996 ], [ -2.9705800069, 53.351919994799999 ], [ -2.979480001, 53.359639986200001 ], [ -3.0021000129, 53.3738599924 ], [ -3.0084588508, 53.376515592399997 ], [ -3.0239744479, 53.375366227900003 ], [ -3.0363503012, 53.372539872200001 ], [ -3.0318000118, 53.351629991099998 ], [ -3.0207300116, 53.338969988400002 ] ] ] } },
{ "type": "Feature", "properties": { "ODSCode": "N85059", "Name": "HOYLAKE & MEOLS MEDICAL CTR", "ICBCode": "QYG", "Region": "Y62", "stroke.opacity": "1.0", "stroke.width": "2.0", "fill.opacity": "0", "OBJECTID": 2038, "stroke": "#0000ff", "fill": "#555555" }, "geometry": { "type": "Polygon", "coordinates": [ [ [ -3.1732900024, 53.3575399749 ], [ -3.1692100063, 53.360029988 ], [ -3.1676200083, 53.3636400006 ], [ -3.1609300034, 53.363490019700002 ], [ -3.1473700112, 53.3608500092 ], [ -3.145940014, 53.361550015500001 ], [ -3.1445600181, 53.362370018900002 ], [ -3.1441800174, 53.363340016800002 ], [ -3.1426900183, 53.364640015699997 ], [ -3.1389800082, 53.366509993400001 ], [ -3.1355700025, 53.3683399835 ], [ -3.1342700045, 53.3682599857 ], [ -3.1354600063, 53.369719985400003 ], [ -3.1362100082, 53.371039988100001 ], [ -3.1340200157, 53.3720799942 ], [ -3.1352700136, 53.373279989499999 ], [ -3.1326100361, 53.374280011499998 ], [ -3.1304200592, 53.375000033200003 ], [ -3.1298600675, 53.374660041600002 ], [ -3.1291300746, 53.374960047899997 ], [ -3.1293600702, 53.375310044199999 ], [ -3.1293800684, 53.375650043199997 ], [ -3.1281600813, 53.376160055 ], [ -3.1271900858, 53.376760059699997 ], [ -3.1264300764, 53.377410052400002 ], [ -3.1271600782, 53.378550054 ], [ -3.1282100709, 53.379540046400002 ], [ -3.1262300651, 53.380190042199999 ], [ -3.1268500676, 53.380900044599997 ], [ -3.1277600668, 53.381530045300003 ], [ -3.1305400415, 53.382530019100003 ], [ -3.1310400369, 53.382850015300001 ], [ -3.1317100307, 53.383100009899998 ], [ -3.1324500247, 53.383230003 ], [ -3.1336100129, 53.383749993400002 ], [ -3.1344100077, 53.384289986900001 ], [ -3.1346700064, 53.384819986799997 ], [ -3.1344600074, 53.385019986899998 ], [ -3.1331600159, 53.385429996699997 ], [ -3.131910025, 53.385740005899997 ], [ -3.1307300341, 53.3861100134 ], [ -3.1296200411, 53.386600020400003 ], [ -3.1285400468, 53.386960025299999 ], [ -3.1263700452, 53.387410022799997 ], [ -3.1233500304, 53.387860006700002 ], [ -3.1214500207, 53.388349996499997 ], [ -3.122690025, 53.388880001300002 ], [ -3.1221800228, 53.3899599959 ], [ -3.1214900187, 53.390389992800003 ], [ -3.1211900177, 53.391749988299999 ], [ -3.1210800148, 53.392679985199997 ], [ -3.1211500113, 53.393639983500002 ], [ -3.1216200118, 53.394079983499999 ], [ -3.1213800098, 53.394559981800001 ], [ -3.121680007, 53.3956499791 ], [ -3.1217700038, 53.396519976500002 ], [ -3.1219800037, 53.396819976099998 ], [ -3.1230400044, 53.3975199741 ], [ -3.1240700073, 53.397839972699998 ], [ -3.1254300079, 53.3983999692 ], [ -3.1262300085, 53.3990399646 ], [ -3.1275000092, 53.401219942600001 ], [ -3.1281400154, 53.401879940699999 ], [ -3.1289600177, 53.4024699446 ], [ -3.1310200228, 53.403369956399999 ], [ -3.133180025, 53.404799968 ], [ -3.1380100426, 53.410909960399998 ], [ -3.146470034, 53.409759967799999 ], [ -3.1508900187, 53.408479980899997 ], [ -3.1530300219, 53.407729979700001 ], [ -3.1553100249, 53.407279979099997 ], [ -3.1680800169, 53.4030199878 ], [ -3.1715700228, 53.401739986700001 ], [ -3.1743200222, 53.400669986099999 ], [ -3.1765800184, 53.399649991399997 ], [ -3.1770300171, 53.399769992 ], [ -3.1789300144, 53.398879994200001 ], [ -3.1787900153, 53.398709994599997 ], [ -3.1785000168, 53.398709994599997 ], [ -3.178680015, 53.398109994899997 ], [ -3.1862000174, 53.393579994200003 ], [ -3.1876100262, 53.392569987599998 ], [ -3.1881600296, 53.392319985299999 ], [ -3.1890700423, 53.391419974900003 ], [ -3.1898500453, 53.391019973 ], [ -3.1900700461, 53.391009972500001 ], [ -3.1912200418, 53.3903699743 ], [ -3.1913900392, 53.390109975599998 ], [ -3.1923700347, 53.389629976099997 ], [ -3.1927000341, 53.389249977200002 ], [ -3.1961300241, 53.387399981599998 ], [ -3.1970700228, 53.387019982699996 ], [ -3.1978700204, 53.3868799838 ], [ -3.1986600204, 53.3868699836 ], [ -3.1996100193, 53.386999984399999 ], [ -3.1998100188, 53.386539984199999 ], [ -3.1984800157, 53.385509984599999 ], [ -3.1976800156, 53.385339983400002 ], [ -3.1971400166, 53.3850599839 ], [ -3.1965900143, 53.384549984099998 ], [ -3.195940016, 53.3829399806 ], [ -3.1949200201, 53.381809979400003 ], [ -3.1941200193, 53.380579980299999 ], [ -3.1926700162, 53.378589981499999 ], [ -3.1900000023, 53.374459981699999 ], [ -3.1889299841, 53.3721199736 ], [ -3.1874199798, 53.370029956400003 ], [ -3.1854799823, 53.3680799646 ], [ -3.1821999976, 53.364949967699999 ], [ -3.1807800009, 53.363969967099997 ], [ -3.1807100006, 53.3637199669 ], [ -3.1797999998, 53.3635199669 ], [ -3.1788499997, 53.362779967 ], [ -3.1782399992, 53.362819967100002 ], [ -3.1732900024, 53.3575399749 ] ] ] } },
{ "type": "Feature", "properties": { "ODSCode": "N85616", "Name": "LISCARD GROUP PRACTICE", "ICBCode": "QYG", "Region": "Y62", "stroke.opacity": "1.0", "stroke.width": "2.0", "fill.opacity": "0", "OBJECTID": 1381, "stroke": "#0000ff", "fill": "#555555" }, "geometry": { "type": "Polygon", "coordinates": [ [ [ -3.0827550953, 53.431212905199999 ], [ -3.1095158855, 53.419225323100001 ], [ -3.0986600179, 53.407889997799998 ], [ -3.0949527943, 53.405321949200001 ], [ -3.0877388043, 53.408201974 ], [ -3.078092773, 53.413586197800001 ], [ -3.0659794521, 53.416588885700001 ], [ -3.0589137216, 53.414258574599998 ], [ -3.0496623075, 53.4102070482 ], [ -3.0460039311, 53.407736178299999 ], [ -3.0399654809, 53.405566339499998 ], [ -3.0370638262, 53.405672553400002 ], [ -3.0357326359, 53.406608554100004 ], [ -3.0131641508, 53.404791679699997 ], [ -3.0254975642, 53.423936552699999 ], [ -3.0323582433, 53.433795490100003 ], [ -3.0351593557, 53.438921250600004 ], [ -3.0413200037, 53.443079993 ], [ -3.0590337316, 53.440133332199999 ], [ -3.0762534144, 53.435001715399999 ], [ -3.0824445724, 53.430645913500001 ], [ -3.0827550953, 53.431212905199999 ] ] ] } },
{ "type": "Feature", "properties": { "ODSCode": "N85617", "Name": "SPITAL SURGERY", "ICBCode": "QYG", "Region": "Y62", "stroke.opacity": "1.0", "stroke.width": "2.0", "fill.opacity": "0", "OBJECTID": 5776, "stroke": "#0000ff", "fill": "#555555" }, "geometry": { "type": "Polygon", "coordinates": [ [ [ -3.0301955189, 53.366080615800001 ], [ -3.0303000025, 53.365769986 ], [ -3.0330000042, 53.365489984699998 ], [ -3.0317100101, 53.361259989499999 ], [ -3.0301700131, 53.353419991599999 ], [ -3.0191800096, 53.338249988299999 ], [ -3.0109400008, 53.322259986399999 ], [ -3.0037300075, 53.309949997 ], [ -2.9814100066, 53.305029991300003 ], [ -2.9649400056, 53.312619988100003 ], [ -2.9628800073, 53.317129992399998 ], [ -2.9869100145, 53.348709989299998 ], [ -2.9913700113, 53.3536299907 ], [ -2.9958300036, 53.359359992 ], [ -3.0020100017, 53.357309990300003 ], [ -3.0095700018, 53.361409991899997 ], [ -3.0191599937, 53.366779987199997 ], [ -3.0273098009, 53.366512294099998 ], [ -3.0278700011, 53.367529984599997 ], [ -3.0279200009, 53.367529985 ], [ -3.029890003, 53.366939983400002 ], [ -3.0301955189, 53.366080615800001 ] ] ] } },
{ "type": "Feature", "properties": { "ODSCode": "N85620", "Name": "THE VILLAGE MEDICAL CENTRE", "ICBCode": "QYG", "Region": "Y62", "stroke.opacity": "1.0", "stroke.width": "2.0", "fill.opacity": "0", "OBJECTID": 3082, "stroke": "#0000ff", "fill": "#555555" }, "geometry": { "type": "Polygon", "coordinates": [ [ [ -3.057159999, 53.439809997 ], [ -3.0570299978, 53.440009997700002 ], [ -3.0621800043, 53.438610002700003 ], [ -3.0653600089, 53.437660006599998 ], [ -3.0723100107, 53.435130008800002 ], [ -3.0721400097, 53.4347000056 ], [ -3.0716700081, 53.434310002300002 ], [ -3.0705900013, 53.432219994599997 ], [ -3.0708099996, 53.431599995 ], [ -3.0715799963, 53.430449993700002 ], [ -3.0725699952, 53.4294599949 ], [ -3.073299994, 53.4282999948 ], [ -3.0778500047, 53.425879993 ], [ -3.0788300057, 53.424719989899998 ], [ -3.0788300083, 53.422879987599998 ], [ -3.0778900137, 53.420399983599999 ], [ -3.0764700169, 53.417359987600001 ], [ -3.075140028, 53.414719965300002 ], [ -3.0739800302, 53.414389961799998 ], [ -3.0696500346, 53.415589972900001 ], [ -3.0675000334, 53.415929975899999 ], [ -3.063250026, 53.4159299795 ], [ -3.0612400271, 53.415079972500003 ], [ -3.0600400283, 53.414139965700002 ], [ -3.0576300268, 53.413569963900002 ], [ -3.0526540215, 53.408917979899996 ], [ -3.0500800181, 53.407689983899999 ], [ -3.0476770169, 53.406666977500002 ], [ -3.0437300169, 53.404824962900001 ], [ -3.0373810169, 53.404414954400004 ], [ -3.0327450177, 53.405028958800003 ], [ -3.0207360281, 53.404824944300003 ], [ -3.017132026, 53.4051319549 ], [ -3.0150730194, 53.407382980400001 ], [ -3.0159190162, 53.409940990599999 ], [ -3.0177220147, 53.412447987900002 ], [ -3.0224440155, 53.416591982500002 ], [ -3.0246790141, 53.418432984 ], [ -3.0262190131, 53.420376985899999 ], [ -3.0265630111, 53.421297987300001 ], [ -3.0288943313, 53.4242612846 ], [ -3.0309800103, 53.428149993700004 ], [ -3.0324000083, 53.430299992 ], [ -3.0333900059, 53.432629990300001 ], [ -3.0341600031, 53.4346499878 ], [ -3.0340700033, 53.434649988099999 ], [ -3.0362599961, 53.4388399877 ], [ -3.0400600029, 53.441869991799997 ], [ -3.057159999, 53.439809997 ] ] ] } },
{ "type": "Feature", "properties": { "ODSCode": "N85625", "Name": "MIRIAM PRIMARY CARE GROUP", "ICBCode": "QYG", "Region": "Y62", "stroke.opacity": "1.0", "stroke.width": "2.0", "fill.opacity": "0", "OBJECTID": 3555, "stroke": "#0000ff", "fill": "#555555" }, "geometry": { "type": "Polygon", "coordinates": [ [ [ -3.0808720635, 53.427076595099997 ], [ -3.0808635689, 53.427056573900003 ], [ -3.0808581874, 53.427036169499999 ], [ -3.0808559655, 53.427015557600001 ], [ -3.0808569214, 53.426994911599998 ], [ -3.0808610487, 53.426974404100001 ], [ -3.0808683113, 53.426954210799998 ], [ -3.0808786472, 53.426934500199998 ], [ -3.080891969, 53.4269154403 ], [ -3.0809081662, 53.4268971913 ], [ -3.0809270999, 53.426879907199996 ], [ -3.0809486112, 53.426863735 ], [ -3.0809725168, 53.426848810400003 ], [ -3.080998617, 53.426835261 ], [ -3.0810266903, 53.426823199399998 ], [ -3.0810564985, 53.426812729300003 ], [ -3.081087791, 53.426803937400003 ], [ -3.0811203035, 53.426796899899998 ], [ -3.0811537603, 53.426791674900002 ], [ -3.0811878782, 53.426788306399999 ], [ -3.0812223706, 53.426786823100002 ], [ -3.0812569442, 53.426787238400003 ], [ -3.0812913085, 53.426789548599999 ], [ -3.0813251726, 53.426793732900002 ], [ -3.0813582511, 53.426799758100003 ], [ -3.0813902629, 53.426807570900003 ], [ -3.0814209383, 53.426817106400001 ], [ -3.0814500179, 53.426828284199999 ], [ -3.0814772572, 53.4268410094 ], [ -3.081502423, 53.426855174400004 ], [ -3.0815253062, 53.42687066 ], [ -3.0815457123, 53.426887335499998 ], [ -3.0815634678, 53.426905060700001 ], [ -3.084070006, 53.429690007799998 ], [ -3.0944670689, 53.424706195100001 ], [ -3.0944938531, 53.424694474699997 ], [ -3.0980065436, 53.423295352399997 ], [ -3.0980342586, 53.423285315199998 ], [ -3.1078400434, 53.4200699636 ], [ -3.115594073, 53.417465341899998 ], [ -3.1156268194, 53.417455561399997 ], [ -3.1259892931, 53.414728054699999 ], [ -3.1260527087, 53.414715248699999 ], [ -3.1312200452, 53.413969956499997 ], [ -3.1398600348, 53.411989967399997 ], [ -3.1448400319, 53.410559967899999 ], [ -3.1389296445, 53.404539961200001 ], [ -3.138911835, 53.404519474099999 ], [ -3.138897638, 53.404498003299999 ], [ -3.1364478698, 53.400151661400002 ], [ -3.1364340903, 53.400119548699998 ], [ -3.1364283663, 53.400086574500001 ], [ -3.1362500138, 53.396479985600003 ], [ -3.1314500197, 53.3960499891 ], [ -3.1264300184, 53.396189983100001 ], [ -3.1222600045, 53.397049976 ], [ -3.1100794399, 53.401123517 ], [ -3.1100285444, 53.401137665 ], [ -3.1099746933, 53.401147125500003 ], [ -3.1068300285, 53.401550020499997 ], [ -3.1018294086, 53.4035383123 ], [ -3.1017992286, 53.4035491291 ], [ -3.101767489, 53.403558211799997 ], [ -3.0968499768, 53.404799811799997 ], [ -3.0968098288, 53.404808379899997 ], [ -3.0967683143, 53.404814176599999 ], [ -3.0967259702, 53.404817127699999 ], [ -3.0966833384, 53.4048171958 ], [ -3.0905900106, 53.404619997300003 ], [ -3.0858747933, 53.405621551400003 ], [ -3.0858277618, 53.4056295249 ], [ -3.0857793964, 53.405633784400003 ], [ -3.085730515, 53.405634257899997 ], [ -3.0856819447, 53.405630936800002 ], [ -3.0856345054, 53.405623879300002 ], [ -3.0855890003, 53.405613202200001 ], [ -3.085546198, 53.405599087299997 ], [ -3.0855068209, 53.405581773400002 ], [ -3.085471535, 53.405561552899997 ], [ -3.0854409388, 53.405538767300001 ], [ -3.0854155476, 53.405513802100003 ], [ -3.0853957915, 53.405487078599997 ], [ -3.0853820027, 53.405459049500003 ], [ -3.0853744172, 53.405430188300002 ], [ -3.0853731617, 53.405400983600003 ], [ -3.0853782563, 53.405371927 ], [ -3.0859600084, 53.403339995099998 ], [ -3.0863900091, 53.396459994899999 ], [ -3.0851000106, 53.391009994599997 ], [ -3.0832100111, 53.387169990799997 ], [ -3.0795200125, 53.3824799864 ], [ -3.072907306, 53.378015175 ], [ -3.0728735167, 53.377988620499998 ], [ -3.0728466753, 53.377959367 ], [ -3.0678655017, 53.371420369 ], [ -3.0678517459, 53.371399638 ], [ -3.067841494, 53.3713781943 ], [ -3.0648400059, 53.363670000200003 ], [ -3.0609800058, 53.360439996499998 ], [ -3.0551506667, 53.360689536700001 ], [ -3.0551293079, 53.3606900853 ], [ -3.051669997, 53.360719992 ], [ -3.0466500032, 53.361209990100001 ], [ -3.0377200091, 53.362999987499997 ], [ -3.039083864, 53.368196585299998 ], [ -3.0390879265, 53.368220047599998 ], [ -3.039087856, 53.368243634899997 ], [ -3.0387583427, 53.371868270199997 ], [ -3.0387546031, 53.371889945100001 ], [ -3.0387473702, 53.371911299799997 ], [ -3.0387367142, 53.3719321369 ], [ -3.0387227325, 53.371952257799997 ], [ -3.038705559, 53.371971475199999 ], [ -3.0386853528, 53.371989607099998 ], [ -3.0386623054, 53.372006482700002 ], [ -3.0386366338, 53.372021944799997 ], [ -3.0315400021, 53.3758999828 ], [ -3.0291399952, 53.379539993100003 ], [ -3.0271036055, 53.3851054525 ], [ -3.0270884103, 53.385136245699996 ], [ -3.0270660287, 53.385165429600001 ], [ -3.0270369201, 53.385192409799998 ], [ -3.0270016785, 53.385216633600002 ], [ -3.0242620204, 53.386848021299997 ], [ -3.0242342537, 53.386862985800001 ], [ -3.0242041376, 53.386876227499997 ], [ -3.0241719698, 53.386887615299997 ], [ -3.0241380693, 53.386897035799997 ], [ -3.0241027722, 53.386904397099997 ], [ -3.0240664256, 53.3869096253 ], [ -3.0240293906, 53.386912668699999 ], [ -3.0239920334, 53.386913497199998 ], [ -3.0239547236, 53.386912104099999 ], [ -3.0239178285, 53.386908500499999 ], [ -3.0238817157, 53.386902724700001 ], [ -3.0238467415, 53.386894832 ], [ -3.0238132522, 53.386884901400002 ], [ -3.0237815777, 53.386873030499999 ], [ -3.0237520307, 53.386859337200001 ], [ -3.0237249077, 53.386843957400004 ], [ -3.0148100676, 53.381258822699998 ], [ -3.014782017, 53.381239083 ], [ -3.0147579513, 53.381217544 ], [ -3.0119300114, 53.378339986900002 ], [ -3.0088800125, 53.377949987199997 ], [ -3.0056200149, 53.379179988 ], [ -3.0069038484, 53.3822353093 ], [ -3.0069128366, 53.382265023400002 ], [ -3.0082382798, 53.389330747800003 ], [ -3.0082404637, 53.389349292799999 ], [ -3.0084700032, 53.394089983400001 ], [ -3.011280015, 53.398629975 ], [ -3.0204228132, 53.399674569299997 ], [ -3.0204690663, 53.399681699 ], [ -3.0205134346, 53.399692275100001 ], [ -3.022338122, 53.4002098108 ], [ -3.0223680964, 53.400219324600002 ], [ -3.0223965128, 53.400230415899998 ], [ -3.0224231389, 53.400242994 ], [ -3.0224477603, 53.4002569556 ], [ -3.022470174, 53.400272187399999 ], [ -3.0224901968, 53.400288565099999 ], [ -3.0225076704, 53.400305954399997 ], [ -3.0225224455, 53.400324214400001 ], [ -3.0225344075, 53.4003431979 ], [ -3.0225434546, 53.400362747400003 ], [ -3.0225495155, 53.4003827055 ], [ -3.0225525412, 53.400402908899999 ], [ -3.022552505, 53.4004231933 ], [ -3.0225494077, 53.400443392500001 ], [ -3.0225432767, 53.400463342499997 ], [ -3.0225341609, 53.400482882200002 ], [ -3.0225221317, 53.400501849 ], [ -3.0225072905, 53.400520091 ], [ -3.0224897573, 53.400537459 ], [ -3.0224696744, 53.4005538105 ], [ -3.0224472057, 53.400569014799999 ], [ -3.0224225361, 53.400582944299998 ], [ -3.0223958646, 53.400595487799997 ], [ -3.0223674082, 53.400606543499997 ], [ -3.0223374009, 53.400616019700003 ], [ -3.0223060846, 53.400623840400002 ], [ -3.0222737163, 53.4006299415 ], [ -3.0222405597, 53.4006342721 ], [ -3.0222068846, 53.400636799499999 ], [ -3.0221729643, 53.400637500499997 ], [ -3.0221390783, 53.400636371099999 ], [ -3.0221054992, 53.4006334205 ], [ -3.0123100165, 53.399499971799997 ], [ -3.0150600186, 53.407279978 ], [ -3.0226100167, 53.417309981800003 ], [ -3.0325487726, 53.42833644 ], [ -3.032567538, 53.428360577100001 ], [ -3.0325813934, 53.4283858704 ], [ -3.0363499951, 53.436949986199998 ], [ -3.0415000011, 53.441449991299997 ], [ -3.0610700041, 53.439810001799998 ], [ -3.0734300138, 53.435920015699999 ], [ -3.0823500071, 53.429990009299999 ], [ -3.0808720635, 53.427076595099997 ] ] ] } },
{ "type": "Feature", "properties": { "ODSCode": "N85629", "Name": "EGREMONT MED CTR", "ICBCode": "QYG", "Region": "Y62", "stroke.opacity": "1.0", "stroke.width": "2.0", "fill.opacity": "0", "OBJECTID": 5581, "stroke": "#0000ff", "fill": "#555555" }, "geometry": { "type": "Polygon", "coordinates": [ [ [ -3.0293500087, 53.4246399934 ], [ -3.0346700082, 53.423519996099998 ], [ -3.037680006, 53.422649995100002 ], [ -3.0409800046, 53.421809993799997 ], [ -3.0439000033, 53.421169991600003 ], [ -3.0442000031, 53.4207899914 ], [ -3.0425700003, 53.419739991599997 ], [ -3.0420099999, 53.419099992 ], [ -3.0414499998, 53.418179992200002 ], [ -3.0412800001, 53.417279991500003 ], [ -3.0423100158, 53.412289975100002 ], [ -3.0384900111, 53.407539983100001 ], [ -3.036520015, 53.405229962200004 ], [ -3.023560033, 53.403949928599999 ], [ -3.0150600243, 53.405849964 ], [ -3.0186200144, 53.412839987300003 ], [ -3.0251000151, 53.419529983399997 ], [ -3.0293500087, 53.4246399934 ] ] ] } },
{ "type": "Feature", "properties": { "ODSCode": "N85633", "Name": "CHURCH ROAD MEDICAL PRACTICE", "ICBCode": "QYG", "Region": "Y62", "stroke.opacity": "1.0", "stroke.width": "2.0", "fill.opacity": "0", "OBJECTID": 635, "stroke": "#0000ff", "fill": "#555555" }, "geometry": { "type": "Polygon", "coordinates": [ [ [ -3.0342820009, 53.377952987500002 ], [ -3.0414950056, 53.3738049842 ], [ -3.0710199977, 53.369399996699997 ], [ -3.0490500145, 53.334969987199997 ], [ -2.9981520097, 53.331846995500001 ], [ -2.9814150154, 53.341788995 ], [ -3.0040700121, 53.372679992199998 ], [ -3.0342820009, 53.377952987500002 ] ] ] } },
{ "type": "Feature", "properties": { "ODSCode": "N85634", "Name": "VITTORIA MED CTR K", "ICBCode": "QYG", "Region": "Y62", "stroke.opacity": "1.0", "stroke.width": "2.0", "fill.opacity": "0", "OBJECTID": 3367, "stroke": "#0000ff", "fill": "#555555" }, "geometry": { "type": "Polygon", "coordinates": [ [ [ -3.0377200142, 53.426309996100002 ], [ -3.041404637, 53.4430926605 ], [ -3.0812155512, 53.4272221505 ], [ -3.11291005, 53.400530043700002 ], [ -3.1317900417, 53.371450017599997 ], [ -3.1450079975, 53.343378036399997 ], [ -3.0922128681, 53.316188190200002 ], [ -2.9996171693, 53.3368159109 ], [ -2.9724900063, 53.348909990599999 ], [ -3.0377200142, 53.426309996100002 ] ] ] } },
{ "type": "Feature", "properties": { "ODSCode": "N85640", "Name": "LEASOWE MEDICAL PRACTICE", "ICBCode": "QYG", "Region": "Y62", "stroke.opacity": "1.0", "stroke.width": "2.0", "fill.opacity": "0", "OBJECTID": 1070, "stroke": "#0000ff", "fill": "#555555" }, "geometry": { "type": "Polygon", "coordinates": [ [ [ -3.0693099938, 53.429889990500001 ], [ -3.0721400093, 53.4349000068 ], [ -3.0946700289, 53.4245199812 ], [ -3.1376200389, 53.412199965 ], [ -3.1268100055, 53.400889945 ], [ -3.1099900369, 53.388040009199997 ], [ -3.0985500152, 53.3801699885 ], [ -3.0850500114, 53.3868399905 ], [ -3.048610007, 53.415419984 ], [ -3.060210014, 53.419769987800002 ], [ -3.0693099938, 53.429889990500001 ] ] ] } },
{ "type": "Feature", "properties": { "ODSCode": "N85643", "Name": "PRENTON & WOODCHURCH MEDICAL CENTRE", "ICBCode": "QYG", "Region": "Y62", "stroke.opacity": "1.0", "stroke.width": "2.0", "fill.opacity": "0", "OBJECTID": 2609, "stroke": "#0000ff", "fill": "#555555" }, "geometry": { "type": "Polygon", "coordinates": [ [ [ -3.0287900276, 53.403389934 ], [ -3.1242400039, 53.398889967199999 ], [ -3.1221800294, 53.348500021699998 ], [ -3.0342900111, 53.351369989699997 ], [ -3.0287900276, 53.403389934 ] ] ] } },
{ "type": "Feature", "properties": { "ODSCode": "N85648", "Name": "BLACKHEATH MED CTR", "ICBCode": "QYG", "Region": "Y62", "stroke.opacity": "1.0", "stroke.width": "2.0", "fill.opacity": "0", "OBJECTID": 310, "stroke": "#0000ff", "fill": "#555555" }, "geometry": { "type": "Polygon", "coordinates": [ [ [ -3.0762580242, 53.415157970499997 ], [ -3.0777170203, 53.415413973500002 ], [ -3.0775450151, 53.417203988200001 ], [ -3.0777170144, 53.4186359837 ], [ -3.0793480117, 53.420630983899997 ], [ -3.1176280289, 53.414645979500001 ], [ -3.1106760447, 53.4019570325 ], [ -3.0889610098, 53.405845997100002 ], [ -3.0762580242, 53.415157970499997 ] ] ] } },
{ "type": "Feature", "properties": { "ODSCode": "Y00446", "Name": "MAGHULL PRACTICE", "ICBCode": "QYG", "Region": "Y62", "stroke.opacity": "1.0", "stroke.width": "2.0", "fill.opacity": "0", "OBJECTID": 2908, "stroke": "#0000ff", "fill": "#555555" }, "geometry": { "type": "Polygon", "coordinates": [ [ [ -2.9602100101, 53.540029993600001 ], [ -2.9616700058, 53.534949987200001 ], [ -2.9584100052, 53.520129986699999 ], [ -2.9592300134, 53.516299986600004 ], [ -2.9656200228, 53.515819982399996 ], [ -2.9851900117, 53.5120399917 ], [ -2.9891400025, 53.511479988700003 ], [ -2.991289999, 53.503359989400003 ], [ -2.982230013, 53.4984899906 ], [ -2.9733500139, 53.496449990800002 ], [ -2.9647599983, 53.496239996600004 ], [ -2.9538600128, 53.495529996899997 ], [ -2.9511600166, 53.495679997400003 ], [ -2.9437400136, 53.495679994600003 ], [ -2.9288900099, 53.50123999 ], [ -2.9158400153, 53.508059991899998 ], [ -2.9079000117, 53.512929989299998 ], [ -2.8996200122, 53.5169699884 ], [ -2.8989300119, 53.518849990699998 ], [ -2.8988900101, 53.520079990900001 ], [ -2.9011600014, 53.522909985600002 ], [ -2.9098300073, 53.523449991699998 ], [ -2.9177300055, 53.5252799923 ], [ -2.9302199967, 53.530949994300002 ], [ -2.9336899972, 53.533089994599997 ], [ -2.9342100006, 53.5350999952 ], [ -2.9363999995, 53.538339996099999 ], [ -2.9428300076, 53.538899994799998 ], [ -2.9602100101, 53.540029993600001 ] ] ] } },
{ "type": "Feature", "properties": { "ODSCode": "Y00475", "Name": "GARSWOOD SURGERY", "ICBCode": "QYG", "Region": "Y62", "stroke.opacity": "1.0", "stroke.width": "2.0", "fill.opacity": "0", "OBJECTID": 5617, "stroke": "#0000ff", "fill": "#555555" }, "geometry": { "type": "Polygon", "coordinates": [ [ [ -2.7158120065, 53.522170984500001 ], [ -2.7152804126, 53.519035317399997 ], [ -2.7159704179, 53.5178777 ], [ -2.7163140732, 53.516558592800003 ], [ -2.7163755891, 53.5111786485 ], [ -2.7164546034, 53.504268781100002 ], [ -2.7202459065, 53.496984747299997 ], [ -2.7208695775, 53.491524940200001 ], [ -2.7175454501, 53.485412965499997 ], [ -2.7113182294, 53.479271842599999 ], [ -2.692993483, 53.470295859300002 ], [ -2.6906164243, 53.4696013338 ], [ -2.6872549079, 53.467501438 ], [ -2.6784703242, 53.466623711499999 ], [ -2.6659710496, 53.465374796100001 ], [ -2.660990296, 53.467989539900003 ], [ -2.6549305078, 53.469505555799998 ], [ -2.6503390895, 53.470908683099999 ], [ -2.6442074221, 53.4715028221 ], [ -2.6398252385, 53.472599055899998 ], [ -2.6388304587, 53.4739047383 ], [ -2.6382345601, 53.4746868573 ], [ -2.6372629853, 53.475196806500001 ], [ -2.6341950373, 53.476480388799999 ], [ -2.6313795988, 53.478284676 ], [ -2.6251965689, 53.4801005351 ], [ -2.6237151307, 53.481444304900002 ], [ -2.6219097913, 53.483677686299998 ], [ -2.6286517638, 53.493361252200003 ], [ -2.6332577493, 53.497902136699999 ], [ -2.6354720093, 53.504233176 ], [ -2.6367173658, 53.505128692500001 ], [ -2.6377871525, 53.506183109200002 ], [ -2.6398619247, 53.507674968 ], [ -2.6412905638, 53.508258296699999 ], [ -2.6424403156, 53.508975852200003 ], [ -2.6445424304, 53.510487266600002 ], [ -2.6480508822, 53.5113999812 ], [ -2.6493594156, 53.511934218599997 ], [ -2.6501721878, 53.513064245899997 ], [ -2.6527638791, 53.513034279599999 ], [ -2.6525443741, 53.513876933399999 ], [ -2.6526000774, 53.514402063399999 ], [ -2.6526571416, 53.514939998199999 ], [ -2.652814689, 53.516425171 ], [ -2.6524135135, 53.519935188799998 ], [ -2.6529092987, 53.522859609699999 ], [ -2.715769005, 53.522132984700001 ], [ -2.7158120065, 53.522170984500001 ] ] ] } },
{ "type": "Feature", "properties": { "ODSCode": "Y01108", "Name": "FAIRFIELD SURGERY", "ICBCode": "QYG", "Region": "Y62", "stroke.opacity": "1.0", "stroke.width": "2.0", "fill.opacity": "0", "OBJECTID": 4679, "stroke": "#0000ff", "fill": "#555555" }, "geometry": { "type": "Polygon", "coordinates": [ [ [ -2.6467599984, 53.414439999300001 ], [ -2.6501499927, 53.392029994799998 ], [ -2.6109700187, 53.357719993400003 ], [ -2.5951800164, 53.334969990499999 ], [ -2.5131200113, 53.351779989699999 ], [ -2.5169000027, 53.399089990100002 ], [ -2.5555200074, 53.424059958699999 ], [ -2.6467599984, 53.414439999300001 ] ] ] } },
{ "type": "Feature", "properties": { "ODSCode": "Y02045", "Name": "VERNOVA HEALTHCARE CIC", "ICBCode": "QYG", "Region": "Y62", "stroke.opacity": "1.0", "stroke.width": "2.0", "fill.opacity": "0", "OBJECTID": 711, "stroke": "#0000ff", "fill": "#555555" }, "geometry": { "type": "Polygon", "coordinates": [ [ [ -2.0194200094, 53.365709989199999 ], [ -2.1148700048, 53.360389987300003 ], [ -2.2000100138, 53.3571099933 ], [ -2.3998300191, 53.304619984600002 ], [ -2.3922700095, 53.288209995599999 ], [ -2.4012000067, 53.250839988199999 ], [ -2.3689299999, 53.180939990900001 ], [ -2.2364000133, 53.146359996400001 ], [ -2.1114300126, 53.175589997700001 ], [ -2.044140013, 53.218779983799998 ], [ -2.059250011, 53.279999986299998 ], [ -2.0194200094, 53.365709989199999 ] ] ] } },
{ "type": "Feature", "properties": { "ODSCode": "Y02510", "Name": "MARSHALLS CROSS MEDICAL CENTRE", "ICBCode": "QYG", "Region": "Y62", "stroke.opacity": "1.0", "stroke.width": "2.0", "fill.opacity": "0", "OBJECTID": 3722, "stroke": "#0000ff", "fill": "#555555" }, "geometry": { "type": "Polygon", "coordinates": [ [ [ -2.8085500103, 53.459649994499998 ], [ -2.8033199931, 53.443489985900001 ], [ -2.8064500256, 53.4398099617 ], [ -2.7991100184, 53.434189986500002 ], [ -2.7941300159, 53.431479986200003 ], [ -2.7884700151, 53.429889986299997 ], [ -2.7780800103, 53.415769993600001 ], [ -2.7806100085, 53.407379990199999 ], [ -2.7815400155, 53.4015499972 ], [ -2.7683800055, 53.400009985300002 ], [ -2.7525500114, 53.401469987299997 ], [ -2.7467700142, 53.403119984500002 ], [ -2.7386000163, 53.401289980100003 ], [ -2.7317100117, 53.400209986199997 ], [ -2.7241300213, 53.399119982400002 ], [ -2.7207800203, 53.399909985100003 ], [ -2.7160900095, 53.388269985100003 ], [ -2.7160700076, 53.3861899849 ], [ -2.7050699953, 53.386279992200002 ], [ -2.6954499257, 53.386669985799998 ], [ -2.6901599124, 53.384889984600001 ], [ -2.6819599921, 53.386889982 ], [ -2.6650400162, 53.389369980799998 ], [ -2.6579999479, 53.414039989499997 ], [ -2.6636599975, 53.428159992300003 ], [ -2.670260005, 53.441459993 ], [ -2.67708, 53.440029998299998 ], [ -2.6780700134, 53.443919993199998 ], [ -2.6766800231, 53.449759992099999 ], [ -2.6668900195, 53.446599991100001 ], [ -2.661020018, 53.448679989600002 ], [ -2.65257002, 53.455969992599996 ], [ -2.6430900272, 53.456109989200002 ], [ -2.6410600277, 53.4560599884 ], [ -2.6388800312, 53.456109986800001 ], [ -2.6367700341, 53.456259984299997 ], [ -2.6346800363, 53.456339983100001 ], [ -2.6335500379, 53.456309983799997 ], [ -2.6306300361, 53.456379984 ], [ -2.6270900288, 53.4567499825 ], [ -2.6242700202, 53.457159982199997 ], [ -2.6235700207, 53.457729981599996 ], [ -2.6229100202, 53.4583799806 ], [ -2.6206400103, 53.457609981200001 ], [ -2.615240007, 53.456169981899997 ], [ -2.6144400077, 53.455249983199998 ], [ -2.6135100079, 53.455089982899999 ], [ -2.6126300054, 53.454609982500003 ], [ -2.6107700052, 53.4553399825 ], [ -2.6086500056, 53.455309982499998 ], [ -2.6074100051, 53.455549982800001 ], [ -2.6061200062, 53.458289984399997 ], [ -2.6165500323, 53.462769984200001 ], [ -2.6252200305, 53.465489984100003 ], [ -2.6332900032, 53.470929987799998 ], [ -2.6362000082, 53.47548999 ], [ -2.6415200106, 53.478619981400001 ], [ -2.6542300058, 53.488349983500001 ], [ -2.6710500083, 53.4832999857 ], [ -2.6875300081, 53.474559989399999 ], [ -2.7380000048, 53.471499984899999 ], [ -2.7570500036, 53.470169992499997 ], [ -2.8088900141, 53.468229986 ], [ -2.8085500137, 53.463839989500002 ], [ -2.8085500103, 53.459649994499998 ] ] ] } },
{ "type": "Feature", "properties": { "ODSCode": "Y04664", "Name": "THE WILLASTON SURGERY", "ICBCode": "QYG", "Region": "Y62", "stroke.opacity": "1.0", "stroke.width": "2.0", "fill.opacity": "0", "OBJECTID": 267, "stroke": "#0000ff", "fill": "#555555" }, "geometry": { "type": "Polygon", "coordinates": [ [ [ -3.0654430144, 53.294358998100002 ], [ -3.0616660113, 53.282557989399997 ], [ -2.9759220062, 53.290970001399998 ], [ -2.9755780059, 53.2909700019 ], [ -2.9858780039, 53.302459995200003 ], [ -3.0648420152, 53.295688997699997 ], [ -3.0654430144, 53.294358998100002 ] ] ] } },
{ "type": "Feature", "properties": { "ODSCode": "Y04925", "Name": "CHAPELFORD PRIMARY CARE CENTRE", "ICBCode": "QYG", "Region": "Y62", "stroke.opacity": "1.0", "stroke.width": "2.0", "fill.opacity": "0", "OBJECTID": 3463, "stroke": "#0000ff", "fill": "#555555" }, "geometry": { "type": "Polygon", "coordinates": [ [ [ -2.6877000146, 53.42487999 ], [ -2.6940499058, 53.385989985199998 ], [ -2.675170021, 53.3824099785 ], [ -2.6229899984, 53.383429985399999 ], [ -2.6120000564, 53.385479999600001 ], [ -2.6104500375, 53.389059997 ], [ -2.6120000147, 53.393159992500003 ], [ -2.6073600377, 53.3975599965 ], [ -2.5994700176, 53.400319997399997 ], [ -2.6063300055, 53.417409988700001 ], [ -2.6204100228, 53.430499988500003 ], [ -2.6298500517, 53.432240009899999 ], [ -2.6372299831, 53.4314199931 ], [ -2.6418699567, 53.432339990800003 ], [ -2.6485599764, 53.436329991500003 ], [ -2.6576600157, 53.438479989500003 ], [ -2.6638400137, 53.442669987800002 ], [ -2.6671000068, 53.440419990099997 ], [ -2.6590299993, 53.431219993 ], [ -2.6614399986, 53.429379991600001 ], [ -2.66882001, 53.4287599918 ], [ -2.6877000146, 53.42487999 ] ] ] } },
{ "type": "Feature", "properties": { "ODSCode": "Y05750", "Name": "DAVID LEWIS MEDICAL PRACTICE", "ICBCode": "QYG", "Region": "Y62", "stroke.opacity": "1.0", "stroke.width": "2.0", "fill.opacity": "0", "OBJECTID": 1575, "stroke": "#0000ff", "fill": "#555555" }, "geometry": { "type": "Polygon", "coordinates": [ [ [ -2.2857360046, 53.289718991299999 ], [ -2.2858210039, 53.290103990600002 ], [ -2.2883960064, 53.289795991600002 ], [ -2.2896410053, 53.289744991900001 ], [ -2.2892980053, 53.289000991599998 ], [ -2.2865510035, 53.2850749909 ], [ -2.2856930025, 53.283381991200002 ], [ -2.2829030007, 53.284202991699999 ], [ -2.2835040014, 53.285177991499999 ], [ -2.2839330027, 53.285716992 ], [ -2.2832040018, 53.285819991799997 ], [ -2.2826890022, 53.286537992 ], [ -2.2835900023, 53.287512992300002 ], [ -2.2829030019, 53.287743991100001 ], [ -2.2837620035, 53.288820991500003 ], [ -2.2845340037, 53.2888209917 ], [ -2.2857360046, 53.289718991299999 ] ] ] } }
]
}
