{
"type": "FeatureCollection",
"name": "neighbourhood_boundaries v4",
"crs": { "type": "name", "properties": { "name": "urn:ogc:def:crs:OGC:1.3:CRS84" } },
"features": [
{ "type": "Feature", "properties": { "Neighbourhood_Boundary": "Ainsdale" }, "geometry": { "type": "Polygon", "coordinates": [ [ [ -3.033345148276841, 53.585103925325591 ], [ -3.04859689373871, 53.586652946294365 ], [ -3.047710157555745, 53.589214398136406 ], [ -3.051778030612851, 53.589435792812544 ], [ -3.055285467655439, 53.587410334798236 ], [ -3.086133399480841, 53.587327718378887 ], [ -3.086118724109149, 53.587346018797334 ], [ -3.062117773273926, 53.610154167412659 ], [ -3.06198898649622, 53.610328018521109 ], [ -3.03738202991212, 53.610774855115075 ], [ -3.036536183525371, 53.608826181500476 ], [ -3.030102542838188, 53.616239020949116 ], [ -3.010179521163481, 53.637439577918656 ], [ -2.99733572879627, 53.626869732321367 ], [ -3.014101165104823, 53.61126110576599 ], [ -3.032150856991692, 53.59851362684789 ], [ -3.033345148276841, 53.585103925325591 ] ] ] } },
{ "type": "Feature", "properties": { "Neighbourhood_Boundary": "BDP" }, "geometry": { "type": "Polygon", "coordinates": [ [ [ -2.089187532979764, 53.283592574725098 ], [ -2.093886334646523, 53.267322684726274 ], [ -2.098349383734866, 53.267167121575369 ], [ -2.093918123689716, 53.260635853223533 ], [ -2.103683563591098, 53.260190021907135 ], [ -2.107156131735308, 53.263467805047753 ], [ -2.109788603411196, 53.276315741449501 ], [ -2.115838714022808, 53.280929347685735 ], [ -2.12870137639695, 53.285584895933361 ], [ -2.126006610032466, 53.288329367579408 ], [ -2.131921867475179, 53.291416803374901 ], [ -2.12443982785919, 53.299330032047472 ], [ -2.142618212896865, 53.305697380246428 ], [ -2.148876365708586, 53.319935997604134 ], [ -2.159555265770507, 53.328172590363167 ], [ -2.152536030317326, 53.32853625633409 ], [ -2.150008799050129, 53.338280482059183 ], [ -2.144099604573743, 53.342853965054616 ], [ -2.151191007487142, 53.348116139490266 ], [ -2.14253322455986, 53.354172547391961 ], [ -2.138197214754101, 53.356874283464776 ], [ -2.139026014484578, 53.367300101762424 ], [ -2.124295494994322, 53.361950185913095 ], [ -2.114409743341419, 53.364603744547424 ], [ -2.103939004628406, 53.366024097984301 ], [ -2.095092505983278, 53.366051357314909 ], [ -2.078618277647404, 53.358156453736981 ], [ -2.060833838924501, 53.358419192456715 ], [ -2.055321135100985, 53.366875001282807 ], [ -2.040564438961744, 53.374071761344112 ], [ -2.03105930207477, 53.370246406188137 ], [ -2.03410734292233, 53.367779386634595 ], [ -2.027046792682844, 53.363695618230189 ], [ -2.021806370954073, 53.366762267492867 ], [ -2.009049527368702, 53.361991800915426 ], [ -2.008066076280658, 53.354950771267717 ], [ -2.004660645999421, 53.345993745442151 ], [ -2.014319913019569, 53.340042469675168 ], [ -2.01365060344674, 53.332404021396236 ], [ -2.009283680885061, 53.331372487766714 ], [ -2.010266578984187, 53.322880814592814 ], [ -2.001551680924161, 53.31890563298775 ], [ -2.009329777233241, 53.302297743088587 ], [ -2.008135439750351, 53.287471863388824 ], [ -2.017152983554003, 53.286157561474894 ], [ -2.01828060170352, 53.292348850393338 ], [ -2.027660812720943, 53.293752905706967 ], [ -2.023211231424872, 53.29962433129392 ], [ -2.028182412505641, 53.302093357954099 ], [ -2.028080122225357, 53.310728870457162 ], [ -2.034985664671268, 53.307376014758738 ], [ -2.051303672813314, 53.310408286200122 ], [ -2.059293246789878, 53.305551517893839 ], [ -2.065660654969212, 53.305645309134967 ], [ -2.067179834030802, 53.302124412302916 ], [ -2.085312685698824, 53.301607671899667 ], [ -2.092390632679074, 53.290986147257669 ], [ -2.089187532979764, 53.283592574725098 ] ] ] } },
{ "type": "Feature", "properties": { "Neighbourhood_Boundary": "Birkenhead" }, "geometry": { "type": "Polygon", "coordinates": [ [ [ -3.014295148943255, 53.343462682139176 ], [ -3.013848061665941, 53.340495596713218 ], [ -3.020024265873153, 53.338673296820701 ], [ -3.021907910460898, 53.337561318469177 ], [ -3.024745740759053, 53.338025196065118 ], [ -3.028200578269955, 53.337112527327328 ], [ -3.033447966506024, 53.337302847433172 ], [ -3.035857315905228, 53.336889780930385 ], [ -3.037791354139995, 53.338241278875437 ], [ -3.040195781135739, 53.338107956973921 ], [ -3.043728503887858, 53.345007479585647 ], [ -3.046832787251868, 53.345603320623553 ], [ -3.049178965975975, 53.344555400127199 ], [ -3.055055688974088, 53.344090877341827 ], [ -3.064789547485665, 53.340667420271743 ], [ -3.064759959336, 53.343636051435467 ], [ -3.068279822200414, 53.346072022252386 ], [ -3.067243270949936, 53.349054803324201 ], [ -3.063545724526509, 53.359617062610901 ], [ -3.068887934944026, 53.363756401340453 ], [ -3.072177990224549, 53.369525256868862 ], [ -3.071246229110419, 53.369701458230182 ], [ -3.068305802570887, 53.370231209727514 ], [ -3.062008995025901, 53.370498019105767 ], [ -3.058592832887526, 53.371713423049833 ], [ -3.056192209243106, 53.372174181987944 ], [ -3.049816724998414, 53.373144211693337 ], [ -3.045063040680003, 53.373738448832079 ], [ -3.046910201570505, 53.374925123411472 ], [ -3.052323444734386, 53.376126284075013 ], [ -3.053191831417841, 53.377748375634383 ], [ -3.050896571973665, 53.379111722278637 ], [ -3.053050722487741, 53.380354541331478 ], [ -3.051965824702945, 53.381837722661011 ], [ -3.056277342442196, 53.384141822427019 ], [ -3.060483543673601, 53.387890194144497 ], [ -3.055909562601776, 53.38885378623138 ], [ -3.055483042953803, 53.391488184643286 ], [ -3.053610138189296, 53.391819297484226 ], [ -3.052219417522964, 53.389627427787111 ], [ -3.048794500238251, 53.389559096788084 ], [ -3.046011860860418, 53.390411909901744 ], [ -3.04612293043109, 53.393718979374803 ], [ -3.042725273574959, 53.394989233773231 ], [ -3.043874340739796, 53.397647408235343 ], [ -3.050563140060499, 53.397492296697607 ], [ -3.049443939450982, 53.399043560125591 ], [ -3.04934460246829, 53.399193201425824 ], [ -3.05486017875282, 53.400709337939283 ], [ -3.051561555936902, 53.403714752231025 ], [ -3.058451994130576, 53.406205690714359 ], [ -3.054823683429355, 53.41007171585327 ], [ -3.050853126560249, 53.407668201715062 ], [ -3.047962719346697, 53.406489065734114 ], [ -3.044917319513912, 53.404118497268882 ], [ -3.041334299019709, 53.403452038846787 ], [ -3.036515045748073, 53.403893141042651 ], [ -3.032012006088883, 53.404502825859112 ], [ -3.021639724022529, 53.401471525507283 ], [ -3.013064585093447, 53.401922143557229 ], [ -3.012739515344845, 53.401272353585185 ], [ -3.012197959395887, 53.400309772249479 ], [ -3.011563703223234, 53.39925719276367 ], [ -3.011252513276047, 53.398799496500921 ], [ -3.011352965795992, 53.398456161401043 ], [ -3.011677986363448, 53.398272727643985 ], [ -3.0123764194355, 53.398171074884111 ], [ -3.013352731513388, 53.398213133319302 ], [ -3.013267054344132, 53.39796171564447 ], [ -3.010758109988521, 53.397819376498632 ], [ -3.010415754722596, 53.39766303276533 ], [ -3.010251801730903, 53.39739867049429 ], [ -3.009382400088414, 53.39627380189679 ], [ -3.009406020260505, 53.395909397964189 ], [ -3.009106721136178, 53.395590119259673 ], [ -3.008879130126933, 53.395622619564868 ], [ -3.008749361306115, 53.395454707732149 ], [ -3.008623531419839, 53.393825933964401 ], [ -3.008888383728644, 53.393733023868549 ], [ -3.008653740826688, 53.393380837573503 ], [ -3.008562417283899, 53.393034808291837 ], [ -3.008426556464402, 53.391275968377251 ], [ -3.008007402419463, 53.3896773126597 ], [ -3.008021371936865, 53.388923076767348 ], [ -3.007956126403413, 53.388770812269208 ], [ -3.00808246466999, 53.388517598718799 ], [ -3.008348004977285, 53.388396697568595 ], [ -3.008400161429817, 53.388026801983031 ], [ -3.008254637902597, 53.387881508620595 ], [ -3.008312361973314, 53.387651796985296 ], [ -3.007682530895615, 53.387595543241019 ], [ -3.008015977062827, 53.387453978283389 ], [ -3.008076690573211, 53.387240673694706 ], [ -3.007494574482723, 53.387117558963837 ], [ -3.007735768291934, 53.38699742195606 ], [ -3.007800847390216, 53.386766479840659 ], [ -3.007401785228938, 53.386690008985852 ], [ -3.007474335701803, 53.386515006459405 ], [ -3.007094183794161, 53.386193859992339 ], [ -3.006694220395988, 53.384668021745725 ], [ -3.00710985577088, 53.384577323805502 ], [ -3.006945172762763, 53.384320275784646 ], [ -3.006620861422884, 53.384388148987526 ], [ -3.006579051204735, 53.384228636578257 ], [ -3.006846211647867, 53.384172340570906 ], [ -3.00637709368444, 53.383432439639854 ], [ -3.006160672236138, 53.382607820628209 ], [ -3.006812848526218, 53.382471878501043 ], [ -3.005837551818646, 53.380895776487833 ], [ -3.00594985959526, 53.380526275415704 ], [ -3.004956435173033, 53.379102684603843 ], [ -3.004187094223979, 53.37824160725912 ], [ -3.003707426937972, 53.377706856013475 ], [ -3.003306653794722, 53.377681125891932 ], [ -3.001546385359797, 53.377925932100993 ], [ -2.999296697330378, 53.375676850525778 ], [ -2.999630658513926, 53.375381339900621 ], [ -3.00055685416481, 53.375153005550168 ], [ -3.001371472503275, 53.375116953202287 ], [ -3.001535102318395, 53.375011754569293 ], [ -3.002580395099483, 53.374781388658143 ], [ -3.00247712992045, 53.374640678036094 ], [ -3.002135844651729, 53.374669615138515 ], [ -3.001407298668723, 53.374850124672534 ], [ -3.001134952152452, 53.374518015794514 ], [ -3.001733972205884, 53.374230726579086 ], [ -3.00146214646664, 53.373760630959843 ], [ -2.999318278935406, 53.371816738231743 ], [ -2.998082290277652, 53.370757577975198 ], [ -2.996388438076086, 53.369252368029159 ], [ -2.996167236083059, 53.36892298372161 ], [ -2.995643863925244, 53.368328229115853 ], [ -2.995450703438523, 53.368004860333535 ], [ -2.995118094534043, 53.367858854687299 ], [ -2.994857907431062, 53.367879938904494 ], [ -2.994046973367773, 53.36705286389865 ], [ -2.995683927366092, 53.367894811578942 ], [ -2.999228130717057, 53.365768093022652 ], [ -2.999363403639415, 53.365048254385805 ], [ -3.005894369840529, 53.363806888868055 ], [ -3.005700569825563, 53.363430336781278 ], [ -3.00558144280557, 53.363146288484643 ], [ -3.004537345476897, 53.360796254337899 ], [ -3.004234716098948, 53.358913320346147 ], [ -3.007504406253634, 53.35866100804008 ], [ -3.010826284978515, 53.357549860485598 ], [ -3.013760006897184, 53.358923441766819 ], [ -3.016904123986371, 53.355513792490704 ], [ -3.014950201005285, 53.353865053957584 ], [ -3.011839959347834, 53.354273736979913 ], [ -3.008736731554506, 53.353930807626881 ], [ -3.013671592871813, 53.351784223467789 ], [ -3.013858910769596, 53.349101969185355 ], [ -3.015936237490248, 53.349390842577208 ], [ -3.017414821539068, 53.349615484597571 ], [ -3.017908331858601, 53.346132468791602 ], [ -3.016793771923321, 53.343871474830948 ], [ -3.016099922357405, 53.343802556022474 ], [ -3.014295148943255, 53.343462682139176 ] ] ] } },
{ "type": "Feature", "properties": { "Neighbourhood_Boundary": "Bootle" }, "geometry": { "type": "Polygon", "coordinates": [ [ [ -3.008581169819458, 53.437681532269139 ], [ -3.008621463746887, 53.437838929223574 ], [ -3.008756141417482, 53.438365007879746 ], [ -3.023555875469296, 53.45621507335175 ], [ -3.027739439122364, 53.4551169131867 ], [ -3.0346344081322, 53.460057093354962 ], [ -3.036396537327481, 53.461418988231593 ], [ -3.036536565272709, 53.461534076874649 ], [ -3.006391267475278, 53.46683291912467 ], [ -2.998417553148522, 53.459120042139972 ], [ -2.992562176904342, 53.458556696037384 ], [ -2.984095690262024, 53.463805182078332 ], [ -2.979810590504, 53.457080842164018 ], [ -2.972566241650493, 53.4583859052333 ], [ -2.973394398683368, 53.447432524879524 ], [ -2.97530782472358, 53.443230736080736 ], [ -2.981059853979867, 53.442330541956977 ], [ -2.985195378047738, 53.441561249616676 ], [ -2.9910542050288, 53.440196151518649 ], [ -3.008581169819458, 53.437681532269139 ] ] ] } },
{ "type": "Feature", "properties": { "Neighbourhood_Boundary": "Broadway" }, "geometry": { "type": "Polygon", "coordinates": [ [ [ -2.954364613625817, 53.44457983578576 ], [ -2.942666771169703, 53.448238322481629 ], [ -2.936144815814979, 53.450306293463441 ], [ -2.920014137590726, 53.454617112269872 ], [ -2.920009044024409, 53.454608943821235 ], [ -2.891818851382249, 53.463221899217508 ], [ -2.891441232270059, 53.463099809875779 ], [ -2.880941114280783, 53.457104255048804 ], [ -2.867856082647996, 53.449278837858074 ], [ -2.870592143868425, 53.442511893728316 ], [ -2.883040289876082, 53.442534714088637 ], [ -2.888961584638408, 53.438930347745675 ], [ -2.889069316165088, 53.438963748168767 ], [ -2.904977264810797, 53.430914220687377 ], [ -2.917887708909571, 53.436262982032716 ], [ -2.921035394932285, 53.434482144336826 ], [ -2.923971332990106, 53.431638726172359 ], [ -2.932903690220333, 53.436750949613518 ], [ -2.939958648569203, 53.43250840187018 ], [ -2.95155791101305, 53.439951729392142 ], [ -2.954364613625817, 53.44457983578576 ] ] ] } },
{ "type": "Feature", "properties": { "Neighbourhood_Boundary": "CHAW" }, "geometry": { "type": "Polygon", "coordinates": [ [ [ -2.20849890921594, 53.305631419777853 ], [ -2.211549675664811, 53.29814315023927 ], [ -2.207161303704514, 53.288993511634814 ], [ -2.215277461904423, 53.288127527443223 ], [ -2.229552822735711, 53.272501873488501 ], [ -2.220398767162259, 53.269636733828513 ], [ -2.221535161689392, 53.26361016664174 ], [ -2.242771755409655, 53.261005159028215 ], [ -2.243705457350456, 53.256490011971337 ], [ -2.254013060583254, 53.255376289586074 ], [ -2.274901547641412, 53.260415443212217 ], [ -2.282180820298072, 53.253823291947207 ], [ -2.290451931020149, 53.255241789324707 ], [ -2.294279975094847, 53.247792324431416 ], [ -2.3094218170226, 53.246283443523495 ], [ -2.329241186341349, 53.253193043573042 ], [ -2.348972999275055, 53.248655816108581 ], [ -2.364651630958989, 53.248663292779185 ], [ -2.370400817023028, 53.254454573993783 ], [ -2.381539084355237, 53.257823572031015 ], [ -2.378993349414973, 53.263359859418699 ], [ -2.386863134903054, 53.264083302947178 ], [ -2.388238349366464, 53.26131924253329 ], [ -2.388250247870909, 53.264950727834162 ], [ -2.394116700985554, 53.266738244168295 ], [ -2.400003228744426, 53.265314529526599 ], [ -2.414456485060658, 53.268303389832994 ], [ -2.422886859775303, 53.260052602471518 ], [ -2.427462495387973, 53.261153538897105 ], [ -2.433670909318799, 53.26861163126469 ], [ -2.44409115100467, 53.270455519405942 ], [ -2.450484785746847, 53.27815475929831 ], [ -2.446921848206555, 53.280100357558169 ], [ -2.427949769877668, 53.284218927308316 ], [ -2.405894039030779, 53.281700111421124 ], [ -2.393430665553486, 53.283357701781917 ], [ -2.397469052755979, 53.293543362379516 ], [ -2.387774117774357, 53.296817517250979 ], [ -2.380566257236978, 53.290721233663881 ], [ -2.348358275632269, 53.287415658170943 ], [ -2.337681263045126, 53.290675129268841 ], [ -2.332561877470245, 53.297698121889056 ], [ -2.340906813070526, 53.304448418583604 ], [ -2.319493549108059, 53.301697968384474 ], [ -2.301122400028939, 53.29484702473642 ], [ -2.28695006777408, 53.282225101432168 ], [ -2.259110044908602, 53.289816521549305 ], [ -2.273738984605687, 53.303512442709682 ], [ -2.265416273676991, 53.326648385694284 ], [ -2.28155977437559, 53.334688613435048 ], [ -2.287933929094748, 53.343072437348972 ], [ -2.280641163083379, 53.345952706958705 ], [ -2.267077737433222, 53.350557241219406 ], [ -2.256448409288922, 53.360660530069524 ], [ -2.240791191480006, 53.359557877072689 ], [ -2.232982704904794, 53.358778752929645 ], [ -2.222225271889178, 53.359764752647301 ], [ -2.207410475730427, 53.356782014027019 ], [ -2.208465453044859, 53.354987812757393 ], [ -2.200418821510645, 53.355228339112806 ], [ -2.185438987367383, 53.352634833629018 ], [ -2.188015849875562, 53.348719890753259 ], [ -2.180977826618059, 53.344027023136341 ], [ -2.194163457130929, 53.338633756902112 ], [ -2.184877338778347, 53.332674658849221 ], [ -2.192842985913773, 53.321939448401487 ], [ -2.20849890921594, 53.305631419777853 ] ] ] } },
{ "type": "Feature", "properties": { "Neighbourhood_Boundary": "CHOC" }, "geometry": { "type": "Polygon", "coordinates": [ [ [ -2.141424003637039, 53.156594672398384 ], [ -2.155546439177176, 53.159635700166028 ], [ -2.159543793426861, 53.152888396227759 ], [ -2.173280922833439, 53.14758734073974 ], [ -2.186534369048201, 53.135959840740064 ], [ -2.198792320849908, 53.141378280035468 ], [ -2.195343515300815, 53.147634026080446 ], [ -2.212901638405989, 53.151385544069903 ], [ -2.216189089798708, 53.155409376140284 ], [ -2.235334773045474, 53.15456939275375 ], [ -2.246948800994995, 53.159925727685057 ], [ -2.24912609622403, 53.164264659999965 ], [ -2.264208338590288, 53.163666706343932 ], [ -2.264958257507872, 53.156724682307058 ], [ -2.270002302396271, 53.155273365447613 ], [ -2.264727803124921, 53.142846252687455 ], [ -2.269914431781414, 53.142217952639641 ], [ -2.270816667887342, 53.133089393177485 ], [ -2.288961100367244, 53.130102843071732 ], [ -2.302280980433516, 53.108261439404231 ], [ -2.307286741584549, 53.108490438648126 ], [ -2.309610395987903, 53.104967452661541 ], [ -2.329873658365849, 53.117365005282622 ], [ -2.328283728415392, 53.106757918380083 ], [ -2.334376080811487, 53.102446851023835 ], [ -2.349656370406937, 53.105984597757924 ], [ -2.354592171229446, 53.109994743823748 ], [ -2.364270787405624, 53.109781315902552 ], [ -2.361909235254506, 53.11547592075209 ], [ -2.358293965551003, 53.125566253925236 ], [ -2.363123260267001, 53.129753946561031 ], [ -2.331542982421386, 53.143998405532422 ], [ -2.33597152059039, 53.152849101302948 ], [ -2.323956967109107, 53.159841745480058 ], [ -2.330419763065679, 53.16262584510595 ], [ -2.339283391167665, 53.161337961312221 ], [ -2.338199945309218, 53.158594893538748 ], [ -2.356196222758898, 53.153969664974291 ], [ -2.3657487784102, 53.158545777049206 ], [ -2.381470453199454, 53.157277512423533 ], [ -2.391430258484071, 53.159884304113206 ], [ -2.401317753604592, 53.151905140813753 ], [ -2.400718117216457, 53.145000911356689 ], [ -2.406292205253217, 53.131699939497757 ], [ -2.39099839696952, 53.12669029048525 ], [ -2.407407181768202, 53.125276938087389 ], [ -2.416831779118491, 53.118284992514539 ], [ -2.431996189224958, 53.124281408984075 ], [ -2.453852170308449, 53.125666202445565 ], [ -2.454189695759019, 53.125646941983014 ], [ -2.452093401290067, 53.139346168878724 ], [ -2.456466243071681, 53.15685170109343 ], [ -2.454660834208024, 53.160921644745997 ], [ -2.443255074840549, 53.160178168897744 ], [ -2.441985683831434, 53.168790708059461 ], [ -2.430464032800214, 53.176686590195466 ], [ -2.42456078120229, 53.172054271933675 ], [ -2.406580511733376, 53.17412064113887 ], [ -2.397943013493603, 53.17228191535439 ], [ -2.398057359240955, 53.177196726773118 ], [ -2.39211072188506, 53.17989871551957 ], [ -2.378202756006682, 53.172064900879107 ], [ -2.368687072347179, 53.182900458374576 ], [ -2.376923704076787, 53.187244965241391 ], [ -2.371153576316261, 53.190423594771005 ], [ -2.372561348859006, 53.195534858886823 ], [ -2.389863484743215, 53.196069151005595 ], [ -2.395034398475913, 53.206083747878424 ], [ -2.400890570420212, 53.203266819038539 ], [ -2.410162558014096, 53.205680161328267 ], [ -2.408832870491048, 53.211789153653761 ], [ -2.414183501965294, 53.219283598833236 ], [ -2.401173954987078, 53.221742481310017 ], [ -2.397879703193917, 53.22521155457963 ], [ -2.402823406624629, 53.229279485508904 ], [ -2.39886059513651, 53.228260024427421 ], [ -2.396290927918074, 53.234346036066817 ], [ -2.363801426211932, 53.223554256794493 ], [ -2.359132454787708, 53.23334470660032 ], [ -2.346354623599531, 53.24092059555268 ], [ -2.348972999275055, 53.248655816108581 ], [ -2.329241186341349, 53.253193043573042 ], [ -2.3094218170226, 53.246283443523495 ], [ -2.301969250709752, 53.225435823888759 ], [ -2.291055577413424, 53.221644545028788 ], [ -2.279883680018224, 53.211930994916408 ], [ -2.260362565229145, 53.204841687438282 ], [ -2.242531288166242, 53.201848359604192 ], [ -2.240964956015997, 53.19883843137147 ], [ -2.227916169707643, 53.199968010313732 ], [ -2.216059040516064, 53.18992078118756 ], [ -2.218855754162519, 53.182788345455222 ], [ -2.210543382883748, 53.17881224252514 ], [ -2.199397040180975, 53.176354988531394 ], [ -2.190852956744245, 53.177118731304851 ], [ -2.179639293582702, 53.185380790186521 ], [ -2.181754333844032, 53.187622989955543 ], [ -2.172265335772908, 53.188136927177027 ], [ -2.172005750420561, 53.190207390687092 ], [ -2.168057969215116, 53.187990986220719 ], [ -2.154365692131003, 53.188736805524542 ], [ -2.14724593860693, 53.184652205421123 ], [ -2.143305466517436, 53.187672827127415 ], [ -2.140741291452103, 53.18358287739796 ], [ -2.144867227595503, 53.173749858834285 ], [ -2.141424003637039, 53.156594672398384 ] ] ] } },
{ "type": "Feature", "properties": { "Neighbourhood_Boundary": "Central" }, "geometry": { "type": "Polygon", "coordinates": [ [ [ -3.091259153793441, 53.374513172080754 ], [ -3.093912511548309, 53.375535268567241 ], [ -3.096071644141938, 53.37468823700646 ], [ -3.096574929979363, 53.376147041333148 ], [ -3.094309676906256, 53.377553410529522 ], [ -3.094955281569317, 53.378070230548033 ], [ -3.095541040749445, 53.381846044622371 ], [ -3.093763080721968, 53.384201469042374 ], [ -3.08756474997986, 53.385330033503713 ], [ -3.085676807089934, 53.38643891020125 ], [ -3.086711457774768, 53.389208444183858 ], [ -3.087680120692221, 53.393913905040165 ], [ -3.08832549909728, 53.397190718289529 ], [ -3.088895162997593, 53.401364028385828 ], [ -3.087682059191126, 53.405248029077562 ], [ -3.084254740158118, 53.409011098560406 ], [ -3.080758765425374, 53.411153647513224 ], [ -3.073573809679678, 53.414034702070637 ], [ -3.073438737263116, 53.414077876159062 ], [ -3.067972722389366, 53.415519210793541 ], [ -3.066067257594431, 53.415613575267251 ], [ -3.062942822611209, 53.415153206415077 ], [ -3.059983487926671, 53.413928318017369 ], [ -3.052834028495493, 53.411147450865961 ], [ -3.054823683429355, 53.41007171585327 ], [ -3.058451994130576, 53.406205690714359 ], [ -3.051561555936902, 53.403714752231025 ], [ -3.05486017875282, 53.400709337939283 ], [ -3.04934460246829, 53.399193201425824 ], [ -3.049443939450982, 53.399043560125591 ], [ -3.050563140060499, 53.397492296697607 ], [ -3.043874340739796, 53.397647408235343 ], [ -3.042725273574959, 53.394989233773231 ], [ -3.04612293043109, 53.393718979374803 ], [ -3.046011860860418, 53.390411909901744 ], [ -3.048794500238251, 53.389559096788084 ], [ -3.052219417522964, 53.389627427787111 ], [ -3.053610138189296, 53.391819297484226 ], [ -3.055483042953803, 53.391488184643286 ], [ -3.055909562601776, 53.38885378623138 ], [ -3.060483543673601, 53.387890194144497 ], [ -3.056277342442196, 53.384141822427019 ], [ -3.051965824702945, 53.381837722661011 ], [ -3.053050722487741, 53.380354541331478 ], [ -3.050896571973665, 53.379111722278637 ], [ -3.053191831417841, 53.377748375634383 ], [ -3.052323444734386, 53.376126284075013 ], [ -3.046910201570505, 53.374925123411472 ], [ -3.045063040680003, 53.373738448832079 ], [ -3.049816724998414, 53.373144211693337 ], [ -3.056192209243106, 53.372174181987944 ], [ -3.058592832887526, 53.371713423049833 ], [ -3.062008995025901, 53.370498019105767 ], [ -3.068305802570887, 53.370231209727514 ], [ -3.071246229110419, 53.369701458230182 ], [ -3.072177990224549, 53.369525256868862 ], [ -3.077606927040974, 53.369814947716591 ], [ -3.079172407712125, 53.370632868442414 ], [ -3.085346297313012, 53.370986377933122 ], [ -3.088574115643303, 53.369636859992433 ], [ -3.088802448193562, 53.371917325715565 ], [ -3.091259153793441, 53.374513172080754 ] ] ] } },
{ "type": "Feature", "properties": { "Neighbourhood_Boundary": "Central Southport" }, "geometry": { "type": "Polygon", "coordinates": [ [ [ -3.030102542838188, 53.616239020949116 ], [ -3.036536183525371, 53.608826181500476 ], [ -3.03738202991212, 53.610774855115075 ], [ -3.06198898649622, 53.610328018521109 ], [ -3.061987508408514, 53.610330012749394 ], [ -3.042726018781607, 53.636313681229133 ], [ -3.031153800281918, 53.647634464671803 ], [ -3.017802710092848, 53.654160270032257 ], [ -3.017662316349238, 53.654313524637331 ], [ -3.00703988996292, 53.650589411607591 ], [ -3.002546288878849, 53.654727719681375 ], [ -2.995914275148488, 53.650229423494167 ], [ -2.987248568471457, 53.650181698461857 ], [ -2.995280044755146, 53.644064192477138 ], [ -2.973290254989133, 53.63947282765853 ], [ -2.967770105749902, 53.63104765018813 ], [ -2.981824916544658, 53.622189035116421 ], [ -2.993722715646716, 53.628255244294635 ], [ -2.99733572879627, 53.626869732321367 ], [ -3.010179521163481, 53.637439577918656 ], [ -3.030102542838188, 53.616239020949116 ] ] ] } },
{ "type": "Feature", "properties": { "Neighbourhood_Boundary": "Chester Central" }, "geometry": { "type": "Polygon", "coordinates": [ [ [ -2.866928604280675, 53.194212416842937 ], [ -2.87164581135596, 53.190450707665072 ], [ -2.875937511324882, 53.191345386076101 ], [ -2.900071961929611, 53.183190610683496 ], [ -2.904733993934215, 53.185940922599812 ], [ -2.903105063498063, 53.192374911600538 ], [ -2.909851129642157, 53.190230434941434 ], [ -2.912853832933238, 53.192639060151109 ], [ -2.903508307791747, 53.198699801461359 ], [ -2.901656169505307, 53.20446148393664 ], [ -2.893551769801879, 53.207830603296749 ], [ -2.890133851953794, 53.206206931868493 ], [ -2.885446732356526, 53.209709555146119 ], [ -2.882180230723092, 53.207157991591146 ], [ -2.86794357926154, 53.212344534863654 ], [ -2.854103189035233, 53.202131410039037 ], [ -2.870814528663334, 53.19501409280857 ], [ -2.866928604280675, 53.194212416842937 ] ] ] } },
{ "type": "Feature", "properties": { "Neighbourhood_Boundary": "Chester East" }, "geometry": { "type": "MultiPolygon", "coordinates": [ [ [ [ -2.778262988093958, 53.176963751941202 ], [ -2.788785970883629, 53.172897022584003 ], [ -2.782850941134797, 53.166970094098261 ], [ -2.783632208729544, 53.158459426929646 ], [ -2.789235512837068, 53.155817382954908 ], [ -2.799867462481715, 53.159071472728087 ], [ -2.812210897066233, 53.155763518056233 ], [ -2.837937803351752, 53.166916102773484 ], [ -2.855271480094131, 53.167877011283679 ], [ -2.850725696258136, 53.157150340015129 ], [ -2.853864542473244, 53.147114776761185 ], [ -2.869365482475911, 53.143806037996804 ], [ -2.869742077554357, 53.136181333999467 ], [ -2.877669512200466, 53.126893014658428 ], [ -2.886422228007024, 53.125714341738124 ], [ -2.886498744832622, 53.12136834107973 ], [ -2.897000576390063, 53.113978691710663 ], [ -2.910231415041277, 53.112623328436328 ], [ -2.920835303943955, 53.118408209138522 ], [ -2.943669315029216, 53.121610170101626 ], [ -2.946904601494591, 53.127254931685243 ], [ -2.963812090397139, 53.132742059235419 ], [ -2.979497189087781, 53.150606208700857 ], [ -2.984564069816097, 53.147764237953993 ], [ -2.992928316766419, 53.153272574548083 ], [ -2.989956116575378, 53.157526839399694 ], [ -2.981491157076204, 53.156276409326779 ], [ -2.970925122256527, 53.16076688767081 ], [ -2.962840072521274, 53.161978701811151 ], [ -2.913493047691023, 53.156333376527833 ], [ -2.900240744018504, 53.169285797875808 ], [ -2.881392728272007, 53.169987740343601 ], [ -2.871565644934941, 53.180608832023481 ], [ -2.87164581135596, 53.190450707665072 ], [ -2.866928604280675, 53.194212416842937 ], [ -2.870814528663334, 53.19501409280857 ], [ -2.854103189035233, 53.202131410039037 ], [ -2.847905754738168, 53.194423421521911 ], [ -2.816812881661435, 53.199408515546608 ], [ -2.806391488815289, 53.20398842627921 ], [ -2.798955435642787, 53.199330937567467 ], [ -2.779941599657191, 53.181404169053415 ], [ -2.778262988093958, 53.176963751941202 ] ] ], [ [ [ -2.882180230723092, 53.207157991591146 ], [ -2.885446732356526, 53.209709555146119 ], [ -2.890133851953794, 53.206206931868493 ], [ -2.893551769801879, 53.207830603296749 ], [ -2.901656169505307, 53.20446148393664 ], [ -2.906091904947388, 53.211110347686407 ], [ -2.904620757910406, 53.230832047235118 ], [ -2.891955356543643, 53.231958553448145 ], [ -2.888422657505152, 53.225589217795807 ], [ -2.866027268888833, 53.226248539494144 ], [ -2.858723307404853, 53.216435798539308 ], [ -2.86794357926154, 53.212344534863654 ], [ -2.882180230723092, 53.207157991591146 ] ] ] ] } },
{ "type": "Feature", "properties": { "Neighbourhood_Boundary": "Chester South" }, "geometry": { "type": "Polygon", "coordinates": [ [ [ -2.920394011427379, 53.182558061042727 ], [ -2.922297979057761, 53.189277108977834 ], [ -2.94367502386417, 53.204010219952238 ], [ -2.949509669627365, 53.211263961710287 ], [ -3.016423866927523, 53.24410587278102 ], [ -3.02590603004473, 53.248440402180307 ], [ -3.009020119146792, 53.257929180534902 ], [ -3.003344646871903, 53.266001083345706 ], [ -2.995021509354638, 53.26954407551321 ], [ -2.997706369970729, 53.271717411989734 ], [ -2.97691010421486, 53.277075895922849 ], [ -2.969589771926524, 53.275012497616771 ], [ -2.959599082297453, 53.274811968417893 ], [ -2.938431260070924, 53.266915433381044 ], [ -2.927059021430977, 53.251548573560576 ], [ -2.919302583707444, 53.25394384171701 ], [ -2.911909287154768, 53.256004506913037 ], [ -2.891332579892805, 53.253466095524132 ], [ -2.886921854111056, 53.245592212051783 ], [ -2.876302833058706, 53.241417087608895 ], [ -2.876380826901037, 53.236509421692475 ], [ -2.864743675274958, 53.229079543924989 ], [ -2.866027268888833, 53.226248539494144 ], [ -2.888422657505152, 53.225589217795807 ], [ -2.891955356543643, 53.231958553448145 ], [ -2.904620757910406, 53.230832047235118 ], [ -2.906091904947388, 53.211110347686407 ], [ -2.901656169505307, 53.20446148393664 ], [ -2.903508307791747, 53.198699801461359 ], [ -2.912853832933238, 53.192639060151109 ], [ -2.909851129642157, 53.190230434941434 ], [ -2.903105063498063, 53.192374911600538 ], [ -2.904733993934215, 53.185940922599812 ], [ -2.900071961929611, 53.183190610683496 ], [ -2.875937511324882, 53.191345386076101 ], [ -2.87164581135596, 53.190450707665072 ], [ -2.871565644934941, 53.180608832023481 ], [ -2.881392728272007, 53.169987740343601 ], [ -2.900240744018504, 53.169285797875808 ], [ -2.913493047691023, 53.156333376527833 ], [ -2.962840072521274, 53.161978701811151 ], [ -2.940303118063015, 53.166726197790425 ], [ -2.927840110818376, 53.171395026569442 ], [ -2.920317808833736, 53.179414223365654 ], [ -2.920394011427379, 53.182558061042727 ] ] ] } },
{ "type": "Feature", "properties": { "Neighbourhood_Boundary": "City Centre" }, "geometry": { "type": "Polygon", "coordinates": [ [ [ -2.983797635326974, 53.385684456851855 ], [ -2.984972497239883, 53.386486213910331 ], [ -2.995061042722981, 53.400908895315808 ], [ -2.995978385103338, 53.402294739343894 ], [ -3.001763388099424, 53.411031971612772 ], [ -3.001875661544559, 53.411471109834878 ], [ -2.999256279465065, 53.41164769125939 ], [ -2.993554971028366, 53.412408789025726 ], [ -2.982109892683218, 53.413855943476676 ], [ -2.979251438537426, 53.410946223667686 ], [ -2.96226774335054, 53.411992570834023 ], [ -2.961463802811599, 53.407522760813265 ], [ -2.958546120264634, 53.407214382666091 ], [ -2.954368788219974, 53.40524371737699 ], [ -2.954755724623181, 53.397994279215901 ], [ -2.967690960074258, 53.396047980462455 ], [ -2.971121355474101, 53.395438689900182 ], [ -2.975994764151828, 53.394636526811716 ], [ -2.98279670059195, 53.394061620761661 ], [ -2.979507909429187, 53.386272354794478 ], [ -2.983797635326974, 53.385684456851855 ] ] ] } },
{ "type": "Feature", "properties": { "Neighbourhood_Boundary": "Crewe" }, "geometry": { "type": "Polygon", "coordinates": [ [ [ -2.497542450039794, 53.063186214429656 ], [ -2.499307529444026, 53.067418983106357 ], [ -2.49984707740875, 53.067874314286861 ], [ -2.506345542074683, 53.076063794927038 ], [ -2.501007665216127, 53.081330109529432 ], [ -2.509383224918624, 53.085503685286639 ], [ -2.503361174613446, 53.090481560725081 ], [ -2.506552368746792, 53.098756845302475 ], [ -2.499391747889141, 53.107953288736176 ], [ -2.50432454767489, 53.120493834353404 ], [ -2.501873995740084, 53.12433172537628 ], [ -2.454189695759019, 53.125646941983014 ], [ -2.453852170308449, 53.125666202445565 ], [ -2.431996189224958, 53.124281408984075 ], [ -2.416831779118491, 53.118284992514539 ], [ -2.420656044030583, 53.113000331673241 ], [ -2.412762419947825, 53.108534374275898 ], [ -2.417458080870062, 53.098574286756843 ], [ -2.407070116943502, 53.088981089012272 ], [ -2.412703518112124, 53.080298576933032 ], [ -2.427081635901219, 53.079552457269223 ], [ -2.430564792721329, 53.078560096566939 ], [ -2.433690178566403, 53.063213274814423 ], [ -2.428873560508876, 53.058740692767515 ], [ -2.434149278426044, 53.055305661271312 ], [ -2.475458095598494, 53.060273262933698 ], [ -2.475428400893208, 53.060289536964852 ], [ -2.497542450039794, 53.063186214429656 ] ] ] } },
{ "type": "Feature", "properties": { "Neighbourhood_Boundary": "Crosby" }, "geometry": { "type": "MultiPolygon", "coordinates": [ [ [ [ -3.02896246649823, 53.477263691379484 ], [ -3.033824738175626, 53.481717915296755 ], [ -3.043421239867265, 53.477884378909877 ], [ -3.054812222536212, 53.4920449083506 ], [ -3.065064256393991, 53.504780468293987 ], [ -3.064035985522883, 53.510478669008286 ], [ -3.063970506426818, 53.511302788056824 ], [ -3.062740906358624, 53.526773141871658 ], [ -3.058215019553901, 53.531063482642779 ], [ -3.013605081584107, 53.508717458461575 ], [ -3.00500748765521, 53.510265157044628 ], [ -2.991524696488478, 53.522975531680601 ], [ -2.982533355058568, 53.519529799690098 ], [ -2.988710483271448, 53.517747580979275 ], [ -2.984167259252124, 53.513756295473762 ], [ -2.991554686500813, 53.502753171426292 ], [ -2.980226472426715, 53.500287534335193 ], [ -2.980592026453582, 53.496991086063254 ], [ -2.987726781257134, 53.489656800984619 ], [ -2.997036653951507, 53.494467545296018 ], [ -3.006620789390866, 53.486332274449111 ], [ -3.008811797664888, 53.485302571443178 ], [ -3.014132439288793, 53.477814829746492 ], [ -3.023385744989679, 53.481322439270166 ], [ -3.02896246649823, 53.477263691379484 ] ] ], [ [ [ -3.070930996339592, 53.52152365995925 ], [ -3.079117813694927, 53.526125927825866 ], [ -3.063368190194982, 53.526457245865593 ], [ -3.070930996339592, 53.52152365995925 ] ] ] ] } },
{ "type": "Feature", "properties": { "Neighbourhood_Boundary": "East Neighbourhood" }, "geometry": { "type": "Polygon", "coordinates": [ [ [ -2.562879861359779, 53.393588175802684 ], [ -2.573247232858689, 53.402789946666616 ], [ -2.573109090851365, 53.403251777968926 ], [ -2.560283359590994, 53.407809676087069 ], [ -2.568827805077726, 53.424054033229929 ], [ -2.556111882849534, 53.426016832517554 ], [ -2.528895335279242, 53.43267075970072 ], [ -2.482654818027751, 53.436562778950019 ], [ -2.476926507943945, 53.432468043328761 ], [ -2.467700331539339, 53.437426725395746 ], [ -2.461724641354254, 53.436352522398174 ], [ -2.451544406784012, 53.426692760654483 ], [ -2.449378933654579, 53.415875008940127 ], [ -2.45368201980848, 53.413196346077058 ], [ -2.465977068598039, 53.400731144367406 ], [ -2.478439868466093, 53.396196516558966 ], [ -2.535309855853113, 53.383892209882433 ], [ -2.551737028295065, 53.390452833412965 ], [ -2.556783546288481, 53.389209619280031 ], [ -2.562879861359779, 53.393588175802684 ] ] ] } },
{ "type": "Feature", "properties": { "Neighbourhood_Boundary": "Ellesmere Port" }, "geometry": { "type": "Polygon", "coordinates": [ [ [ -2.876284799249006, 53.262412030640377 ], [ -2.883826525354821, 53.262063395402521 ], [ -2.883804457941165, 53.259830683623896 ], [ -2.911909287154768, 53.256004506913037 ], [ -2.919302583707444, 53.25394384171701 ], [ -2.927059021430977, 53.251548573560576 ], [ -2.938431260070924, 53.266915433381044 ], [ -2.959599082297453, 53.274811968417893 ], [ -2.969589771926524, 53.275012497616771 ], [ -2.963266929959464, 53.286731591798954 ], [ -2.947044270596875, 53.285602185138913 ], [ -2.95174080665603, 53.290393686425041 ], [ -2.944725095947978, 53.292665282987734 ], [ -2.941241584671183, 53.299013029337154 ], [ -2.9466106633833, 53.305494429751214 ], [ -2.939608647322043, 53.310371901489106 ], [ -2.931702530330297, 53.306019864643623 ], [ -2.928793899162362, 53.30841506943603 ], [ -2.92876407247249, 53.308390547733495 ], [ -2.92857199770163, 53.308232639153957 ], [ -2.914778302042423, 53.305644388112704 ], [ -2.904651147262151, 53.299449989959697 ], [ -2.903626568022152, 53.298823144012779 ], [ -2.901698816100957, 53.297682703536921 ], [ -2.900534547741647, 53.296993887771634 ], [ -2.886845214914571, 53.293145254012678 ], [ -2.892595829981804, 53.286134887740687 ], [ -2.885790586101507, 53.2813972838794 ], [ -2.883940574506541, 53.276612669173986 ], [ -2.876284799249006, 53.262412030640377 ] ] ] } },
{ "type": "Feature", "properties": { "Neighbourhood_Boundary": "Fiveways" }, "geometry": { "type": "Polygon", "coordinates": [ [ [ -2.88994498503494, 53.377798571940886 ], [ -2.894176154945794, 53.376215667885987 ], [ -2.90649185343675, 53.383583519520023 ], [ -2.910582997852496, 53.387776131459219 ], [ -2.923324598092182, 53.390079419034564 ], [ -2.924148076234284, 53.390099146155244 ], [ -2.933590141186405, 53.403944887237984 ], [ -2.913649373179352, 53.405633594924772 ], [ -2.914358912790429, 53.40946991804303 ], [ -2.901495556317468, 53.407001851461715 ], [ -2.890542557764367, 53.406910215574925 ], [ -2.881679874162134, 53.408024969087684 ], [ -2.871916119045901, 53.400419397808513 ], [ -2.880987862765119, 53.39997263242234 ], [ -2.887305815040593, 53.398962612889619 ], [ -2.874395094763147, 53.391477910925225 ], [ -2.883222800982078, 53.387170422833989 ], [ -2.884133453647345, 53.387345147178337 ], [ -2.883423164648315, 53.380461068741603 ], [ -2.88994498503494, 53.377798571940886 ] ] ] } },
{ "type": "Feature", "properties": { "Neighbourhood_Boundary": "Formby" }, "geometry": { "type": "Polygon", "coordinates": [ [ [ -3.022622703194499, 53.569581767220612 ], [ -3.040591363841151, 53.564986340535718 ], [ -3.038811816567851, 53.551889000267238 ], [ -3.046701096029198, 53.54294201017467 ], [ -3.038694850883122, 53.538303316587033 ], [ -3.024971245328259, 53.539018889511993 ], [ -2.991524696488478, 53.522975531680601 ], [ -3.00500748765521, 53.510265157044628 ], [ -3.013605081584107, 53.508717458461575 ], [ -3.058215019553901, 53.531063482642779 ], [ -3.062740906358624, 53.526773141871658 ], [ -3.062694964070051, 53.527350973943996 ], [ -3.064091654357274, 53.530591567874254 ], [ -3.063368190194982, 53.526457245865593 ], [ -3.079117813694927, 53.526125927825866 ], [ -3.079131510667808, 53.526133626254115 ], [ -3.085405023623014, 53.533729442388328 ], [ -3.10148194516853, 53.540791394939674 ], [ -3.105471744179212, 53.551498912883758 ], [ -3.100521516586152, 53.569377464644184 ], [ -3.086133399480841, 53.587327718378887 ], [ -3.055285467655439, 53.587410334798236 ], [ -3.051778030612851, 53.589435792812544 ], [ -3.047710157555745, 53.589214398136406 ], [ -3.04859689373871, 53.586652946294365 ], [ -3.033345148276841, 53.585103925325591 ], [ -3.020771236484435, 53.582798400798836 ], [ -3.022622703194499, 53.569581767220612 ] ] ] } },
{ "type": "Feature", "properties": { "Neighbourhood_Boundary": "Frodsham, Helsby and Elton" }, "geometry": { "type": "Polygon", "coordinates": [ [ [ -2.65154431111949, 53.281724257511542 ], [ -2.649565365018847, 53.266554612923571 ], [ -2.659423503185609, 53.263733671770929 ], [ -2.668991959064546, 53.254355191126713 ], [ -2.68975025076625, 53.257345252987392 ], [ -2.69772416992341, 53.24596734958574 ], [ -2.690969253256222, 53.243230896564633 ], [ -2.690644902839124, 53.239278576431289 ], [ -2.702016169832773, 53.23873746473619 ], [ -2.711767889457983, 53.2345231229381 ], [ -2.706041849503084, 53.229814032259618 ], [ -2.716463272175852, 53.216206442667243 ], [ -2.752371420848458, 53.205636335193439 ], [ -2.76299130729355, 53.21033751017189 ], [ -2.768978694939175, 53.213226722595735 ], [ -2.755389661771919, 53.217848692214162 ], [ -2.760300814081791, 53.219227790726933 ], [ -2.76517264710768, 53.231064860846267 ], [ -2.775319977751685, 53.238572521477366 ], [ -2.781714048199837, 53.240661169604515 ], [ -2.813133858356072, 53.236990134162362 ], [ -2.812239213167223, 53.248372758173701 ], [ -2.817296910829626, 53.248588993087601 ], [ -2.814915678491748, 53.259006502527271 ], [ -2.784275042443786, 53.275648407538704 ], [ -2.786860956360245, 53.280000918934554 ], [ -2.78115290582237, 53.284207518645168 ], [ -2.791668809778254, 53.289872285401408 ], [ -2.790957282779906, 53.296226166737121 ], [ -2.788966114941993, 53.295435491352578 ], [ -2.752791544258835, 53.314554265616337 ], [ -2.752487024590719, 53.314715089755857 ], [ -2.739269049822686, 53.306823798810704 ], [ -2.734640982092742, 53.307053751930702 ], [ -2.730991880554987, 53.31183759869014 ], [ -2.720965083214918, 53.312744827791761 ], [ -2.700798191927964, 53.305777871411898 ], [ -2.688060235824449, 53.300144079398521 ], [ -2.681964134539373, 53.2906598872624 ], [ -2.673023487736056, 53.288676547238261 ], [ -2.667136253281452, 53.282460541130455 ], [ -2.657406603692045, 53.286857055502033 ], [ -2.648322301718633, 53.286259607931839 ], [ -2.644880348052188, 53.283005457561359 ], [ -2.65154431111949, 53.281724257511542 ] ] ] } },
{ "type": "Feature", "properties": { "Neighbourhood_Boundary": "Halewood" }, "geometry": { "type": "Polygon", "coordinates": [ [ [ -2.809064006965299, 53.355065490308576 ], [ -2.818806816143491, 53.347984932283687 ], [ -2.840405593528455, 53.347315238023647 ], [ -2.846338700758133, 53.353965513481171 ], [ -2.852084327656923, 53.361216399305874 ], [ -2.853803820437006, 53.379799402401126 ], [ -2.844431545345887, 53.382041397279117 ], [ -2.821954607760376, 53.380651328441502 ], [ -2.833649935237132, 53.388925381255142 ], [ -2.837345312053337, 53.399852428026726 ], [ -2.836912260133781, 53.40039482017206 ], [ -2.82178936581405, 53.39618433285893 ], [ -2.80845833924614, 53.39829961099759 ], [ -2.792178360822663, 53.370062519089807 ], [ -2.781281380592097, 53.371676854364793 ], [ -2.781283386923808, 53.371674544580358 ], [ -2.784758374771676, 53.36077594115639 ], [ -2.784822207424695, 53.360706984857963 ], [ -2.787300974204846, 53.356274432500307 ], [ -2.809064006965299, 53.355065490308576 ] ] ] } },
{ "type": "Feature", "properties": { "Neighbourhood_Boundary": "Huyton" }, "geometry": { "type": "Polygon", "coordinates": [ [ [ -2.837345312053337, 53.399852428026726 ], [ -2.856219975153472, 53.394944573823629 ], [ -2.871916119045901, 53.400419397808513 ], [ -2.881679874162134, 53.408024969087684 ], [ -2.890542557764367, 53.406910215574925 ], [ -2.892412676788722, 53.410902537549369 ], [ -2.884097065026651, 53.416860190925206 ], [ -2.871163252349041, 53.412369216176778 ], [ -2.868695083981697, 53.415572831306932 ], [ -2.867938882034983, 53.420549976185264 ], [ -2.866832086338172, 53.42834954080503 ], [ -2.873416618935278, 53.436502938049728 ], [ -2.870123413577628, 53.441679412252384 ], [ -2.857979278734627, 53.440892649291783 ], [ -2.848066638845391, 53.431713135586755 ], [ -2.82660030678039, 53.429850123889679 ], [ -2.823412646979527, 53.427363378148577 ], [ -2.813257864335409, 53.417321508331071 ], [ -2.817687069136566, 53.415497065638583 ], [ -2.812938277842628, 53.407507939276996 ], [ -2.816860546907142, 53.403849645413544 ], [ -2.805695158716523, 53.399150689618686 ], [ -2.80845833924614, 53.39829961099759 ], [ -2.82178936581405, 53.39618433285893 ], [ -2.836912260133781, 53.40039482017206 ], [ -2.837345312053337, 53.399852428026726 ] ] ] } },
{ "type": "Feature", "properties": { "Neighbourhood_Boundary": "Kirkby" }, "geometry": { "type": "Polygon", "coordinates": [ [ [ -2.891441232270059, 53.463099809875779 ], [ -2.891818851382249, 53.463221899217508 ], [ -2.905929735685751, 53.470162879866187 ], [ -2.904925340955884, 53.465229426560867 ], [ -2.914378494695345, 53.464989307103899 ], [ -2.92261611153862, 53.474967346391132 ], [ -2.916844360455982, 53.479245539982855 ], [ -2.919560289202479, 53.482057026826915 ], [ -2.914268818895514, 53.48251828082784 ], [ -2.905250402286628, 53.491960435972125 ], [ -2.89958410512979, 53.492797786954903 ], [ -2.898420897460423, 53.500799368141628 ], [ -2.887964733715156, 53.503830184731285 ], [ -2.873333619745963, 53.500023560146154 ], [ -2.871068415621091, 53.494981256313686 ], [ -2.86147883902048, 53.491063358140657 ], [ -2.849837362634044, 53.493123315012113 ], [ -2.843938465440822, 53.490195298321616 ], [ -2.844421971674262, 53.484114557494927 ], [ -2.825574977114229, 53.482765900227754 ], [ -2.82496506178577, 53.485193403196924 ], [ -2.816752042099226, 53.477836005687344 ], [ -2.818712229501272, 53.466875221034201 ], [ -2.8773812511879, 53.464021833806655 ], [ -2.891441232270059, 53.463099809875779 ] ] ] } },
{ "type": "Feature", "properties": { "Neighbourhood_Boundary": "Knutsford" }, "geometry": { "type": "Polygon", "coordinates": [ [ [ -2.332561877470245, 53.297698121889056 ], [ -2.337681263045126, 53.290675129268841 ], [ -2.348358275632269, 53.287415658170943 ], [ -2.380566257236978, 53.290721233663881 ], [ -2.387774117774357, 53.296817517250979 ], [ -2.397469052755979, 53.293543362379516 ], [ -2.393430665553486, 53.283357701781917 ], [ -2.405894039030779, 53.281700111421124 ], [ -2.427949769877668, 53.284218927308316 ], [ -2.446921848206555, 53.280100357558169 ], [ -2.464458938148579, 53.287263411864508 ], [ -2.470000909834064, 53.285704592147262 ], [ -2.485077930407513, 53.290808228074852 ], [ -2.498007577895421, 53.289892953597857 ], [ -2.497592187486088, 53.299324849529242 ], [ -2.50169686424424, 53.298628107793185 ], [ -2.505534587279309, 53.310664945979582 ], [ -2.502909907516552, 53.313367237339968 ], [ -2.512282629481956, 53.321330100372535 ], [ -2.493969157154725, 53.34328243141961 ], [ -2.518394084326491, 53.342374246288941 ], [ -2.521050619756632, 53.347884495060661 ], [ -2.505824436459466, 53.355469111791621 ], [ -2.486879280724016, 53.367887610478014 ], [ -2.464996674341303, 53.363514734395821 ], [ -2.458843053557326, 53.36826930309654 ], [ -2.439881202119234, 53.366646303934637 ], [ -2.439664183720389, 53.370525778030149 ], [ -2.428724532928481, 53.376389301620243 ], [ -2.426590852126886, 53.387444890625865 ], [ -2.408037903256099, 53.382799136991714 ], [ -2.400703812235796, 53.375229301506074 ], [ -2.384731014759958, 53.37003582124305 ], [ -2.364959029532036, 53.363084108544044 ], [ -2.353959737993266, 53.368212024768738 ], [ -2.348893968511244, 53.365893497176188 ], [ -2.34009168587395, 53.367427315901054 ], [ -2.328688609916207, 53.360623941024485 ], [ -2.324526460388904, 53.361439374240668 ], [ -2.323476827705113, 53.358260689843661 ], [ -2.314013789237451, 53.357414081177872 ], [ -2.297013697300121, 53.348631214784959 ], [ -2.301662788020803, 53.340207959206779 ], [ -2.287933929094748, 53.343072437348972 ], [ -2.28155977437559, 53.334688613435048 ], [ -2.265416273676991, 53.326648385694284 ], [ -2.273738984605687, 53.303512442709682 ], [ -2.259110044908602, 53.289816521549305 ], [ -2.28695006777408, 53.282225101432168 ], [ -2.301122400028939, 53.29484702473642 ], [ -2.319493549108059, 53.301697968384474 ], [ -2.340906813070526, 53.304448418583604 ], [ -2.332561877470245, 53.297698121889056 ] ] ] } },
{ "type": "Feature", "properties": { "Neighbourhood_Boundary": "Longmoor" }, "geometry": { "type": "Polygon", "coordinates": [ [ [ -2.954364613625817, 53.44457983578576 ], [ -2.96173406100612, 53.448931914224246 ], [ -2.973394398683368, 53.447432524879524 ], [ -2.972566241650493, 53.4583859052333 ], [ -2.972654938386864, 53.458583592864485 ], [ -2.969780440426672, 53.466008599102551 ], [ -2.960179859453868, 53.467985487831022 ], [ -2.959302950287456, 53.467649168200715 ], [ -2.955447650922026, 53.472387537640586 ], [ -2.928123645915127, 53.473407515048414 ], [ -2.92261611153862, 53.474967346391132 ], [ -2.914378494695345, 53.464989307103899 ], [ -2.904925340955884, 53.465229426560867 ], [ -2.905929735685751, 53.470162879866187 ], [ -2.891818851382249, 53.463221899217508 ], [ -2.920009044024409, 53.454608943821235 ], [ -2.920014137590726, 53.454617112269872 ], [ -2.936144815814979, 53.450306293463441 ], [ -2.942666771169703, 53.448238322481629 ], [ -2.954364613625817, 53.44457983578576 ] ] ] } },
{ "type": "Feature", "properties": { "Neighbourhood_Boundary": "Macclesfield" }, "geometry": { "type": "Polygon", "coordinates": [ [ [ -2.100525562280875, 53.169506098211492 ], [ -2.115433929721519, 53.1695185297949 ], [ -2.114407617146503, 53.172559031949426 ], [ -2.127948052059894, 53.174630115842625 ], [ -2.133745791329681, 53.183021704312878 ], [ -2.140741291452103, 53.18358287739796 ], [ -2.143305466517436, 53.187672827127415 ], [ -2.14724593860693, 53.184652205421123 ], [ -2.154365692131003, 53.188736805524542 ], [ -2.168057969215116, 53.187990986220719 ], [ -2.172005750420561, 53.190207390687092 ], [ -2.172265335772908, 53.188136927177027 ], [ -2.181754333844032, 53.187622989955543 ], [ -2.179639293582702, 53.185380790186521 ], [ -2.190852956744245, 53.177118731304851 ], [ -2.199397040180975, 53.176354988531394 ], [ -2.210543382883748, 53.17881224252514 ], [ -2.218855754162519, 53.182788345455222 ], [ -2.216059040516064, 53.18992078118756 ], [ -2.227916169707643, 53.199968010313732 ], [ -2.240964956015997, 53.19883843137147 ], [ -2.242531288166242, 53.201848359604192 ], [ -2.260362565229145, 53.204841687438282 ], [ -2.279883680018224, 53.211930994916408 ], [ -2.291055577413424, 53.221644545028788 ], [ -2.301969250709752, 53.225435823888759 ], [ -2.3094218170226, 53.246283443523495 ], [ -2.294279975094847, 53.247792324431416 ], [ -2.290451931020149, 53.255241789324707 ], [ -2.282180820298072, 53.253823291947207 ], [ -2.274901547641412, 53.260415443212217 ], [ -2.254013060583254, 53.255376289586074 ], [ -2.243705457350456, 53.256490011971337 ], [ -2.242771755409655, 53.261005159028215 ], [ -2.221535161689392, 53.26361016664174 ], [ -2.220398767162259, 53.269636733828513 ], [ -2.229552822735711, 53.272501873488501 ], [ -2.215277461904423, 53.288127527443223 ], [ -2.207161303704514, 53.288993511634814 ], [ -2.211549675664811, 53.29814315023927 ], [ -2.20849890921594, 53.305631419777853 ], [ -2.192842985913773, 53.321939448401487 ], [ -2.184877338778347, 53.332674658849221 ], [ -2.159555265770507, 53.328172590363167 ], [ -2.148876365708586, 53.319935997604134 ], [ -2.142618212896865, 53.305697380246428 ], [ -2.12443982785919, 53.299330032047472 ], [ -2.131921867475179, 53.291416803374901 ], [ -2.126006610032466, 53.288329367579408 ], [ -2.12870137639695, 53.285584895933361 ], [ -2.115838714022808, 53.280929347685735 ], [ -2.109788603411196, 53.276315741449501 ], [ -2.107156131735308, 53.263467805047753 ], [ -2.103683563591098, 53.260190021907135 ], [ -2.093918123689716, 53.260635853223533 ], [ -2.098349383734866, 53.267167121575369 ], [ -2.093886334646523, 53.267322684726274 ], [ -2.089187532979764, 53.283592574725098 ], [ -2.092390632679074, 53.290986147257669 ], [ -2.085312685698824, 53.301607671899667 ], [ -2.067179834030802, 53.302124412302916 ], [ -2.065660654969212, 53.305645309134967 ], [ -2.059293246789878, 53.305551517893839 ], [ -2.051303672813314, 53.310408286200122 ], [ -2.034985664671268, 53.307376014758738 ], [ -2.028080122225357, 53.310728870457162 ], [ -2.028182412505641, 53.302093357954099 ], [ -2.023211231424872, 53.29962433129392 ], [ -2.027660812720943, 53.293752905706967 ], [ -2.01828060170352, 53.292348850393338 ], [ -2.017152983554003, 53.286157561474894 ], [ -2.008135439750351, 53.287471863388824 ], [ -2.005198959716213, 53.26902351845883 ], [ -2.009426842682813, 53.260598073410748 ], [ -2.000357331445351, 53.255384977627649 ], [ -1.999712811098364, 53.245002933628314 ], [ -1.981905404879143, 53.238543149500707 ], [ -1.974830384913964, 53.230802517707588 ], [ -1.975903277443476, 53.227571257632498 ], [ -1.990252026845457, 53.223004244829028 ], [ -1.987383454254495, 53.213585381706437 ], [ -2.001752569051888, 53.192937177633127 ], [ -2.018234720515386, 53.189066048548668 ], [ -2.028583935252288, 53.193353662818872 ], [ -2.046112440840469, 53.192758819525913 ], [ -2.059319946340144, 53.180817330174783 ], [ -2.058058670765826, 53.17637051913308 ], [ -2.07810283314139, 53.170397489971307 ], [ -2.087400386388476, 53.169818507297748 ], [ -2.09070973766599, 53.172335526881156 ], [ -2.100525562280875, 53.169506098211492 ] ] ] } },
{ "type": "Feature", "properties": { "Neighbourhood_Boundary": "Maghull" }, "geometry": { "type": "Polygon", "coordinates": [ [ [ -2.89958410512979, 53.492797786954903 ], [ -2.905250402286628, 53.491960435972125 ], [ -2.914268818895514, 53.48251828082784 ], [ -2.919560289202479, 53.482057026826915 ], [ -2.916844360455982, 53.479245539982855 ], [ -2.92261611153862, 53.474967346391132 ], [ -2.928123645915127, 53.473407515048414 ], [ -2.955447650922026, 53.472387537640586 ], [ -2.959302950287456, 53.467649168200715 ], [ -2.960179859453868, 53.467985487831022 ], [ -2.951732306534518, 53.49103383214463 ], [ -2.954060619561471, 53.49182159649974 ], [ -2.980592026453582, 53.496991086063254 ], [ -2.980226472426715, 53.500287534335193 ], [ -2.991554686500813, 53.502753171426292 ], [ -2.984167259252124, 53.513756295473762 ], [ -2.988710483271448, 53.517747580979275 ], [ -2.982533355058568, 53.519529799690098 ], [ -2.972944937569647, 53.515430197807426 ], [ -2.964144385563285, 53.518590065090059 ], [ -2.962999056345537, 53.522886960596864 ], [ -2.978436974618674, 53.542758807022217 ], [ -2.977280268833767, 53.546211128058232 ], [ -2.96581953572112, 53.5477998007525 ], [ -2.941981014845535, 53.540981825643776 ], [ -2.923010925125857, 53.525204194414385 ], [ -2.916744644938128, 53.523242579430445 ], [ -2.881689043532707, 53.520507109720647 ], [ -2.892212126694658, 53.511150076193488 ], [ -2.887964733715156, 53.503830184731285 ], [ -2.898420897460423, 53.500799368141628 ], [ -2.89958410512979, 53.492797786954903 ] ] ] } },
{ "type": "Feature", "properties": { "Neighbourhood_Boundary": "Mather" }, "geometry": { "type": "Polygon", "coordinates": [ [ [ -2.916131141041901, 53.353381600718286 ], [ -2.922410895709447, 53.357250641529454 ], [ -2.923822617165859, 53.357851403546299 ], [ -2.943939455494918, 53.366408510841417 ], [ -2.935154278902334, 53.373700711336149 ], [ -2.932984689381898, 53.375889741288745 ], [ -2.93164316769806, 53.375606323853923 ], [ -2.915377345200852, 53.379200102982374 ], [ -2.924142367415365, 53.390089876948217 ], [ -2.924148076234284, 53.390099146155244 ], [ -2.923324598092182, 53.390079419034564 ], [ -2.910582997852496, 53.387776131459219 ], [ -2.90649185343675, 53.383583519520023 ], [ -2.894176154945794, 53.376215667885987 ], [ -2.88994498503494, 53.377798571940886 ], [ -2.874806752332974, 53.371888171733261 ], [ -2.87375158763887, 53.37110787316557 ], [ -2.865235121522575, 53.359269603706423 ], [ -2.88725537469457, 53.35720599240242 ], [ -2.89938148689703, 53.364494908682367 ], [ -2.910106517567177, 53.360734325089325 ], [ -2.916131141041901, 53.353381600718286 ] ] ] } },
{ "type": "Feature", "properties": { "Neighbourhood_Boundary": "Moreton, Meols & Leasowe" }, "geometry": { "type": "Polygon", "coordinates": [ [ [ -3.110610798125411, 53.388111238854393 ], [ -3.119172797968286, 53.388259086216323 ], [ -3.121683740576411, 53.390146296164723 ], [ -3.125430300920286, 53.386393195791811 ], [ -3.127674470828792, 53.387485153730424 ], [ -3.134869375397757, 53.38509352132332 ], [ -3.141378961795795, 53.382535897850573 ], [ -3.146000292958696, 53.38154293469708 ], [ -3.149585704043897, 53.381812471564103 ], [ -3.154095625667613, 53.381469556902694 ], [ -3.162897556346659, 53.387803358212075 ], [ -3.159050811353478, 53.389503004637469 ], [ -3.15886369785798, 53.391473476134912 ], [ -3.16169345816135, 53.391571836760633 ], [ -3.166359663443293, 53.395589434286187 ], [ -3.165664235952308, 53.397713826445923 ], [ -3.1688316012526, 53.398008525676147 ], [ -3.171221176976141, 53.398754328896942 ], [ -3.169595643590666, 53.400679475498158 ], [ -3.171730377870301, 53.401128041694683 ], [ -3.176631327073347, 53.398933666076495 ], [ -3.176827170169026, 53.399853909694045 ], [ -3.176414686087414, 53.400014099566178 ], [ -3.175422305190214, 53.400147881699745 ], [ -3.173400764537307, 53.40099341998534 ], [ -3.170729806113607, 53.402074515796713 ], [ -3.170427213257581, 53.402339063918738 ], [ -3.17006123084924, 53.402294562648088 ], [ -3.168703387719123, 53.4028036134563 ], [ -3.166669367477358, 53.403422183662769 ], [ -3.165530293820845, 53.403792873595755 ], [ -3.164213121262237, 53.404252483685816 ], [ -3.160889723885119, 53.405350990221514 ], [ -3.154571619637331, 53.407345587042222 ], [ -3.153281007387176, 53.407695807220293 ], [ -3.152826195600777, 53.407760878108931 ], [ -3.151345985934517, 53.408265071235327 ], [ -3.148102241091485, 53.409334877795736 ], [ -3.145092898473077, 53.410330677802548 ], [ -3.143350624960528, 53.410886721547783 ], [ -3.142800164891921, 53.411117617332863 ], [ -3.142335045952295, 53.411426885935654 ], [ -3.140995256212104, 53.411900347404789 ], [ -3.130241177114947, 53.413890619870266 ], [ -3.1284091449913, 53.414212880685859 ], [ -3.126066126500049, 53.41466673119416 ], [ -3.123274444564434, 53.415309054076118 ], [ -3.120531094220575, 53.416088097029821 ], [ -3.119004244134542, 53.416533252972478 ], [ -3.116589418312117, 53.417249092897194 ], [ -3.113705377555984, 53.41818618955763 ], [ -3.112538842028304, 53.418578005276814 ], [ -3.108083423570051, 53.42003903726598 ], [ -3.105997697540191, 53.420741875436832 ], [ -3.10566221935116, 53.420747678941325 ], [ -3.105100361638599, 53.420633398974068 ], [ -3.1048491548579, 53.420683418942815 ], [ -3.103948270710305, 53.420725954075095 ], [ -3.102883048217363, 53.420861615856069 ], [ -3.101999986482662, 53.421069323640339 ], [ -3.100577136023064, 53.421525812195391 ], [ -3.099493252989055, 53.42196354599524 ], [ -3.098755352507841, 53.422308478144139 ], [ -3.098023007789107, 53.42275447070201 ], [ -3.097604055371024, 53.423194469011271 ], [ -3.09752637468164, 53.423284309678806 ], [ -3.094889211512021, 53.424288680784784 ], [ -3.08750665384476, 53.427978241191539 ], [ -3.083399252045055, 53.420263895718598 ], [ -3.078213768563933, 53.421146749759949 ], [ -3.075534127561208, 53.414427394109083 ], [ -3.073438737263116, 53.414077876159062 ], [ -3.073573809679678, 53.414034702070637 ], [ -3.080758765425374, 53.411153647513224 ], [ -3.084254740158118, 53.409011098560406 ], [ -3.087682059191126, 53.405248029077562 ], [ -3.088895162997593, 53.401364028385828 ], [ -3.08832549909728, 53.397190718289529 ], [ -3.100376168792953, 53.394754637473362 ], [ -3.097742268417488, 53.392886752165197 ], [ -3.098465242378783, 53.391321000019069 ], [ -3.101229225553821, 53.389991173909586 ], [ -3.101595409748501, 53.388356582993374 ], [ -3.104386858704222, 53.390281332085401 ], [ -3.10733601227281, 53.389122470943171 ], [ -3.11198260203986, 53.389600984921636 ], [ -3.110610798125411, 53.388111238854393 ] ] ] } },
{ "type": "Feature", "properties": { "Neighbourhood_Boundary": "Nantwich & Rural" }, "geometry": { "type": "Polygon", "coordinates": [ [ [ -2.442990963303835, 52.970765483117148 ], [ -2.450264340636147, 52.966038451770032 ], [ -2.475238330208703, 52.962460521596626 ], [ -2.481133300793532, 52.958821024267486 ], [ -2.491700677403015, 52.967668412375737 ], [ -2.499023002216731, 52.968419101675664 ], [ -2.506897137363193, 52.964897027022559 ], [ -2.521331865725659, 52.974329966230655 ], [ -2.523280831741097, 52.954339893685976 ], [ -2.529516087318162, 52.947149628362261 ], [ -2.546355407840317, 52.956822320914235 ], [ -2.553697639579138, 52.957450834392134 ], [ -2.561262954328344, 52.964936722641539 ], [ -2.573492587747456, 52.962701099092357 ], [ -2.570292737509002, 52.959727500302321 ], [ -2.578144010863027, 52.955713623475845 ], [ -2.586203290169449, 52.955299203136931 ], [ -2.589096201110404, 52.958634372017521 ], [ -2.597693672372811, 52.962990812396882 ], [ -2.59844669986196, 52.971703116746653 ], [ -2.592756182584045, 52.974154290684346 ], [ -2.599629888962869, 52.975417853228215 ], [ -2.594888981367476, 52.979592035677626 ], [ -2.605679396582102, 52.979380172322934 ], [ -2.607733946990264, 52.988347362640596 ], [ -2.621940016548132, 52.986727699969023 ], [ -2.628028106573093, 52.995154646578641 ], [ -2.635074501158943, 52.996719993291507 ], [ -2.642805231517082, 52.993466570912609 ], [ -2.652356984287366, 52.994980472526116 ], [ -2.674662705781664, 52.985649093090615 ], [ -2.687078926836774, 52.986816701997782 ], [ -2.699292896826795, 52.995424638735578 ], [ -2.688555283249328, 53.012471769963888 ], [ -2.678320834364077, 53.014996388981288 ], [ -2.685018364050694, 53.021698222585712 ], [ -2.679321247429617, 53.025924387604938 ], [ -2.67877081379871, 53.032643398508831 ], [ -2.668817385836965, 53.038638126087214 ], [ -2.702410905341681, 53.054305170671356 ], [ -2.718263325792247, 53.044198217085167 ], [ -2.734699201562789, 53.05506835259083 ], [ -2.732423252249188, 53.057667686640272 ], [ -2.741070685215965, 53.064505309537552 ], [ -2.752928521454674, 53.069210421677191 ], [ -2.745465683661801, 53.082140829095124 ], [ -2.734929028774732, 53.08653742038662 ], [ -2.731737989268301, 53.091793346734839 ], [ -2.711363054534199, 53.093626616890312 ], [ -2.706054075754322, 53.118493574889705 ], [ -2.696628511130781, 53.119952376371756 ], [ -2.671145180817753, 53.115854087421482 ], [ -2.658588818351444, 53.115351611302593 ], [ -2.657739119125472, 53.111367884452925 ], [ -2.650667258673601, 53.108426809469059 ], [ -2.644959642214308, 53.110434570675324 ], [ -2.639262715314017, 53.108673835278026 ], [ -2.621111167664941, 53.11632532967527 ], [ -2.619431550249455, 53.111111361650934 ], [ -2.611834087361205, 53.10704982568074 ], [ -2.589706189995178, 53.105565081285725 ], [ -2.597092385531064, 53.100863602327799 ], [ -2.596399395320649, 53.094333012007304 ], [ -2.580283976694709, 53.086047451682781 ], [ -2.578108938091614, 53.079612767154643 ], [ -2.560464000087942, 53.073869581927575 ], [ -2.560558148224715, 53.054459670759123 ], [ -2.540425551320307, 53.060384996167592 ], [ -2.536185861708731, 53.071028505318822 ], [ -2.524169357918509, 53.0712511052254 ], [ -2.519981850272454, 53.082808656810883 ], [ -2.509383224918624, 53.085503685286639 ], [ -2.501007665216127, 53.081330109529432 ], [ -2.506345542074683, 53.076063794927038 ], [ -2.49984707740875, 53.067874314286861 ], [ -2.499307529444026, 53.067418983106357 ], [ -2.497542450039794, 53.063186214429656 ], [ -2.475428400893208, 53.060289536964852 ], [ -2.475458095598494, 53.060273262933698 ], [ -2.434149278426044, 53.055305661271312 ], [ -2.428873560508876, 53.058740692767515 ], [ -2.415251501856429, 53.059582735757857 ], [ -2.403148945827173, 53.05685840707519 ], [ -2.389994297492827, 53.063672033961538 ], [ -2.379871258536574, 53.061341519165936 ], [ -2.380914927794901, 53.057690447694767 ], [ -2.377124995902721, 53.058357827900366 ], [ -2.375059408202157, 53.054514339451188 ], [ -2.385123244980079, 53.048074653720818 ], [ -2.382158731125864, 53.045833351977251 ], [ -2.386124241707125, 53.033586336987355 ], [ -2.379784659828961, 53.027574994340348 ], [ -2.384226992630222, 53.026151169027344 ], [ -2.370421296120649, 53.01451304889828 ], [ -2.383044368112698, 53.007770335809255 ], [ -2.380793384921503, 52.998394616810906 ], [ -2.389734416366483, 52.995375859948645 ], [ -2.406986286798942, 52.995900452390011 ], [ -2.404474687153385, 52.991637397678964 ], [ -2.410861663872236, 52.987909203098248 ], [ -2.438168092050501, 52.985551769448463 ], [ -2.434668166540849, 52.969541409732528 ], [ -2.442990963303835, 52.970765483117148 ] ] ] } },
{ "type": "Feature", "properties": { "Neighbourhood_Boundary": "Neston and Willaston" }, "geometry": { "type": "Polygon", "coordinates": [ [ [ -3.096680596583066, 53.272305578785456 ], [ -3.09250200749996, 53.26974604854793 ], [ -3.092059467411884, 53.266714242385021 ], [ -3.091739023756797, 53.264518625594143 ], [ -3.084139231569335, 53.262322795551157 ], [ -3.09159271037394, 53.264661102691704 ], [ -3.08958713237035, 53.267333066656995 ], [ -3.081150719355484, 53.263139124528344 ], [ -3.089739809328671, 53.268043720557266 ], [ -3.09085697188909, 53.268681520983016 ], [ -3.088964332452405, 53.271322774744966 ], [ -3.08705599561893, 53.269581750840047 ], [ -3.084299534545015, 53.267066656279177 ], [ -3.08488676496822, 53.270824761604992 ], [ -3.084932968563001, 53.271120420529719 ], [ -3.084562008641818, 53.271010843971325 ], [ -3.07806053009557, 53.269090108022027 ], [ -3.084143640280852, 53.271250560561825 ], [ -3.087950178666057, 53.272602203896639 ], [ -3.092364821740873, 53.276126963352397 ], [ -3.084922605995638, 53.274502250272626 ], [ -3.08466288079085, 53.274665564478916 ], [ -3.091817863661301, 53.278320845764341 ], [ -3.079010051406124, 53.278211850856998 ], [ -3.077544149028222, 53.27503139455672 ], [ -3.077077877022901, 53.274019652527564 ], [ -3.077379932768703, 53.275125461197781 ], [ -3.078338196438654, 53.278633201734053 ], [ -3.077521717360949, 53.279145811713377 ], [ -3.073484328772826, 53.277356746026584 ], [ -3.06417663226297, 53.2732311802854 ], [ -3.07303644017512, 53.27761325938129 ], [ -3.076910454323725, 53.279528862896299 ], [ -3.081597391255769, 53.281310319532338 ], [ -3.083880745165516, 53.27943511617957 ], [ -3.090639370353052, 53.284517993844673 ], [ -3.083741196271779, 53.290040933124502 ], [ -3.096314710282662, 53.284316724587754 ], [ -3.093353661447456, 53.288073535314474 ], [ -3.098900798312076, 53.28677573490733 ], [ -3.097710954747766, 53.290160312707613 ], [ -3.101195770084467, 53.286886703704013 ], [ -3.104539653428836, 53.288694979777965 ], [ -3.10131080175716, 53.290715025286325 ], [ -3.108450197902373, 53.290306393738632 ], [ -3.103362046854547, 53.291431436779376 ], [ -3.109585456573803, 53.29312743006529 ], [ -3.096396985381538, 53.294207672790748 ], [ -3.10376251922806, 53.295269666694232 ], [ -3.096656985440622, 53.29715284159073 ], [ -3.105984120747388, 53.29519424633429 ], [ -3.103538117995116, 53.2991343941314 ], [ -3.106563319426314, 53.298093997714886 ], [ -3.083081719352969, 53.310769990826472 ], [ -3.072650208124993, 53.315838488901889 ], [ -3.059659722012965, 53.308988057138677 ], [ -3.04839124826188, 53.310944812120432 ], [ -3.02976049649173, 53.29897629353465 ], [ -3.012837435800816, 53.298954985033582 ], [ -2.992738123940471, 53.307092804194355 ], [ -2.980164136454326, 53.304643029986359 ], [ -2.968033615997226, 53.30123909197593 ], [ -2.9466106633833, 53.305494429751214 ], [ -2.941241584671183, 53.299013029337154 ], [ -2.944725095947978, 53.292665282987734 ], [ -2.95174080665603, 53.290393686425041 ], [ -2.947044270596875, 53.285602185138913 ], [ -2.963266929959464, 53.286731591798954 ], [ -2.969589771926524, 53.275012497616771 ], [ -2.97691010421486, 53.277075895922849 ], [ -2.997706369970729, 53.271717411989734 ], [ -2.995021509354638, 53.26954407551321 ], [ -3.003344646871903, 53.266001083345706 ], [ -3.009020119146792, 53.257929180534902 ], [ -3.02590603004473, 53.248440402180307 ], [ -3.03606402878638, 53.25179061458563 ], [ -3.048671560781588, 53.252193667734296 ], [ -3.061117257378605, 53.252703771261544 ], [ -3.07442549130094, 53.253691701110995 ], [ -3.097356237354062, 53.263559172530449 ], [ -3.097444588197084, 53.263627346996579 ], [ -3.101329804286653, 53.266931374706459 ], [ -3.096680596583066, 53.272305578785456 ] ] ] } },
{ "type": "Feature", "properties": { "Neighbourhood_Boundary": "Newsham" }, "geometry": { "type": "Polygon", "coordinates": [ [ [ -2.958546120264634, 53.407214382666091 ], [ -2.961463802811599, 53.407522760813265 ], [ -2.96226774335054, 53.411992570834023 ], [ -2.962231344504749, 53.414241832045221 ], [ -2.946261934903934, 53.417257413050471 ], [ -2.947781036331375, 53.421222974948755 ], [ -2.947333204227787, 53.424802263949609 ], [ -2.952340245491463, 53.426032017897974 ], [ -2.939955295038544, 53.432502878546821 ], [ -2.939958648569203, 53.43250840187018 ], [ -2.932903690220333, 53.436750949613518 ], [ -2.923971332990106, 53.431638726172359 ], [ -2.918113367205773, 53.427185022995616 ], [ -2.914043903568587, 53.422137699106038 ], [ -2.915711739143586, 53.419146140667841 ], [ -2.91752266786797, 53.409886406077334 ], [ -2.914358912790429, 53.40946991804303 ], [ -2.913649373179352, 53.405633594924772 ], [ -2.933590141186405, 53.403944887237984 ], [ -2.939891857126828, 53.403225698956312 ], [ -2.939506799760309, 53.408901306215853 ], [ -2.958546120264634, 53.407214382666091 ] ] ] } },
{ "type": "Feature", "properties": { "Neighbourhood_Boundary": "Newton and Haydock" }, "geometry": { "type": "Polygon", "coordinates": [ [ [ -2.599719714927945, 53.461052383844432 ], [ -2.59692973034574, 53.456820628674862 ], [ -2.584201110181477, 53.454099618186127 ], [ -2.583328688112362, 53.448955204564257 ], [ -2.576664985592014, 53.446068965037853 ], [ -2.584596891035245, 53.440376719567176 ], [ -2.598685540891843, 53.450397538743296 ], [ -2.596231013024816, 53.442650000180478 ], [ -2.61142347421334, 53.442258574947957 ], [ -2.627463077557244, 53.434396568550106 ], [ -2.632408372833729, 53.441644086438558 ], [ -2.639540753755706, 53.44440607364794 ], [ -2.670661792978291, 53.449909888076014 ], [ -2.673409312602013, 53.452566009619929 ], [ -2.677186757205369, 53.452736844349872 ], [ -2.687101241610427, 53.457340851542085 ], [ -2.700876519022926, 53.459601417762265 ], [ -2.709337071102868, 53.457295331952722 ], [ -2.710916916415504, 53.458912776613857 ], [ -2.721142533304513, 53.461628185693868 ], [ -2.717189673820318, 53.467490159657999 ], [ -2.707129347946321, 53.464912813323686 ], [ -2.705253641217563, 53.468067234237772 ], [ -2.711116116325935, 53.472814509508311 ], [ -2.714729853093847, 53.473677352127133 ], [ -2.706933753195923, 53.478885968856837 ], [ -2.675969942367549, 53.486515872053594 ], [ -2.662937169998223, 53.492781280296626 ], [ -2.655915394704964, 53.490323696956786 ], [ -2.645537391909094, 53.480255500553824 ], [ -2.617278093259626, 53.481763274460505 ], [ -2.612139016990808, 53.481122499008464 ], [ -2.607864260205039, 53.470811934798199 ], [ -2.614549440048588, 53.470345410086871 ], [ -2.616761460045062, 53.466222629288339 ], [ -2.613111994826069, 53.461758823582088 ], [ -2.599719714927945, 53.461052383844432 ] ] ] } },
{ "type": "Feature", "properties": { "Neighbourhood_Boundary": "North Docks" }, "geometry": { "type": "Polygon", "coordinates": [ [ [ -2.993554971028366, 53.412408789025726 ], [ -2.999256279465065, 53.41164769125939 ], [ -3.001875661544559, 53.411471109834878 ], [ -3.001944951691176, 53.411742124551559 ], [ -3.008581169819458, 53.437681532269139 ], [ -2.9910542050288, 53.440196151518649 ], [ -2.985195378047738, 53.441561249616676 ], [ -2.981059853979867, 53.442330541956977 ], [ -2.97530782472358, 53.443230736080736 ], [ -2.973394398683368, 53.447432524879524 ], [ -2.96173406100612, 53.448931914224246 ], [ -2.954364613625817, 53.44457983578576 ], [ -2.95155791101305, 53.439951729392142 ], [ -2.960685087156967, 53.44273351875281 ], [ -2.967498166903415, 53.437054175799474 ], [ -2.971469028082898, 53.431368832685799 ], [ -2.973376123834688, 53.43096468400028 ], [ -2.970275963093336, 53.424454251733856 ], [ -2.982103350798828, 53.423176396327193 ], [ -2.982109892683218, 53.413855943476676 ], [ -2.993554971028366, 53.412408789025726 ] ] ] } },
{ "type": "Feature", "properties": { "Neighbourhood_Boundary": "North Neighbourhood" }, "geometry": { "type": "Polygon", "coordinates": [ [ [ -2.643758035979601, 53.393133503372859 ], [ -2.643726069845281, 53.389422211510926 ], [ -2.675996505453815, 53.394993867585804 ], [ -2.671376919586487, 53.40015796249628 ], [ -2.672136346001298, 53.411791387178752 ], [ -2.671876755128762, 53.415270575093182 ], [ -2.666856343562902, 53.416247930065509 ], [ -2.672320119771477, 53.422008669460347 ], [ -2.663852936665519, 53.429650579228294 ], [ -2.675268380294158, 53.432949259933487 ], [ -2.668772559981148, 53.441028024447647 ], [ -2.682169108346431, 53.439218287270222 ], [ -2.677186757205369, 53.452736844349872 ], [ -2.673409312602013, 53.452566009619929 ], [ -2.670661792978291, 53.449909888076014 ], [ -2.639540753755706, 53.44440607364794 ], [ -2.632408372833729, 53.441644086438558 ], [ -2.627463077557244, 53.434396568550106 ], [ -2.61142347421334, 53.442258574947957 ], [ -2.596231013024816, 53.442650000180478 ], [ -2.598685540891843, 53.450397538743296 ], [ -2.584596891035245, 53.440376719567176 ], [ -2.576664985592014, 53.446068965037853 ], [ -2.570320291746303, 53.458517645396959 ], [ -2.549089978136547, 53.461495637503859 ], [ -2.552639012389532, 53.467797621804728 ], [ -2.536446674132698, 53.471488397763721 ], [ -2.49633565792012, 53.48091376323331 ], [ -2.489146754191572, 53.475832562671997 ], [ -2.489714802389131, 53.46026652245677 ], [ -2.475987356102186, 53.44822166753805 ], [ -2.478154030621445, 53.44340136393923 ], [ -2.467700331539339, 53.437426725395746 ], [ -2.476926507943945, 53.432468043328761 ], [ -2.482654818027751, 53.436562778950019 ], [ -2.528895335279242, 53.43267075970072 ], [ -2.556111882849534, 53.426016832517554 ], [ -2.568827805077726, 53.424054033229929 ], [ -2.560283359590994, 53.407809676087069 ], [ -2.573109090851365, 53.403251777968926 ], [ -2.573247232858689, 53.402789946666616 ], [ -2.592196574713567, 53.395259350549466 ], [ -2.597838890622399, 53.414240457226924 ], [ -2.608564844375626, 53.413526499351633 ], [ -2.608324757349954, 53.416415768143871 ], [ -2.621417778175049, 53.420144244407254 ], [ -2.646719655035046, 53.415488586217791 ], [ -2.644401152867834, 53.407236938116448 ], [ -2.645574121564977, 53.406617565681813 ], [ -2.648592093451037, 53.402888849904862 ], [ -2.643758035979601, 53.393133503372859 ] ] ] } },
{ "type": "Feature", "properties": { "Neighbourhood_Boundary": "North Southport" }, "geometry": { "type": "Polygon", "coordinates": [ [ [ -2.967770105749902, 53.63104765018813 ], [ -2.973290254989133, 53.63947282765853 ], [ -2.995280044755146, 53.644064192477138 ], [ -2.987248568471457, 53.650181698461857 ], [ -2.995914275148488, 53.650229423494167 ], [ -3.002546288878849, 53.654727719681375 ], [ -3.00703988996292, 53.650589411607591 ], [ -3.017662316349238, 53.654313524637331 ], [ -3.00320017871033, 53.670093598029332 ], [ -3.006418716784025, 53.671320489163321 ], [ -3.010953802250013, 53.666960557106684 ], [ -3.015009016404425, 53.672164258604155 ], [ -3.015609350003619, 53.67293449143753 ], [ -3.014094205319526, 53.679113517921429 ], [ -3.002369859509595, 53.676941668923718 ], [ -2.987906101780708, 53.684637405863356 ], [ -2.982975152997104, 53.682520819698475 ], [ -2.988462056353405, 53.687361761071323 ], [ -2.984687515276486, 53.689720039520537 ], [ -2.980449630839261, 53.686696084942724 ], [ -2.980163264741395, 53.68899813060326 ], [ -2.980161360888285, 53.689013432948684 ], [ -2.980072110895243, 53.68973085609182 ], [ -2.977147615446991, 53.696519546651245 ], [ -2.965278078865346, 53.698186992017412 ], [ -2.964594446137716, 53.693463662412952 ], [ -2.971489889825392, 53.692147730150886 ], [ -2.96294974279507, 53.692865679002779 ], [ -2.958304227381725, 53.687569170643968 ], [ -2.954054702024143, 53.691362063718486 ], [ -2.95732899662613, 53.691035741767728 ], [ -2.962285391218078, 53.693816606864715 ], [ -2.955232765886634, 53.696480594565166 ], [ -2.946787338373343, 53.68800234045564 ], [ -2.952495308925872, 53.682263771509923 ], [ -2.944309470841259, 53.679114344024697 ], [ -2.947439320718065, 53.667333497114072 ], [ -2.940144702608192, 53.65859484116509 ], [ -2.949968140597421, 53.652318857746337 ], [ -2.960352941491553, 53.638720704065811 ], [ -2.967770105749902, 53.63104765018813 ] ] ] } },
{ "type": "Feature", "properties": { "Neighbourhood_Boundary": "Northwich" }, "geometry": { "type": "Polygon", "coordinates": [ [ [ -2.480088765351826, 53.201852033345254 ], [ -2.490544761469874, 53.20792824735188 ], [ -2.498023791410044, 53.207306625636932 ], [ -2.504405708097455, 53.21055530286182 ], [ -2.510928726238849, 53.211480326547452 ], [ -2.517354842483135, 53.208695658700137 ], [ -2.540166728451211, 53.227788476892492 ], [ -2.53802774646276, 53.231257992263806 ], [ -2.555056232566809, 53.238429528259076 ], [ -2.575240455813957, 53.235746386251442 ], [ -2.574548970671604, 53.233694326153433 ], [ -2.566431541502216, 53.227537094196506 ], [ -2.573895236971381, 53.229398038944524 ], [ -2.583183940353016, 53.224953742552451 ], [ -2.607551827657383, 53.220565856449703 ], [ -2.603016583885174, 53.222792991980512 ], [ -2.612633940478012, 53.224260289393072 ], [ -2.608683211963132, 53.231482501520894 ], [ -2.615258590366454, 53.235573748002217 ], [ -2.629152006079747, 53.232945648683703 ], [ -2.634053432936915, 53.239191267751991 ], [ -2.649843808140984, 53.242699137982527 ], [ -2.666931996607769, 53.237559221145794 ], [ -2.676753253895956, 53.245811415568383 ], [ -2.690969253256222, 53.243230896564633 ], [ -2.69772416992341, 53.24596734958574 ], [ -2.68975025076625, 53.257345252987392 ], [ -2.668991959064546, 53.254355191126713 ], [ -2.659423503185609, 53.263733671770929 ], [ -2.649565365018847, 53.266554612923571 ], [ -2.65154431111949, 53.281724257511542 ], [ -2.644880348052188, 53.283005457561359 ], [ -2.648322301718633, 53.286259607931839 ], [ -2.657406603692045, 53.286857055502033 ], [ -2.667136253281452, 53.282460541130455 ], [ -2.673023487736056, 53.288676547238261 ], [ -2.681964134539373, 53.2906598872624 ], [ -2.688060235824449, 53.300144079398521 ], [ -2.700798191927964, 53.305777871411898 ], [ -2.68535175831135, 53.315316793475979 ], [ -2.641557999161718, 53.305020062557013 ], [ -2.64506236179789, 53.31012028495801 ], [ -2.632509720110415, 53.307506201383539 ], [ -2.624123936157628, 53.309383228237493 ], [ -2.617802193979849, 53.316119993477358 ], [ -2.621082238890628, 53.319182975736815 ], [ -2.610323906410644, 53.318142511541716 ], [ -2.609087748779792, 53.312056033109869 ], [ -2.595224302173599, 53.322438927161883 ], [ -2.586290949628782, 53.329381189691787 ], [ -2.561876383493137, 53.323326972479101 ], [ -2.551665467334718, 53.332358070740625 ], [ -2.544530200341303, 53.330509508947507 ], [ -2.539453994557657, 53.336374326225595 ], [ -2.518394084326491, 53.342374246288941 ], [ -2.493969157154725, 53.34328243141961 ], [ -2.512282629481956, 53.321330100372535 ], [ -2.502909907516552, 53.313367237339968 ], [ -2.505534587279309, 53.310664945979582 ], [ -2.50169686424424, 53.298628107793185 ], [ -2.497592187486088, 53.299324849529242 ], [ -2.498007577895421, 53.289892953597857 ], [ -2.485077930407513, 53.290808228074852 ], [ -2.470000909834064, 53.285704592147262 ], [ -2.464458938148579, 53.287263411864508 ], [ -2.446921848206555, 53.280100357558169 ], [ -2.450484785746847, 53.27815475929831 ], [ -2.44409115100467, 53.270455519405942 ], [ -2.433670909318799, 53.26861163126469 ], [ -2.427462495387973, 53.261153538897105 ], [ -2.422886859775303, 53.260052602471518 ], [ -2.414456485060658, 53.268303389832994 ], [ -2.400003228744426, 53.265314529526599 ], [ -2.394116700985554, 53.266738244168295 ], [ -2.388250247870909, 53.264950727834162 ], [ -2.388238349366464, 53.26131924253329 ], [ -2.386863134903054, 53.264083302947178 ], [ -2.378993349414973, 53.263359859418699 ], [ -2.381539084355237, 53.257823572031015 ], [ -2.370400817023028, 53.254454573993783 ], [ -2.364651630958989, 53.248663292779185 ], [ -2.348972999275055, 53.248655816108581 ], [ -2.346354623599531, 53.24092059555268 ], [ -2.359132454787708, 53.23334470660032 ], [ -2.363801426211932, 53.223554256794493 ], [ -2.396290927918074, 53.234346036066817 ], [ -2.39886059513651, 53.228260024427421 ], [ -2.402823406624629, 53.229279485508904 ], [ -2.397879703193917, 53.22521155457963 ], [ -2.401173954987078, 53.221742481310017 ], [ -2.414183501965294, 53.219283598833236 ], [ -2.408832870491048, 53.211789153653761 ], [ -2.410162558014096, 53.205680161328267 ], [ -2.400890570420212, 53.203266819038539 ], [ -2.395034398475913, 53.206083747878424 ], [ -2.389863484743215, 53.196069151005595 ], [ -2.372561348859006, 53.195534858886823 ], [ -2.371153576316261, 53.190423594771005 ], [ -2.376923704076787, 53.187244965241391 ], [ -2.368687072347179, 53.182900458374576 ], [ -2.378202756006682, 53.172064900879107 ], [ -2.39211072188506, 53.17989871551957 ], [ -2.398057359240955, 53.177196726773118 ], [ -2.397943013493603, 53.17228191535439 ], [ -2.406580511733376, 53.17412064113887 ], [ -2.416323034967366, 53.187876037291439 ], [ -2.430665170594927, 53.197949252545783 ], [ -2.434518640686775, 53.196658830808524 ], [ -2.443124638108398, 53.20134720689375 ], [ -2.451227686386872, 53.199344176641709 ], [ -2.456437677792005, 53.202618282391882 ], [ -2.460257535993477, 53.199065558658248 ], [ -2.468483706705878, 53.204050213554595 ], [ -2.480088765351826, 53.201852033345254 ] ] ] } },
{ "type": "Feature", "properties": { "Neighbourhood_Boundary": "Parks" }, "geometry": { "type": "Polygon", "coordinates": [ [ [ -2.944769572467899, 53.366761470035335 ], [ -2.945736016003777, 53.367173467559311 ], [ -2.967998809853905, 53.375311914070032 ], [ -2.969299802114885, 53.375787282359148 ], [ -2.983797635326974, 53.385684456851855 ], [ -2.979507909429187, 53.386272354794478 ], [ -2.98279670059195, 53.394061620761661 ], [ -2.975994764151828, 53.394636526811716 ], [ -2.971121355474101, 53.395438689900182 ], [ -2.967690960074258, 53.396047980462455 ], [ -2.954755724623181, 53.397994279215901 ], [ -2.949756775073521, 53.398570621118338 ], [ -2.949429591364934, 53.391748052941828 ], [ -2.943318991412481, 53.388867798847201 ], [ -2.942708059963657, 53.388704763829317 ], [ -2.932634592474488, 53.383780309783766 ], [ -2.932984689381898, 53.375889741288745 ], [ -2.935154278902334, 53.373700711336149 ], [ -2.943939455494918, 53.366408510841417 ], [ -2.944769572467899, 53.366761470035335 ] ] ] } },
{ "type": "Feature", "properties": { "Neighbourhood_Boundary": "Prescot, Whiston and Cronton" }, "geometry": { "type": "Polygon", "coordinates": [ [ [ -2.785691155260359, 53.415013510973985 ], [ -2.786776232187605, 53.401171723977662 ], [ -2.745174871984418, 53.402079571903833 ], [ -2.743395592248041, 53.395269058849792 ], [ -2.750647874060128, 53.39377203654243 ], [ -2.748141569643606, 53.388485273799141 ], [ -2.760270510356681, 53.384319623781586 ], [ -2.757653757319793, 53.380721820154278 ], [ -2.772077927561598, 53.382948545637568 ], [ -2.781281380592097, 53.371676854364793 ], [ -2.792178360822663, 53.370062519089807 ], [ -2.80845833924614, 53.39829961099759 ], [ -2.805695158716523, 53.399150689618686 ], [ -2.816860546907142, 53.403849645413544 ], [ -2.812938277842628, 53.407507939276996 ], [ -2.817687069136566, 53.415497065638583 ], [ -2.813257864335409, 53.417321508331071 ], [ -2.823412646979527, 53.427363378148577 ], [ -2.82660030678039, 53.429850123889679 ], [ -2.848066638845391, 53.431713135586755 ], [ -2.857979278734627, 53.440892649291783 ], [ -2.870123413577628, 53.441679412252384 ], [ -2.870592143868425, 53.442511893728316 ], [ -2.867856082647996, 53.449278837858074 ], [ -2.880941114280783, 53.457104255048804 ], [ -2.891441232270059, 53.463099809875779 ], [ -2.8773812511879, 53.464021833806655 ], [ -2.818712229501272, 53.466875221034201 ], [ -2.804408069202425, 53.467220509913851 ], [ -2.807004134940084, 53.455815120373181 ], [ -2.795070165537632, 53.443213888147881 ], [ -2.796767943695862, 53.440614734744479 ], [ -2.804639455240244, 53.441145339145208 ], [ -2.805030197586448, 53.438643828658577 ], [ -2.787945909769867, 53.430362260086397 ], [ -2.782017803411449, 53.428580991008197 ], [ -2.77620225754915, 53.426671092577223 ], [ -2.781674019101095, 53.420835798963076 ], [ -2.778205250505496, 53.416286821427953 ], [ -2.785691155260359, 53.415013510973985 ] ] ] } },
{ "type": "Feature", "properties": { "Neighbourhood_Boundary": "Runcorn" }, "geometry": { "type": "Polygon", "coordinates": [ [ [ -2.700798191927964, 53.305777871411898 ], [ -2.720965083214918, 53.312744827791761 ], [ -2.730991880554987, 53.31183759869014 ], [ -2.734640982092742, 53.307053751930702 ], [ -2.739269049822686, 53.306823798810704 ], [ -2.752487024590719, 53.314715089755857 ], [ -2.752467924543287, 53.314725176272049 ], [ -2.763377280154665, 53.327534264777377 ], [ -2.757840329071097, 53.33546344041298 ], [ -2.759530327778371, 53.335973322997759 ], [ -2.758755124093222, 53.338412485910155 ], [ -2.758494426884976, 53.338675070219495 ], [ -2.753771977705724, 53.343431063115112 ], [ -2.743350874086524, 53.345325688025518 ], [ -2.736087527196526, 53.345042656842978 ], [ -2.736043049379623, 53.345040922265852 ], [ -2.721977180680826, 53.34449154468048 ], [ -2.720956616172571, 53.345044967563325 ], [ -2.699514965493699, 53.356666850611241 ], [ -2.677971247192011, 53.354694454248367 ], [ -2.674640285541702, 53.353648653822766 ], [ -2.630622472090475, 53.364034241480105 ], [ -2.626835674607626, 53.354624975912948 ], [ -2.631468025010978, 53.346017991095536 ], [ -2.614137691516937, 53.34764556151579 ], [ -2.606607272007097, 53.342980259115024 ], [ -2.619126237401102, 53.331055283766567 ], [ -2.614936495234369, 53.328841362147031 ], [ -2.610392646383248, 53.330390117577892 ], [ -2.595224302173599, 53.322438927161883 ], [ -2.609087748779792, 53.312056033109869 ], [ -2.610323906410644, 53.318142511541716 ], [ -2.621082238890628, 53.319182975736815 ], [ -2.617802193979849, 53.316119993477358 ], [ -2.624123936157628, 53.309383228237493 ], [ -2.632509720110415, 53.307506201383539 ], [ -2.64506236179789, 53.31012028495801 ], [ -2.641557999161718, 53.305020062557013 ], [ -2.68535175831135, 53.315316793475979 ], [ -2.700798191927964, 53.305777871411898 ] ] ] } },
{ "type": "Feature", "properties": { "Neighbourhood_Boundary": "Rural" }, "geometry": { "type": "Polygon", "coordinates": [ [ [ -2.743741998529151, 52.987132749470696 ], [ -2.759940848016751, 52.986404617812148 ], [ -2.765617207251672, 52.994120585740205 ], [ -2.779736592587617, 52.993366294153063 ], [ -2.781946307298675, 52.996267106042502 ], [ -2.784902339177864, 52.99388786206876 ], [ -2.790967852813275, 52.995286896903757 ], [ -2.79236556769447, 52.990898840446079 ], [ -2.803311680242007, 52.989578529360159 ], [ -2.835996124212475, 52.99713432824597 ], [ -2.840856848790822, 53.008425907114585 ], [ -2.837770088987681, 53.010648307159244 ], [ -2.844062400207298, 53.017652357234162 ], [ -2.858702099271923, 53.019883835921569 ], [ -2.860496211995206, 53.028537588423063 ], [ -2.855715286167951, 53.037239696830227 ], [ -2.861873171200861, 53.038587643322337 ], [ -2.866704409655783, 53.040546346869242 ], [ -2.861601387887806, 53.043808882435371 ], [ -2.870118019077291, 53.045344282695226 ], [ -2.863118809738527, 53.048606268815583 ], [ -2.8634200543215, 53.052108125254975 ], [ -2.868340556508278, 53.050046139293677 ], [ -2.866090863401177, 53.05271975947435 ], [ -2.859235624765932, 53.054148503856354 ], [ -2.867093228704142, 53.056724430035047 ], [ -2.860959547343084, 53.057629291283575 ], [ -2.872562589567447, 53.058691722971034 ], [ -2.861512963523532, 53.060758077359345 ], [ -2.870433481709577, 53.064175602332398 ], [ -2.865508286500649, 53.066004851927474 ], [ -2.869357355810711, 53.06972804339096 ], [ -2.877652351509241, 53.068903976742469 ], [ -2.875362206222143, 53.073285188045837 ], [ -2.881750214728239, 53.074578300318002 ], [ -2.8757216585953, 53.081505972871874 ], [ -2.891050508154446, 53.087494977123427 ], [ -2.893575475456859, 53.091536529329055 ], [ -2.900943058308143, 53.090817568252909 ], [ -2.899399223118442, 53.097909283871168 ], [ -2.894837213889452, 53.098798587254862 ], [ -2.897819076581265, 53.096399310727826 ], [ -2.893485999173451, 53.096226038867862 ], [ -2.887302945234007, 53.104406742845882 ], [ -2.893378677648653, 53.10416088161768 ], [ -2.89171505005114, 53.109379013861108 ], [ -2.883877920880947, 53.111327925642549 ], [ -2.88094129896226, 53.121359278606761 ], [ -2.886498744832622, 53.12136834107973 ], [ -2.886422228007024, 53.125714341738124 ], [ -2.877669512200466, 53.126893014658428 ], [ -2.869742077554357, 53.136181333999467 ], [ -2.869365482475911, 53.143806037996804 ], [ -2.853864542473244, 53.147114776761185 ], [ -2.850725696258136, 53.157150340015129 ], [ -2.855271480094131, 53.167877011283679 ], [ -2.837937803351752, 53.166916102773484 ], [ -2.812210897066233, 53.155763518056233 ], [ -2.799867462481715, 53.159071472728087 ], [ -2.789235512837068, 53.155817382954908 ], [ -2.783632208729544, 53.158459426929646 ], [ -2.782850941134797, 53.166970094098261 ], [ -2.788785970883629, 53.172897022584003 ], [ -2.778262988093958, 53.176963751941202 ], [ -2.779941599657191, 53.181404169053415 ], [ -2.798955435642787, 53.199330937567467 ], [ -2.806391488815289, 53.20398842627921 ], [ -2.816812881661435, 53.199408515546608 ], [ -2.847905754738168, 53.194423421521911 ], [ -2.854103189035233, 53.202131410039037 ], [ -2.86794357926154, 53.212344534863654 ], [ -2.858723307404853, 53.216435798539308 ], [ -2.866027268888833, 53.226248539494144 ], [ -2.864743675274958, 53.229079543924989 ], [ -2.876380826901037, 53.236509421692475 ], [ -2.876302833058706, 53.241417087608895 ], [ -2.886921854111056, 53.245592212051783 ], [ -2.891332579892805, 53.253466095524132 ], [ -2.911909287154768, 53.256004506913037 ], [ -2.883804457941165, 53.259830683623896 ], [ -2.883826525354821, 53.262063395402521 ], [ -2.876284799249006, 53.262412030640377 ], [ -2.883940574506541, 53.276612669173986 ], [ -2.885790586101507, 53.2813972838794 ], [ -2.892595829981804, 53.286134887740687 ], [ -2.886845214914571, 53.293145254012678 ], [ -2.886841000110088, 53.293144069146287 ], [ -2.878389837454527, 53.290766965568722 ], [ -2.855568288234161, 53.292006193493471 ], [ -2.853961997128196, 53.295262733312633 ], [ -2.839601065800281, 53.298721219772794 ], [ -2.848288177191547, 53.302098926286618 ], [ -2.847746019370028, 53.306239504553126 ], [ -2.842997409290136, 53.307520837436535 ], [ -2.815955873534149, 53.306147544659765 ], [ -2.790957282779906, 53.296226166737121 ], [ -2.791668809778254, 53.289872285401408 ], [ -2.78115290582237, 53.284207518645168 ], [ -2.786860956360245, 53.280000918934554 ], [ -2.784275042443786, 53.275648407538704 ], [ -2.814915678491748, 53.259006502527271 ], [ -2.817296910829626, 53.248588993087601 ], [ -2.812239213167223, 53.248372758173701 ], [ -2.813133858356072, 53.236990134162362 ], [ -2.781714048199837, 53.240661169604515 ], [ -2.775319977751685, 53.238572521477366 ], [ -2.76517264710768, 53.231064860846267 ], [ -2.760300814081791, 53.219227790726933 ], [ -2.755389661771919, 53.217848692214162 ], [ -2.768978694939175, 53.213226722595735 ], [ -2.76299130729355, 53.21033751017189 ], [ -2.752371420848458, 53.205636335193439 ], [ -2.716463272175852, 53.216206442667243 ], [ -2.706041849503084, 53.229814032259618 ], [ -2.711767889457983, 53.2345231229381 ], [ -2.702016169832773, 53.23873746473619 ], [ -2.690644902839124, 53.239278576431289 ], [ -2.690969253256222, 53.243230896564633 ], [ -2.676753253895956, 53.245811415568383 ], [ -2.666931996607769, 53.237559221145794 ], [ -2.649843808140984, 53.242699137982527 ], [ -2.634053432936915, 53.239191267751991 ], [ -2.629152006079747, 53.232945648683703 ], [ -2.615258590366454, 53.235573748002217 ], [ -2.608683211963132, 53.231482501520894 ], [ -2.612633940478012, 53.224260289393072 ], [ -2.603016583885174, 53.222792991980512 ], [ -2.607551827657383, 53.220565856449703 ], [ -2.609878055664865, 53.218479280164487 ], [ -2.614401640515332, 53.221143689841007 ], [ -2.625339355908466, 53.206742210265546 ], [ -2.602172691298688, 53.199684750600305 ], [ -2.583117322891062, 53.198892336691777 ], [ -2.565005836138047, 53.174883685025797 ], [ -2.56676035148548, 53.162591845574653 ], [ -2.559680740869672, 53.161867598437688 ], [ -2.542251550346877, 53.149744723238342 ], [ -2.526865916751659, 53.152822483408727 ], [ -2.520566464944895, 53.160393789584965 ], [ -2.506280122323457, 53.158970390154963 ], [ -2.496195458514488, 53.164266054996318 ], [ -2.485025812637059, 53.162721934665981 ], [ -2.486181241878818, 53.160140899617865 ], [ -2.46907470013755, 53.152746026527097 ], [ -2.456466243071681, 53.15685170109343 ], [ -2.452093401290067, 53.139346168878724 ], [ -2.454189695759019, 53.125646941983014 ], [ -2.501873995740084, 53.12433172537628 ], [ -2.50432454767489, 53.120493834353404 ], [ -2.499391747889141, 53.107953288736176 ], [ -2.506552368746792, 53.098756845302475 ], [ -2.503361174613446, 53.090481560725081 ], [ -2.509383224918624, 53.085503685286639 ], [ -2.519981850272454, 53.082808656810883 ], [ -2.524169357918509, 53.0712511052254 ], [ -2.536185861708731, 53.071028505318822 ], [ -2.540425551320307, 53.060384996167592 ], [ -2.560558148224715, 53.054459670759123 ], [ -2.560464000087942, 53.073869581927575 ], [ -2.578108938091614, 53.079612767154643 ], [ -2.580283976694709, 53.086047451682781 ], [ -2.596399395320649, 53.094333012007304 ], [ -2.597092385531064, 53.100863602327799 ], [ -2.589706189995178, 53.105565081285725 ], [ -2.611834087361205, 53.10704982568074 ], [ -2.619431550249455, 53.111111361650934 ], [ -2.621111167664941, 53.11632532967527 ], [ -2.639262715314017, 53.108673835278026 ], [ -2.644959642214308, 53.110434570675324 ], [ -2.650667258673601, 53.108426809469059 ], [ -2.657739119125472, 53.111367884452925 ], [ -2.658588818351444, 53.115351611302593 ], [ -2.671145180817753, 53.115854087421482 ], [ -2.696628511130781, 53.119952376371756 ], [ -2.706054075754322, 53.118493574889705 ], [ -2.711363054534199, 53.093626616890312 ], [ -2.731737989268301, 53.091793346734839 ], [ -2.734929028774732, 53.08653742038662 ], [ -2.745465683661801, 53.082140829095124 ], [ -2.752928521454674, 53.069210421677191 ], [ -2.741070685215965, 53.064505309537552 ], [ -2.732423252249188, 53.057667686640272 ], [ -2.734699201562789, 53.05506835259083 ], [ -2.718263325792247, 53.044198217085167 ], [ -2.702410905341681, 53.054305170671356 ], [ -2.668817385836965, 53.038638126087214 ], [ -2.67877081379871, 53.032643398508831 ], [ -2.679321247429617, 53.025924387604938 ], [ -2.685018364050694, 53.021698222585712 ], [ -2.678320834364077, 53.014996388981288 ], [ -2.688555283249328, 53.012471769963888 ], [ -2.699292896826795, 52.995424638735578 ], [ -2.711879176767649, 52.98607024922832 ], [ -2.726841150305563, 52.983258573969046 ], [ -2.743741998529151, 52.987132749470696 ] ] ] } },
{ "type": "Feature", "properties": { "Neighbourhood_Boundary": "SMASH" }, "geometry": { "type": "MultiPolygon", "coordinates": [ [ [ [ -2.334376080811487, 53.102446851023835 ], [ -2.328283728415392, 53.106757918380083 ], [ -2.329873658365849, 53.117365005282622 ], [ -2.309610395987903, 53.104967452661541 ], [ -2.307286741584549, 53.108490438648126 ], [ -2.302280980433516, 53.108261439404231 ], [ -2.288961100367244, 53.130102843071732 ], [ -2.270816667887342, 53.133089393177485 ], [ -2.269914431781414, 53.142217952639641 ], [ -2.264727803124921, 53.142846252687455 ], [ -2.270002302396271, 53.155273365447613 ], [ -2.264958257507872, 53.156724682307058 ], [ -2.264208338590288, 53.163666706343932 ], [ -2.24912609622403, 53.164264659999965 ], [ -2.246948800994995, 53.159925727685057 ], [ -2.235334773045474, 53.15456939275375 ], [ -2.216189089798708, 53.155409376140284 ], [ -2.212901638405989, 53.151385544069903 ], [ -2.195343515300815, 53.147634026080446 ], [ -2.198792320849908, 53.141378280035468 ], [ -2.186534369048201, 53.135959840740064 ], [ -2.193506841129877, 53.129547525055933 ], [ -2.211315284552805, 53.115807327720489 ], [ -2.223073881528879, 53.103778253783872 ], [ -2.237951642877845, 53.101030289999635 ], [ -2.24643165798609, 53.090290860435211 ], [ -2.25324859350043, 53.093960225420162 ], [ -2.255899010976159, 53.090657412949326 ], [ -2.277059263414599, 53.085894931119789 ], [ -2.275288912524009, 53.082172464896693 ], [ -2.281690092932783, 53.080299424525698 ], [ -2.294460733379655, 53.078279232209368 ], [ -2.303402788942454, 53.082979670701235 ], [ -2.316782074551549, 53.081169799409579 ], [ -2.329009123664131, 53.076563361410429 ], [ -2.3304019135841, 53.070863601879402 ], [ -2.348597459789089, 53.055828237554081 ], [ -2.353734923680026, 53.058832401135327 ], [ -2.357578618363779, 53.054702096021394 ], [ -2.375059408202157, 53.054514339451188 ], [ -2.377124995902721, 53.058357827900366 ], [ -2.380914927794901, 53.057690447694767 ], [ -2.379871258536574, 53.061341519165936 ], [ -2.389994297492827, 53.063672033961538 ], [ -2.403148945827173, 53.05685840707519 ], [ -2.415251501856429, 53.059582735757857 ], [ -2.428873560508876, 53.058740692767515 ], [ -2.433690178566403, 53.063213274814423 ], [ -2.430564792721329, 53.078560096566939 ], [ -2.427081635901219, 53.079552457269223 ], [ -2.412703518112124, 53.080298576933032 ], [ -2.407070116943502, 53.088981089012272 ], [ -2.417458080870062, 53.098574286756843 ], [ -2.412762419947825, 53.108534374275898 ], [ -2.420656044030583, 53.113000331673241 ], [ -2.416831779118491, 53.118284992514539 ], [ -2.407407181768202, 53.125276938087389 ], [ -2.39099839696952, 53.12669029048525 ], [ -2.406292205253217, 53.131699939497757 ], [ -2.400718117216457, 53.145000911356689 ], [ -2.401317753604592, 53.151905140813753 ], [ -2.391430258484071, 53.159884304113206 ], [ -2.381470453199454, 53.157277512423533 ], [ -2.3657487784102, 53.158545777049206 ], [ -2.356196222758898, 53.153969664974291 ], [ -2.338199945309218, 53.158594893538748 ], [ -2.339283391167665, 53.161337961312221 ], [ -2.330419763065679, 53.16262584510595 ], [ -2.323956967109107, 53.159841745480058 ], [ -2.33597152059039, 53.152849101302948 ], [ -2.331542982421386, 53.143998405532422 ], [ -2.363123260267001, 53.129753946561031 ], [ -2.358293965551003, 53.125566253925236 ], [ -2.361909235254506, 53.11547592075209 ], [ -2.364270787405624, 53.109781315902552 ], [ -2.354592171229446, 53.109994743823748 ], [ -2.349656370406937, 53.105984597757924 ], [ -2.334376080811487, 53.102446851023835 ] ] ], [ [ [ -2.460257535993477, 53.199065558658248 ], [ -2.456437677792005, 53.202618282391882 ], [ -2.451227686386872, 53.199344176641709 ], [ -2.443124638108398, 53.20134720689375 ], [ -2.434518640686775, 53.196658830808524 ], [ -2.430665170594927, 53.197949252545783 ], [ -2.416323034967366, 53.187876037291439 ], [ -2.406580511733376, 53.17412064113887 ], [ -2.42456078120229, 53.172054271933675 ], [ -2.430464032800214, 53.176686590195466 ], [ -2.441985683831434, 53.168790708059461 ], [ -2.457334341800543, 53.176600787473738 ], [ -2.460257535993477, 53.199065558658248 ] ] ] ] } },
{ "type": "Feature", "properties": { "Neighbourhood_Boundary": "Seaforth and Litherland" }, "geometry": { "type": "Polygon", "coordinates": [ [ [ -3.006391267475278, 53.46683291912467 ], [ -3.036536565272709, 53.461534076874649 ], [ -3.040424807065885, 53.464729500110991 ], [ -3.041458000230807, 53.465612439963351 ], [ -3.03758470113978, 53.468450149268321 ], [ -3.043409485183933, 53.477869760494094 ], [ -3.043421239867265, 53.477884378909877 ], [ -3.033824738175626, 53.481717915296755 ], [ -3.02896246649823, 53.477263691379484 ], [ -3.023385744989679, 53.481322439270166 ], [ -3.014132439288793, 53.477814829746492 ], [ -3.008811797664888, 53.485302571443178 ], [ -3.006620789390866, 53.486332274449111 ], [ -2.997036653951507, 53.494467545296018 ], [ -2.987726781257134, 53.489656800984619 ], [ -2.980592026453582, 53.496991086063254 ], [ -2.954060619561471, 53.49182159649974 ], [ -2.951732306534518, 53.49103383214463 ], [ -2.960179859453868, 53.467985487831022 ], [ -2.969780440426672, 53.466008599102551 ], [ -2.972654938386864, 53.458583592864485 ], [ -2.972566241650493, 53.4583859052333 ], [ -2.979810590504, 53.457080842164018 ], [ -2.984095690262024, 53.463805182078332 ], [ -2.992562176904342, 53.458556696037384 ], [ -2.998417553148522, 53.459120042139972 ], [ -3.006391267475278, 53.46683291912467 ] ] ] } },
{ "type": "Feature", "properties": { "Neighbourhood_Boundary": "Smithdown" }, "geometry": { "type": "Polygon", "coordinates": [ [ [ -2.93164316769806, 53.375606323853923 ], [ -2.932984689381898, 53.375889741288745 ], [ -2.932634592474488, 53.383780309783766 ], [ -2.942708059963657, 53.388704763829317 ], [ -2.943318991412481, 53.388867798847201 ], [ -2.949429591364934, 53.391748052941828 ], [ -2.949756775073521, 53.398570621118338 ], [ -2.954755724623181, 53.397994279215901 ], [ -2.954368788219974, 53.40524371737699 ], [ -2.958546120264634, 53.407214382666091 ], [ -2.939506799760309, 53.408901306215853 ], [ -2.939891857126828, 53.403225698956312 ], [ -2.933590141186405, 53.403944887237984 ], [ -2.924148076234284, 53.390099146155244 ], [ -2.924142367415365, 53.390089876948217 ], [ -2.915377345200852, 53.379200102982374 ], [ -2.93164316769806, 53.375606323853923 ] ] ] } },
{ "type": "Feature", "properties": { "Neighbourhood_Boundary": "South Neighbourhood" }, "geometry": { "type": "Polygon", "coordinates": [ [ [ -2.551665467334718, 53.332358070740625 ], [ -2.561876383493137, 53.323326972479101 ], [ -2.586290949628782, 53.329381189691787 ], [ -2.595224302173599, 53.322438927161883 ], [ -2.610392646383248, 53.330390117577892 ], [ -2.614936495234369, 53.328841362147031 ], [ -2.619126237401102, 53.331055283766567 ], [ -2.606607272007097, 53.342980259115024 ], [ -2.614137691516937, 53.34764556151579 ], [ -2.631468025010978, 53.346017991095536 ], [ -2.626835674607626, 53.354624975912948 ], [ -2.630622472090475, 53.364034241480105 ], [ -2.61225085324286, 53.367548362241855 ], [ -2.598377814154742, 53.370214668314233 ], [ -2.591245925147404, 53.371594012125072 ], [ -2.589594131684275, 53.373332561066327 ], [ -2.598751510270294, 53.374672089514064 ], [ -2.591372481752497, 53.385823499688001 ], [ -2.578113360451984, 53.383736557183944 ], [ -2.576806145301628, 53.388681213821471 ], [ -2.565644436138639, 53.387852021432771 ], [ -2.562879861359779, 53.393588175802684 ], [ -2.556783546288481, 53.389209619280031 ], [ -2.551737028295065, 53.390452833412965 ], [ -2.535309855853113, 53.383892209882433 ], [ -2.478439868466093, 53.396196516558966 ], [ -2.471026732874686, 53.392314413456674 ], [ -2.465898403232245, 53.394759773491401 ], [ -2.458561811783083, 53.392971853937212 ], [ -2.448394607338313, 53.394791590114082 ], [ -2.426590852126886, 53.387444890625865 ], [ -2.428724532928481, 53.376389301620243 ], [ -2.439664183720389, 53.370525778030149 ], [ -2.439881202119234, 53.366646303934637 ], [ -2.458843053557326, 53.36826930309654 ], [ -2.464996674341303, 53.363514734395821 ], [ -2.486879280724016, 53.367887610478014 ], [ -2.505824436459466, 53.355469111791621 ], [ -2.521050619756632, 53.347884495060661 ], [ -2.518394084326491, 53.342374246288941 ], [ -2.539453994557657, 53.336374326225595 ], [ -2.544530200341303, 53.330509508947507 ], [ -2.551665467334718, 53.332358070740625 ] ] ] } },
{ "type": "Feature", "properties": { "Neighbourhood_Boundary": "South Wirral" }, "geometry": { "type": "Polygon", "coordinates": [ [ [ -2.995011839987319, 53.317914404399922 ], [ -3.003419257110282, 53.317812668107997 ], [ -3.007184243198526, 53.317052782475862 ], [ -3.011949213508962, 53.315421328376722 ], [ -3.015474648747227, 53.315966650454449 ], [ -3.016882048160086, 53.317707554557543 ], [ -3.015171930202555, 53.319123777868256 ], [ -3.009688355899262, 53.31788902066647 ], [ -3.010856497009581, 53.322313056653613 ], [ -3.007844049175328, 53.32051049655302 ], [ -3.005043683393255, 53.320451830851816 ], [ -3.004012876634893, 53.321431012029294 ], [ -3.006340289206002, 53.323289434481389 ], [ -3.001394785408162, 53.323349940619117 ], [ -2.999241520344181, 53.321921416855893 ], [ -2.994787180077097, 53.322307721080563 ], [ -2.996332670138028, 53.326780419902839 ], [ -2.993667519438868, 53.327746533915011 ], [ -2.992958375416372, 53.329857845893727 ], [ -3.000109493745898, 53.331513929928768 ], [ -3.004389745254488, 53.331236732011526 ], [ -3.008230125111777, 53.334095646118143 ], [ -3.008843559826789, 53.335844156224091 ], [ -3.010659386958484, 53.336661145859921 ], [ -3.013243142072991, 53.338350779152577 ], [ -3.013848061665941, 53.340495596713218 ], [ -3.014295148943255, 53.343462682139176 ], [ -3.016099922357405, 53.343802556022474 ], [ -3.016793771923321, 53.343871474830948 ], [ -3.017908331858601, 53.346132468791602 ], [ -3.017414821539068, 53.349615484597571 ], [ -3.015936237490248, 53.349390842577208 ], [ -3.013858910769596, 53.349101969185355 ], [ -3.013671592871813, 53.351784223467789 ], [ -3.008736731554506, 53.353930807626881 ], [ -3.011839959347834, 53.354273736979913 ], [ -3.014950201005285, 53.353865053957584 ], [ -3.016904123986371, 53.355513792490704 ], [ -3.013760006897184, 53.358923441766819 ], [ -3.010826284978515, 53.357549860485598 ], [ -3.007504406253634, 53.35866100804008 ], [ -3.004234716098948, 53.358913320346147 ], [ -3.004537345476897, 53.360796254337899 ], [ -3.00558144280557, 53.363146288484643 ], [ -3.005700569825563, 53.363430336781278 ], [ -3.005894369840529, 53.363806888868055 ], [ -2.999363403639415, 53.365048254385805 ], [ -2.999228130717057, 53.365768093022652 ], [ -2.995683927366092, 53.367894811578942 ], [ -2.994046973367773, 53.36705286389865 ], [ -2.993528431761889, 53.366485123278835 ], [ -2.991461378906103, 53.364627604761537 ], [ -2.99041801241111, 53.363688862394007 ], [ -2.989530915997656, 53.362987884266637 ], [ -2.988355632400587, 53.362170182868816 ], [ -2.987365944480464, 53.361870954415402 ], [ -2.986941634523301, 53.361619625588929 ], [ -2.987050521779277, 53.361454672585971 ], [ -2.986285783714904, 53.361525093533018 ], [ -2.983865839524697, 53.362227988786067 ], [ -2.982547394816546, 53.361106228359958 ], [ -2.980439759966788, 53.359342290492627 ], [ -2.978493230235637, 53.357434288136417 ], [ -2.978644613757886, 53.357229401699108 ], [ -2.978444479583427, 53.357175069065939 ], [ -2.978257857075389, 53.357216280367787 ], [ -2.973605498541334, 53.353423310749733 ], [ -2.967881811281161, 53.347409895534739 ], [ -2.968026424399502, 53.347246755880001 ], [ -2.969050808841514, 53.346655137014203 ], [ -2.968741597171169, 53.346440175876879 ], [ -2.968083728560389, 53.346774702349762 ], [ -2.967926354900266, 53.34669085256057 ], [ -2.968242369400945, 53.346508225367145 ], [ -2.967814557465749, 53.34645056300085 ], [ -2.96775587749442, 53.346210957120739 ], [ -2.967885021586829, 53.346026890531171 ], [ -2.967431592806924, 53.345737972074694 ], [ -2.967072645726706, 53.345262996128014 ], [ -2.96694340878609, 53.344920080358008 ], [ -2.965519262226619, 53.343690861843662 ], [ -2.965476484205839, 53.343540687530961 ], [ -2.965199705079646, 53.343415031468219 ], [ -2.96502145367207, 53.343145701969398 ], [ -2.96478117020795, 53.34305376029527 ], [ -2.963616331391015, 53.342048253795618 ], [ -2.963448532163536, 53.341767350862632 ], [ -2.96327593659489, 53.341140405014158 ], [ -2.962975604217916, 53.341009791401106 ], [ -2.962274567635089, 53.339946746061109 ], [ -2.962323117043308, 53.339814560594178 ], [ -2.962136775462389, 53.339576503988461 ], [ -2.962171361239737, 53.339444983694129 ], [ -2.961849127744577, 53.33917476331267 ], [ -2.961538561790606, 53.338688709053898 ], [ -2.961076570497327, 53.338070219638333 ], [ -2.961065834274074, 53.337748698036833 ], [ -2.960874807658674, 53.337389737769485 ], [ -2.960713948365828, 53.337282265585877 ], [ -2.96048128423924, 53.336920080552737 ], [ -2.960354616664272, 53.336939274423024 ], [ -2.959691716430011, 53.335900779714862 ], [ -2.959576963100855, 53.335635542895709 ], [ -2.959824940431009, 53.335580593419763 ], [ -2.959112348331814, 53.334442912025402 ], [ -2.959003691095087, 53.333950732844428 ], [ -2.958552409711316, 53.333199740416148 ], [ -2.958250701491067, 53.332565895302814 ], [ -2.958234075312284, 53.332075944478177 ], [ -2.95780614103222, 53.331474414388786 ], [ -2.957284046389465, 53.330959035909494 ], [ -2.956693821111823, 53.33049495475052 ], [ -2.956653822142643, 53.330375306691217 ], [ -2.95619846545298, 53.329989281088849 ], [ -2.956074937251558, 53.329770037985817 ], [ -2.955860387309652, 53.329710632535665 ], [ -2.955540028992167, 53.329317678901504 ], [ -2.955234942113802, 53.329210246011129 ], [ -2.954777875459556, 53.328774549868974 ], [ -2.952908658222445, 53.326863135882711 ], [ -2.952580038099673, 53.326872055184126 ], [ -2.951513213535134, 53.324880492596215 ], [ -2.951091576861047, 53.32495936518248 ], [ -2.950668043631825, 53.324546776635835 ], [ -2.950400055090215, 53.324210686452368 ], [ -2.950174497369156, 53.323789543609571 ], [ -2.949955862412612, 53.323510823393597 ], [ -2.949348646321726, 53.323020751057015 ], [ -2.948769264476347, 53.322933328276712 ], [ -2.947139722193012, 53.322566684216099 ], [ -2.946963833588167, 53.322365127693409 ], [ -2.946637007105433, 53.322453568452573 ], [ -2.943622414179468, 53.319554683602057 ], [ -2.942633049702081, 53.318603191399532 ], [ -2.942079204991906, 53.318018287895889 ], [ -2.941458198041411, 53.317439529316829 ], [ -2.940541948657851, 53.316526723850941 ], [ -2.935573056486562, 53.312637575214538 ], [ -2.933639358733957, 53.311138060606943 ], [ -2.933055119594856, 53.310707556718263 ], [ -2.931799008820887, 53.309852618615388 ], [ -2.930329507238282, 53.309017310085459 ], [ -2.92879421280275, 53.308272753367625 ], [ -2.931602618745709, 53.306068711325302 ], [ -2.939551125238598, 53.310415515524575 ], [ -2.94658687418676, 53.305526219539296 ], [ -2.949381892713301, 53.303169027078354 ], [ -2.955301635766267, 53.304225595405391 ], [ -2.961363663383337, 53.303812573119494 ], [ -2.967969879636955, 53.302034085628755 ], [ -2.971267892470475, 53.302025173688207 ], [ -2.97762335046846, 53.303888360382032 ], [ -2.980087534241266, 53.304642798850125 ], [ -2.984737993843156, 53.305325177263043 ], [ -2.990121435698416, 53.306612580270794 ], [ -2.991997113535596, 53.311880432540008 ], [ -2.989542424218806, 53.312678946688557 ], [ -2.994130524307594, 53.316685081727634 ], [ -2.995011839987319, 53.317914404399922 ] ] ] } },
{ "type": "Feature", "properties": { "Neighbourhood_Boundary": "Speke Garston" }, "geometry": { "type": "Polygon", "coordinates": [ [ [ -2.832339308829041, 53.337270460286192 ], [ -2.825653692400943, 53.331816119624015 ], [ -2.825756819793645, 53.331798195546845 ], [ -2.826661005162548, 53.331641042758093 ], [ -2.836410259234967, 53.32700224273205 ], [ -2.854972794288684, 53.327455823732727 ], [ -2.878158577790993, 53.334182799769025 ], [ -2.883073826376022, 53.336561980324909 ], [ -2.9027196293255, 53.346066654724183 ], [ -2.909869461076314, 53.349523892837048 ], [ -2.910337784331914, 53.349811313591076 ], [ -2.916131141041901, 53.353381600718286 ], [ -2.910106517567177, 53.360734325089325 ], [ -2.89938148689703, 53.364494908682367 ], [ -2.88725537469457, 53.35720599240242 ], [ -2.878125264198741, 53.353314250063512 ], [ -2.864582896278103, 53.353449076664603 ], [ -2.846338700758133, 53.353965513481171 ], [ -2.840405593528455, 53.347315238023647 ], [ -2.818806816143491, 53.347984932283687 ], [ -2.818731556492854, 53.339787593575821 ], [ -2.832339308829041, 53.337270460286192 ] ] ] } },
{ "type": "Feature", "properties": { "Neighbourhood_Boundary": "St Helens Central" }, "geometry": { "type": "Polygon", "coordinates": [ [ [ -2.765859933866637, 53.458853414301039 ], [ -2.791297282104787, 53.471119349693268 ], [ -2.804408069202425, 53.467220509913851 ], [ -2.818712229501272, 53.466875221034201 ], [ -2.816752042099226, 53.477836005687344 ], [ -2.814521731624873, 53.476172983023524 ], [ -2.794807018096085, 53.47958669111847 ], [ -2.766564362665841, 53.474982106082372 ], [ -2.767003842600329, 53.469615747902616 ], [ -2.743072993319763, 53.470958830957066 ], [ -2.74100210588311, 53.461826627916359 ], [ -2.736191141946506, 53.459553506670964 ], [ -2.721142533304513, 53.461628185693868 ], [ -2.710916916415504, 53.458912776613857 ], [ -2.709337071102868, 53.457295331952722 ], [ -2.718514676850667, 53.44845403545763 ], [ -2.710560170712666, 53.44534362369992 ], [ -2.715403901138515, 53.437418948327014 ], [ -2.722799903969105, 53.436750974426168 ], [ -2.740462122910056, 53.446035072168435 ], [ -2.748201131812636, 53.442013795305677 ], [ -2.770892094559512, 53.43661382826263 ], [ -2.774151331774793, 53.438778717959472 ], [ -2.765859933866637, 53.458853414301039 ] ] ] } },
{ "type": "Feature", "properties": { "Neighbourhood_Boundary": "St Helens North" }, "geometry": { "type": "Polygon", "coordinates": [ [ [ -2.705253641217563, 53.468067234237772 ], [ -2.707129347946321, 53.464912813323686 ], [ -2.717189673820318, 53.467490159657999 ], [ -2.721142533304513, 53.461628185693868 ], [ -2.736191141946506, 53.459553506670964 ], [ -2.74100210588311, 53.461826627916359 ], [ -2.743072993319763, 53.470958830957066 ], [ -2.767003842600329, 53.469615747902616 ], [ -2.766564362665841, 53.474982106082372 ], [ -2.794807018096085, 53.47958669111847 ], [ -2.814521731624873, 53.476172983023524 ], [ -2.816752042099226, 53.477836005687344 ], [ -2.82496506178577, 53.485193403196924 ], [ -2.81989478565108, 53.496491162529281 ], [ -2.822520603557142, 53.505111502437678 ], [ -2.816616362736609, 53.512266248396962 ], [ -2.794687480316279, 53.521226530566437 ], [ -2.782418949479357, 53.531356233126623 ], [ -2.768872634769939, 53.513555466966416 ], [ -2.759831527285888, 53.512521216494456 ], [ -2.73041736511966, 53.520565494106343 ], [ -2.722969934798631, 53.509981676071817 ], [ -2.710013771148806, 53.514563985346555 ], [ -2.705477519271724, 53.504770455146058 ], [ -2.680230113868282, 53.499500591358249 ], [ -2.666257555688878, 53.499725198135856 ], [ -2.662937169998223, 53.492781280296626 ], [ -2.675969942367549, 53.486515872053594 ], [ -2.706933753195923, 53.478885968856837 ], [ -2.714729853093847, 53.473677352127133 ], [ -2.711116116325935, 53.472814509508311 ], [ -2.705253641217563, 53.468067234237772 ] ] ] } },
{ "type": "Feature", "properties": { "Neighbourhood_Boundary": "St Helens South" }, "geometry": { "type": "Polygon", "coordinates": [ [ [ -2.676316988445095, 53.387603346757686 ], [ -2.690632396080278, 53.385372137576731 ], [ -2.705041699269098, 53.386729629684297 ], [ -2.712803208604056, 53.390609868085342 ], [ -2.715226809058371, 53.399018757650737 ], [ -2.730944566729776, 53.399976931416461 ], [ -2.73444812821998, 53.400530785088328 ], [ -2.745174871984418, 53.402079571903833 ], [ -2.786776232187605, 53.401171723977662 ], [ -2.785691155260359, 53.415013510973985 ], [ -2.778205250505496, 53.416286821427953 ], [ -2.781674019101095, 53.420835798963076 ], [ -2.77620225754915, 53.426671092577223 ], [ -2.782017803411449, 53.428580991008197 ], [ -2.787945909769867, 53.430362260086397 ], [ -2.805030197586448, 53.438643828658577 ], [ -2.804639455240244, 53.441145339145208 ], [ -2.796767943695862, 53.440614734744479 ], [ -2.795070165537632, 53.443213888147881 ], [ -2.807004134940084, 53.455815120373181 ], [ -2.804408069202425, 53.467220509913851 ], [ -2.791297282104787, 53.471119349693268 ], [ -2.765859933866637, 53.458853414301039 ], [ -2.774151331774793, 53.438778717959472 ], [ -2.770892094559512, 53.43661382826263 ], [ -2.748201131812636, 53.442013795305677 ], [ -2.740462122910056, 53.446035072168435 ], [ -2.722799903969105, 53.436750974426168 ], [ -2.715403901138515, 53.437418948327014 ], [ -2.710560170712666, 53.44534362369992 ], [ -2.718514676850667, 53.44845403545763 ], [ -2.709337071102868, 53.457295331952722 ], [ -2.700876519022926, 53.459601417762265 ], [ -2.687101241610427, 53.457340851542085 ], [ -2.677186757205369, 53.452736844349872 ], [ -2.682169108346431, 53.439218287270222 ], [ -2.668772559981148, 53.441028024447647 ], [ -2.675268380294158, 53.432949259933487 ], [ -2.663852936665519, 53.429650579228294 ], [ -2.672320119771477, 53.422008669460347 ], [ -2.666856343562902, 53.416247930065509 ], [ -2.671876755128762, 53.415270575093182 ], [ -2.672136346001298, 53.411791387178752 ], [ -2.671376919586487, 53.40015796249628 ], [ -2.675996505453815, 53.394993867585804 ], [ -2.676316988445095, 53.387603346757686 ] ] ] } },
{ "type": "Feature", "properties": { "Neighbourhood_Boundary": "Stanley Park" }, "geometry": { "type": "Polygon", "coordinates": [ [ [ -2.979251438537426, 53.410946223667686 ], [ -2.982109892683218, 53.413855943476676 ], [ -2.982103350798828, 53.423176396327193 ], [ -2.970275963093336, 53.424454251733856 ], [ -2.973376123834688, 53.43096468400028 ], [ -2.971469028082898, 53.431368832685799 ], [ -2.967498166903415, 53.437054175799474 ], [ -2.960685087156967, 53.44273351875281 ], [ -2.95155791101305, 53.439951729392142 ], [ -2.939958648569203, 53.43250840187018 ], [ -2.939955295038544, 53.432502878546821 ], [ -2.952340245491463, 53.426032017897974 ], [ -2.947333204227787, 53.424802263949609 ], [ -2.947781036331375, 53.421222974948755 ], [ -2.946261934903934, 53.417257413050471 ], [ -2.962231344504749, 53.414241832045221 ], [ -2.96226774335054, 53.411992570834023 ], [ -2.979251438537426, 53.410946223667686 ] ] ] } },
{ "type": "Feature", "properties": { "Neighbourhood_Boundary": "Valley" }, "geometry": { "type": "Polygon", "coordinates": [ [ [ -2.864582896278103, 53.353449076664603 ], [ -2.878125264198741, 53.353314250063512 ], [ -2.88725537469457, 53.35720599240242 ], [ -2.865235121522575, 53.359269603706423 ], [ -2.87375158763887, 53.37110787316557 ], [ -2.874806752332974, 53.371888171733261 ], [ -2.88994498503494, 53.377798571940886 ], [ -2.883423164648315, 53.380461068741603 ], [ -2.884133453647345, 53.387345147178337 ], [ -2.883222800982078, 53.387170422833989 ], [ -2.874395094763147, 53.391477910925225 ], [ -2.887305815040593, 53.398962612889619 ], [ -2.880987862765119, 53.39997263242234 ], [ -2.871916119045901, 53.400419397808513 ], [ -2.856219975153472, 53.394944573823629 ], [ -2.837345312053337, 53.399852428026726 ], [ -2.833649935237132, 53.388925381255142 ], [ -2.821954607760376, 53.380651328441502 ], [ -2.844431545345887, 53.382041397279117 ], [ -2.853803820437006, 53.379799402401126 ], [ -2.852084327656923, 53.361216399305874 ], [ -2.846338700758133, 53.353965513481171 ], [ -2.864582896278103, 53.353449076664603 ] ] ] } },
{ "type": "Feature", "properties": { "Neighbourhood_Boundary": "Wallasey" }, "geometry": { "type": "Polygon", "coordinates": [ [ [ -3.066067257594431, 53.415613575267251 ], [ -3.067972722389366, 53.415519210793541 ], [ -3.073438737263116, 53.414077876159062 ], [ -3.075534127561208, 53.414427394109083 ], [ -3.078213768563933, 53.421146749759949 ], [ -3.083399252045055, 53.420263895718598 ], [ -3.08750665384476, 53.427978241191539 ], [ -3.083177195412218, 53.429969673807172 ], [ -3.08157523128757, 53.430661834405448 ], [ -3.081435425317633, 53.430770743962341 ], [ -3.079723634165149, 53.432104180235498 ], [ -3.078768799451904, 53.432586644788209 ], [ -3.078437673961845, 53.432593092772599 ], [ -3.078148290790105, 53.43285194657841 ], [ -3.077535015136399, 53.433147040577353 ], [ -3.076749462189346, 53.433595296887525 ], [ -3.075779405070656, 53.434039683074815 ], [ -3.075736240676207, 53.434153688435728 ], [ -3.074794477565861, 53.434539834946108 ], [ -3.073706816776106, 53.435196679714302 ], [ -3.073362603431893, 53.435373574419927 ], [ -3.071402229562529, 53.435724484960353 ], [ -3.063068012130662, 53.438480844839958 ], [ -3.061879948766705, 53.438837294661653 ], [ -3.061103506223541, 53.439130425822384 ], [ -3.059738197617213, 53.439492750111832 ], [ -3.059083257668563, 53.439577164402117 ], [ -3.058055564600857, 53.439831327648974 ], [ -3.056700005795191, 53.440104070563294 ], [ -3.04827920407438, 53.441108590354609 ], [ -3.047625809536494, 53.441196977230526 ], [ -3.044621696900408, 53.441544697171231 ], [ -3.044560458286856, 53.441611585062773 ], [ -3.043206610980786, 53.441794673762203 ], [ -3.041411186324658, 53.442904384186541 ], [ -3.039917301053799, 53.441923445118285 ], [ -3.03975879415312, 53.441758964564293 ], [ -3.039256844977247, 53.441037993757597 ], [ -3.038461033941847, 53.440509641066868 ], [ -3.038163226775324, 53.440490502448171 ], [ -3.037935152484921, 53.440231001201688 ], [ -3.037113290599164, 53.439844537141497 ], [ -3.036657571255248, 53.439782765110017 ], [ -3.036418297940016, 53.438952205331731 ], [ -3.035853255711767, 53.438304072079319 ], [ -3.035685442285957, 53.437995541818019 ], [ -3.035269875291118, 53.43750912140343 ], [ -3.035415416255195, 53.437499108909549 ], [ -3.034297863237867, 53.4354445288634 ], [ -3.033541530352037, 53.433253084130598 ], [ -3.033251683475538, 53.432652291943739 ], [ -3.033112394351245, 53.432057083996668 ], [ -3.032921693879298, 53.431703227480554 ], [ -3.033007143484843, 53.431626983511393 ], [ -3.032898947889154, 53.431292638483669 ], [ -3.032458193233723, 53.430433077950845 ], [ -3.03184247840142, 53.429619520710368 ], [ -3.031768465046243, 53.429373613021511 ], [ -3.031197790781137, 53.428540592836626 ], [ -3.030702769248334, 53.427929942904335 ], [ -3.030321562050513, 53.427709468288242 ], [ -3.029807653931606, 53.42707061928472 ], [ -3.029958282889651, 53.426956762160067 ], [ -3.030020166146653, 53.426637403411306 ], [ -3.029784836437604, 53.425997724683619 ], [ -3.029477257547359, 53.42544442051998 ], [ -3.028068096218553, 53.423518126900333 ], [ -3.027104989208165, 53.42208146622405 ], [ -3.025896278178312, 53.420534546944651 ], [ -3.025315747006985, 53.419865013026218 ], [ -3.02479189371976, 53.41947436079392 ], [ -3.024557358396485, 53.419545225707488 ], [ -3.024090535070794, 53.419255717838148 ], [ -3.023962927048977, 53.419041017748683 ], [ -3.024093354302518, 53.418757922803138 ], [ -3.023967970536495, 53.418624525451385 ], [ -3.023983307748658, 53.418267001054581 ], [ -3.023339711736693, 53.417500020439917 ], [ -3.022155557161149, 53.416457841155101 ], [ -3.022121545352832, 53.416388469178948 ], [ -3.02083579657716, 53.415191370651058 ], [ -3.020493746144357, 53.414916077443877 ], [ -3.018698958635738, 53.413326921164973 ], [ -3.016832314179779, 53.411581553386625 ], [ -3.015387308494429, 53.40803621089271 ], [ -3.014813480116554, 53.40648355675534 ], [ -3.014501423630798, 53.40586237323182 ], [ -3.01458558505175, 53.405646260910906 ], [ -3.015033574830634, 53.405302352724732 ], [ -3.015281492889126, 53.405195975756151 ], [ -3.016187311100224, 53.404924003028619 ], [ -3.016049546156907, 53.404665846887497 ], [ -3.015443606025619, 53.404739313698229 ], [ -3.015159483354119, 53.404714761743811 ], [ -3.015007772179348, 53.404562122158609 ], [ -3.015298999659235, 53.403814243516862 ], [ -3.013064585093447, 53.401922143557229 ], [ -3.021639724022529, 53.401471525507283 ], [ -3.032012006088883, 53.404502825859112 ], [ -3.036515045748073, 53.403893141042651 ], [ -3.041334299019709, 53.403452038846787 ], [ -3.044917319513912, 53.404118497268882 ], [ -3.047962719346697, 53.406489065734114 ], [ -3.050853126560249, 53.407668201715062 ], [ -3.054823683429355, 53.41007171585327 ], [ -3.052834028495493, 53.411147450865961 ], [ -3.059983487926671, 53.413928318017369 ], [ -3.062942822611209, 53.415153206415077 ], [ -3.066067257594431, 53.415613575267251 ] ], [ [ -3.0369430969678, 53.439467624344651 ], [ -3.035685442285954, 53.437995541818012 ], [ -3.035685442285957, 53.437995541818019 ], [ -3.0369430969678, 53.439467624344651 ] ] ] } },
{ "type": "Feature", "properties": { "Neighbourhood_Boundary": "West Derby" }, "geometry": { "type": "Polygon", "coordinates": [ [ [ -2.914358912790429, 53.40946991804303 ], [ -2.91752266786797, 53.409886406077334 ], [ -2.915711739143586, 53.419146140667841 ], [ -2.914043903568587, 53.422137699106038 ], [ -2.918113367205773, 53.427185022995616 ], [ -2.923971332990106, 53.431638726172359 ], [ -2.921035394932285, 53.434482144336826 ], [ -2.917887708909571, 53.436262982032716 ], [ -2.904977264810797, 53.430914220687377 ], [ -2.889069316165088, 53.438963748168767 ], [ -2.888961584638408, 53.438930347745675 ], [ -2.883040289876082, 53.442534714088637 ], [ -2.870592143868425, 53.442511893728316 ], [ -2.870123413577628, 53.441679412252384 ], [ -2.873416618935278, 53.436502938049728 ], [ -2.866832086338172, 53.42834954080503 ], [ -2.867938882034983, 53.420549976185264 ], [ -2.868695083981697, 53.415572831306932 ], [ -2.871163252349041, 53.412369216176778 ], [ -2.884097065026651, 53.416860190925206 ], [ -2.892412676788722, 53.410902537549369 ], [ -2.890542557764367, 53.406910215574925 ], [ -2.901495556317468, 53.407001851461715 ], [ -2.914358912790429, 53.40946991804303 ] ] ] } },
{ "type": "Feature", "properties": { "Neighbourhood_Boundary": "West Neighbourhood" }, "geometry": { "type": "Polygon", "coordinates": [ [ [ -2.677971247192011, 53.354694454248367 ], [ -2.675187663401989, 53.354439311039151 ], [ -2.666141227276801, 53.357682976975191 ], [ -2.663977379751696, 53.367233049864055 ], [ -2.656768391762469, 53.374082829822122 ], [ -2.642327640465514, 53.372446400414248 ], [ -2.638194726911349, 53.377601145467032 ], [ -2.621731123781178, 53.375009330450034 ], [ -2.638964120738382, 53.378388039224539 ], [ -2.645686697483415, 53.373922195562535 ], [ -2.654299627605796, 53.375801571206289 ], [ -2.660172894623555, 53.373891498604173 ], [ -2.674487929542637, 53.356747068645248 ], [ -2.692302918666408, 53.361512692254202 ], [ -2.697724292606019, 53.37929674188927 ], [ -2.690588664776893, 53.385244391490005 ], [ -2.690632396080278, 53.385372137576731 ], [ -2.676316988445095, 53.387603346757686 ], [ -2.675996505453815, 53.394993867585804 ], [ -2.643726069845281, 53.389422211510926 ], [ -2.643758035979601, 53.393133503372859 ], [ -2.648592093451037, 53.402888849904862 ], [ -2.645574121564977, 53.406617565681813 ], [ -2.644401152867834, 53.407236938116448 ], [ -2.646719655035046, 53.415488586217791 ], [ -2.621417778175049, 53.420144244407254 ], [ -2.608324757349954, 53.416415768143871 ], [ -2.608564844375626, 53.413526499351633 ], [ -2.597838890622399, 53.414240457226924 ], [ -2.592196574713567, 53.395259350549466 ], [ -2.573247232858689, 53.402789946666616 ], [ -2.562879861359779, 53.393588175802684 ], [ -2.565644436138639, 53.387852021432771 ], [ -2.576806145301628, 53.388681213821471 ], [ -2.578113360451984, 53.383736557183944 ], [ -2.591372481752497, 53.385823499688001 ], [ -2.598751510270294, 53.374672089514064 ], [ -2.589594131684275, 53.373332561066327 ], [ -2.591245925147404, 53.371594012125072 ], [ -2.598377814154742, 53.370214668314233 ], [ -2.61225085324286, 53.367548362241855 ], [ -2.630622472090475, 53.364034241480105 ], [ -2.674640285541702, 53.353648653822766 ], [ -2.677971247192011, 53.354694454248367 ] ] ] } },
{ "type": "Feature", "properties": { "Neighbourhood_Boundary": "West Wirral" }, "geometry": { "type": "MultiPolygon", "coordinates": [ [ [ [ -3.124515211602673, 53.291301049633894 ], [ -3.124275237680753, 53.291275686774647 ], [ -3.12330059524163, 53.291315400450841 ], [ -3.122893059986977, 53.291185467652717 ], [ -3.122800917976863, 53.291424763370834 ], [ -3.123202051202508, 53.291370631513203 ], [ -3.123610025799323, 53.291398864610017 ], [ -3.124229582588821, 53.291345890816217 ], [ -3.124595135625793, 53.291384048668363 ], [ -3.124807808394306, 53.291235350136141 ], [ -3.124713148662219, 53.29101973798803 ], [ -3.124796767777069, 53.290853351360184 ], [ -3.125083427494119, 53.290759957543024 ], [ -3.125340525788616, 53.290866968974704 ], [ -3.123924047595627, 53.292920166184167 ], [ -3.118460189761638, 53.291937708333407 ], [ -3.123018667261334, 53.289355975144737 ], [ -3.124129335632865, 53.289953387209628 ], [ -3.124628765004842, 53.290129517190103 ], [ -3.125687966937492, 53.290363317691977 ], [ -3.125392336983093, 53.290791864187909 ], [ -3.124964864417537, 53.290664666293424 ], [ -3.124688589538222, 53.290806710257563 ], [ -3.124515211602673, 53.291301049633894 ] ] ], [ [ [ -3.120558616046714, 53.294114408391998 ], [ -3.117777128793089, 53.293834374880525 ], [ -3.11722538286196, 53.292915399892919 ], [ -3.117127099761854, 53.29269263488596 ], [ -3.118329051234422, 53.292011972499523 ], [ -3.119515766715037, 53.292312303916844 ], [ -3.120077660212987, 53.292582287050173 ], [ -3.12121901371917, 53.292754337846674 ], [ -3.121113027759897, 53.292972618960277 ], [ -3.12085104992785, 53.293231847173509 ], [ -3.120950452101686, 53.293307443723577 ], [ -3.120558616046714, 53.294114408391998 ] ] ], [ [ [ -3.138089558563892, 53.303915030093229 ], [ -3.139409841882491, 53.30436080588867 ], [ -3.138949879663699, 53.30449768179033 ], [ -3.138712455159204, 53.304416707359167 ], [ -3.138089558563892, 53.303915030093229 ] ] ], [ [ [ -3.140301292499939, 53.306516348725758 ], [ -3.139822289119158, 53.306452426311075 ], [ -3.139309923109494, 53.306268949904698 ], [ -3.139054191713532, 53.306268540982067 ], [ -3.138516380507397, 53.306113368165001 ], [ -3.138205307314811, 53.306260324734765 ], [ -3.137578273523981, 53.306183724968307 ], [ -3.137154777506692, 53.305970184955051 ], [ -3.135393760047776, 53.304691036997852 ], [ -3.135183576111815, 53.304768003944211 ], [ -3.135013712326757, 53.305239494585543 ], [ -3.134959299006537, 53.305779652522517 ], [ -3.134839713059649, 53.306319050704765 ], [ -3.134687674807008, 53.306533465123231 ], [ -3.134729554251797, 53.306815915548739 ], [ -3.134646593516444, 53.307190097628791 ], [ -3.134511378251103, 53.307212504613652 ], [ -3.131501645675121, 53.306116186698382 ], [ -3.13142424298845, 53.305890231767165 ], [ -3.131646555873871, 53.305644041369561 ], [ -3.13233540535907, 53.305252574095022 ], [ -3.132245857624339, 53.305199911133158 ], [ -3.13179422495789, 53.3054639186077 ], [ -3.131167654343299, 53.305509815397919 ], [ -3.131001787245573, 53.305408641145718 ], [ -3.130993668985803, 53.304966334348897 ], [ -3.130914808642358, 53.304822239199169 ], [ -3.131003331187573, 53.304340489053843 ], [ -3.13111984420203, 53.304061592730569 ], [ -3.131408361524351, 53.303710420036751 ], [ -3.131768284979791, 53.303387352850599 ], [ -3.132035247543111, 53.302926858985046 ], [ -3.132389724645868, 53.302578159491866 ], [ -3.1329563162286, 53.302263591073199 ], [ -3.13329250828249, 53.302184288024122 ], [ -3.13373149061028, 53.301968918449063 ], [ -3.134110032289563, 53.30168990296103 ], [ -3.134209948123614, 53.30150487330495 ], [ -3.133991669111579, 53.300572118695797 ], [ -3.133676261945537, 53.300093493205217 ], [ -3.133196999817174, 53.299837016956573 ], [ -3.132981506068989, 53.299870569811482 ], [ -3.133724315196872, 53.300565013180069 ], [ -3.133957091196054, 53.301145722548007 ], [ -3.133973030942708, 53.301399587054945 ], [ -3.133325817681452, 53.301878079327551 ], [ -3.132754250925765, 53.302125152126777 ], [ -3.132146609523434, 53.302245439562242 ], [ -3.131750642659083, 53.302496073424663 ], [ -3.131357355507896, 53.303254694352553 ], [ -3.130841431706147, 53.303699828134839 ], [ -3.130378422738044, 53.303758436772959 ], [ -3.129773783347943, 53.303317660803621 ], [ -3.129630494978968, 53.303155531074978 ], [ -3.12955565708553, 53.302786011516119 ], [ -3.129677115556854, 53.302453790928034 ], [ -3.129555850407391, 53.301950727190949 ], [ -3.129307414530178, 53.301323278938256 ], [ -3.129108467440396, 53.301276826414515 ], [ -3.129342235015311, 53.30183019930363 ], [ -3.129511724101362, 53.302443975950304 ], [ -3.129333862997811, 53.302481957280023 ], [ -3.129288199204618, 53.302843124648263 ], [ -3.129638097161774, 53.303463427977753 ], [ -3.13010546018325, 53.303930638221402 ], [ -3.130221114768236, 53.30416000731222 ], [ -3.129994440050495, 53.304733208293435 ], [ -3.129790656661054, 53.305015779183023 ], [ -3.12974525454989, 53.30528164098574 ], [ -3.129890014990163, 53.305711238130655 ], [ -3.130239554360483, 53.306016167009744 ], [ -3.13049302345957, 53.306485472156623 ], [ -3.129575076211593, 53.306821545722265 ], [ -3.129301918574289, 53.306357066169021 ], [ -3.129486862619989, 53.305469011606505 ], [ -3.129103518880906, 53.305071290527323 ], [ -3.129049780792535, 53.304547002464332 ], [ -3.128855025159042, 53.304208856428112 ], [ -3.128378008495337, 53.303984682759477 ], [ -3.128296366622519, 53.303772258528291 ], [ -3.128448015793297, 53.303244248441899 ], [ -3.128264173478873, 53.302392977383512 ], [ -3.128136722115048, 53.30247777240249 ], [ -3.128271255918649, 53.303273498279822 ], [ -3.128071185442785, 53.303804114214607 ], [ -3.128275992634217, 53.30407926035506 ], [ -3.128818194063377, 53.304463598154037 ], [ -3.12876033807631, 53.304791764434718 ], [ -3.128879639703465, 53.305099827406409 ], [ -3.129148165964644, 53.305532533631848 ], [ -3.129207094268388, 53.305787061613479 ], [ -3.128858925599321, 53.305842078790022 ], [ -3.128725780053971, 53.306191533249532 ], [ -3.127862947426285, 53.305725205962467 ], [ -3.127546733070883, 53.305463714524414 ], [ -3.126662205915422, 53.304997727259135 ], [ -3.126156753487698, 53.304851695279069 ], [ -3.125473389205336, 53.304540077547458 ], [ -3.125172602421616, 53.304341061793359 ], [ -3.124614360551747, 53.303779070806819 ], [ -3.12450269007494, 53.303416322401475 ], [ -3.123994449192639, 53.30294775816953 ], [ -3.123822775518306, 53.303047887039803 ], [ -3.123243427018722, 53.302987405159037 ], [ -3.122786696990603, 53.303027461486955 ], [ -3.122067326622517, 53.303169162964323 ], [ -3.12119168639287, 53.303407703239621 ], [ -3.120485830706647, 53.303492852203881 ], [ -3.119182488682415, 53.303521324144725 ], [ -3.118190684944747, 53.303515752046891 ], [ -3.117210100399983, 53.303596888007618 ], [ -3.116677961134326, 53.303860821494233 ], [ -3.116156602199009, 53.304217824444635 ], [ -3.115698643981891, 53.304752244598291 ], [ -3.115156976777615, 53.304840369366573 ], [ -3.114078391221415, 53.304666717819359 ], [ -3.113734186036898, 53.304561720343045 ], [ -3.113656177937305, 53.304005309053416 ], [ -3.11339720924468, 53.303819241554336 ], [ -3.11282411998811, 53.303691396602609 ], [ -3.112224119754535, 53.303620997879904 ], [ -3.111847683645876, 53.303345285501429 ], [ -3.111279279319791, 53.303022423361305 ], [ -3.11073574713828, 53.302611619577014 ], [ -3.11057327811877, 53.302623964190587 ], [ -3.111307715190169, 53.303143692020321 ], [ -3.111647507135586, 53.303320345376605 ], [ -3.111758550242461, 53.303467955423123 ], [ -3.112431777397998, 53.303797388683186 ], [ -3.112995949727022, 53.303831660578133 ], [ -3.113400205963076, 53.304026665590129 ], [ -3.113476985365813, 53.304138691078244 ], [ -3.113485868754142, 53.304632832546005 ], [ -3.112452453230794, 53.305203775727669 ], [ -3.112622967269315, 53.305222860543914 ], [ -3.113451427439183, 53.304787372161037 ], [ -3.11358776056483, 53.304762314222131 ], [ -3.114485047237632, 53.304953359232947 ], [ -3.115690709420715, 53.305135688746361 ], [ -3.11599464164418, 53.305063377490299 ], [ -3.116426384068087, 53.304794741544882 ], [ -3.116931258628359, 53.304399364225624 ], [ -3.117370568192555, 53.304125017779512 ], [ -3.117704658523491, 53.304002880371016 ], [ -3.11838672724212, 53.303884035204938 ], [ -3.118900411261813, 53.303953758898786 ], [ -3.119806248448256, 53.303995414154706 ], [ -3.120393581550005, 53.303984535699115 ], [ -3.121602504684908, 53.303863028011151 ], [ -3.122456578294003, 53.303929087710443 ], [ -3.122561290274796, 53.303999737576035 ], [ -3.122107333868138, 53.304334834592723 ], [ -3.12268721193185, 53.304206679344112 ], [ -3.123382739436982, 53.304654447368179 ], [ -3.124438657351481, 53.305053717944887 ], [ -3.125113092705648, 53.305217509052078 ], [ -3.125587660732893, 53.305571225714608 ], [ -3.125532829542145, 53.305741503155275 ], [ -3.12593590818301, 53.305855630183679 ], [ -3.125624103991834, 53.306035783582345 ], [ -3.125193889125933, 53.306465486016045 ], [ -3.125956390499923, 53.306078503045605 ], [ -3.126581479835755, 53.306172492025304 ], [ -3.126925316675353, 53.306442282869881 ], [ -3.1274010802613, 53.307182056449179 ], [ -3.127532996562628, 53.307569136613253 ], [ -3.125425798638183, 53.308340503710184 ], [ -3.125332858325776, 53.308763898916006 ], [ -3.125050994668814, 53.308969846997243 ], [ -3.124794489784332, 53.308993667789331 ], [ -3.124526097557144, 53.30894268435798 ], [ -3.124252071306191, 53.308942290459065 ], [ -3.124003231977365, 53.308993391362904 ], [ -3.123801095666359, 53.30893520413877 ], [ -3.123794901766837, 53.308937471257686 ], [ -3.124008589203962, 53.30900820898492 ], [ -3.124550410736104, 53.308961485336198 ], [ -3.124817025633647, 53.309020216141349 ], [ -3.125042817565166, 53.308999057948668 ], [ -3.125038734351014, 53.30937971550113 ], [ -3.121414848061146, 53.309808587727218 ], [ -3.121077025100601, 53.309932226791659 ], [ -3.12048874088139, 53.309864047237433 ], [ -3.119394587520213, 53.309683249496928 ], [ -3.118820033292427, 53.309666325655193 ], [ -3.119273521424762, 53.309886775875015 ], [ -3.119773288501503, 53.310057376755289 ], [ -3.120040249430735, 53.310311663576918 ], [ -3.118903339560921, 53.310727729611479 ], [ -3.118376163058089, 53.310582858620215 ], [ -3.118047433332385, 53.310352220272492 ], [ -3.11788283008499, 53.310084087789733 ], [ -3.117234893512924, 53.309699129398041 ], [ -3.116795519637039, 53.30954143872048 ], [ -3.116450163749561, 53.309248029078788 ], [ -3.116104461596204, 53.309228791148875 ], [ -3.115093378442359, 53.309305665539185 ], [ -3.115103340823836, 53.309399958627168 ], [ -3.115986765845852, 53.309319783915029 ], [ -3.116378656572542, 53.309383535752012 ], [ -3.116677589907583, 53.309623445191455 ], [ -3.117269011555942, 53.309856120195093 ], [ -3.117696789845863, 53.310144260612667 ], [ -3.117681443618498, 53.310418573830418 ], [ -3.117969013116502, 53.310510265298639 ], [ -3.118550295891569, 53.310856926627451 ], [ -3.118624027291621, 53.311164831235374 ], [ -3.119130081619289, 53.311320914360422 ], [ -3.119833338872276, 53.311891385732963 ], [ -3.119687027944758, 53.312223647671011 ], [ -3.119935459088356, 53.312550481779894 ], [ -3.119481896026348, 53.312640358630262 ], [ -3.119269826335306, 53.312792664275698 ], [ -3.120066205671787, 53.312720498307158 ], [ -3.120392922369946, 53.312821607115573 ], [ -3.12103692416751, 53.312867670088643 ], [ -3.124273748667184, 53.312512526358454 ], [ -3.126419398719015, 53.313895993754677 ], [ -3.125632305475161, 53.31378332769021 ], [ -3.125391390269826, 53.313697865430413 ], [ -3.125420508876894, 53.313536343404571 ], [ -3.124763808724089, 53.313593043989677 ], [ -3.125333250280161, 53.313782138616403 ], [ -3.126294877819201, 53.313992906553224 ], [ -3.12589821058161, 53.314282108734176 ], [ -3.125546851887298, 53.31441372494529 ], [ -3.125070580391585, 53.314425829310174 ], [ -3.123952520544225, 53.314619966991387 ], [ -3.125634672193475, 53.314492163073552 ], [ -3.125967712550727, 53.314408802404401 ], [ -3.126268960918684, 53.314205223237913 ], [ -3.12667178520576, 53.314058718453389 ], [ -3.128081705530083, 53.314171170269155 ], [ -3.129677035596182, 53.314416089582778 ], [ -3.130334424927774, 53.314350805833534 ], [ -3.13271101530656, 53.315850384239219 ], [ -3.132744137915274, 53.316009893699189 ], [ -3.13256023560335, 53.316136920734806 ], [ -3.131875267180023, 53.31628546524491 ], [ -3.131649602998462, 53.316576039973747 ], [ -3.131546123555544, 53.317018451204774 ], [ -3.131099632283263, 53.317106408446016 ], [ -3.130560448176158, 53.316993543595594 ], [ -3.13013465496939, 53.316992820972082 ], [ -3.129573612522908, 53.317074719762417 ], [ -3.128387292331755, 53.317423672969703 ], [ -3.128553940934399, 53.317477272673351 ], [ -3.129539469443416, 53.317165419800013 ], [ -3.130069373504657, 53.317077631474753 ], [ -3.130675290325226, 53.317100433327411 ], [ -3.131217276344073, 53.31723290339567 ], [ -3.131901535815115, 53.317281564318222 ], [ -3.131930220066952, 53.31705397471142 ], [ -3.131833584202885, 53.316692367827287 ], [ -3.132138519226604, 53.316443622426839 ], [ -3.132786126660476, 53.316241253417402 ], [ -3.133369254093386, 53.316124413713723 ], [ -3.133987831484003, 53.316175619075807 ], [ -3.134179231667989, 53.316024670381665 ], [ -3.134988154741254, 53.315705893691309 ], [ -3.135758509078896, 53.31709247908833 ], [ -3.135771935634229, 53.317280942929308 ], [ -3.135612509517064, 53.317388351761203 ], [ -3.135987325340065, 53.31770545551602 ], [ -3.13584365277068, 53.317909797520286 ], [ -3.135543968307669, 53.318096431606051 ], [ -3.135172881223546, 53.318148358384683 ], [ -3.13447356032504, 53.318561621562317 ], [ -3.13435143007664, 53.318694955356129 ], [ -3.13383772151632, 53.318919561898113 ], [ -3.133212592932606, 53.319138182271999 ], [ -3.132718549733242, 53.319442516312961 ], [ -3.132298539636572, 53.319924265830082 ], [ -3.132188218039343, 53.320428093191929 ], [ -3.132371038329357, 53.320756188353677 ], [ -3.132676105138671, 53.320997276785306 ], [ -3.133022651663352, 53.321175846686685 ], [ -3.133684214504493, 53.321407399022419 ], [ -3.133959012252888, 53.321559178805643 ], [ -3.134383936716207, 53.322223394225482 ], [ -3.134447272624111, 53.322845017620679 ], [ -3.134684780546786, 53.323187628126099 ], [ -3.135237968587172, 53.323824526186939 ], [ -3.135719550756146, 53.324310996362129 ], [ -3.136836651717341, 53.326056885825473 ], [ -3.136791238154297, 53.326297828343847 ], [ -3.13646487592121, 53.326885367414135 ], [ -3.136294902827532, 53.327720961276675 ], [ -3.136424503327075, 53.328243450385258 ], [ -3.136377334097628, 53.328493682742199 ], [ -3.133836685393435, 53.329297944488928 ], [ -3.132737256496248, 53.328771535749787 ], [ -3.13257464489598, 53.328367129820414 ], [ -3.132240613438758, 53.328125749942977 ], [ -3.13172288582167, 53.327962581777307 ], [ -3.131354067771595, 53.327922490339326 ], [ -3.130903666210463, 53.327970420764593 ], [ -3.12726073039697, 53.326321362639469 ], [ -3.126735676354669, 53.325722026252286 ], [ -3.126331887480189, 53.325186758726069 ], [ -3.126102451754224, 53.324999190071082 ], [ -3.122987300058201, 53.323695649571391 ], [ -3.123166269749964, 53.323559866796231 ], [ -3.122564366308681, 53.323518659750931 ], [ -3.121581677847236, 53.323107411592183 ], [ -3.121557035558158, 53.322836245617403 ], [ -3.121409931049015, 53.322623245850089 ], [ -3.120797621555293, 53.322288273128066 ], [ -3.120152366320748, 53.322110862544655 ], [ -3.119272377805542, 53.322137004670509 ], [ -3.120108806353166, 53.322120368387253 ], [ -3.120758751695401, 53.322296287910561 ], [ -3.121417602221759, 53.322673593875223 ], [ -3.121511262869555, 53.323077942804559 ], [ -3.119268886707334, 53.322139461328938 ], [ -3.119046986112942, 53.322295609797635 ], [ -3.117836224539257, 53.321562739729629 ], [ -3.117353655188471, 53.321215011715708 ], [ -3.115747570396513, 53.320298395483775 ], [ -3.114818303034989, 53.319735837439119 ], [ -3.114570606922016, 53.319534716296751 ], [ -3.114010446363818, 53.318639337167859 ], [ -3.11379957473381, 53.318399048642334 ], [ -3.11307088781187, 53.318006462171823 ], [ -3.112445356055771, 53.317808982249687 ], [ -3.110950648060994, 53.316595150876125 ], [ -3.110363299333734, 53.316036319395394 ], [ -3.110177337720309, 53.315967121675698 ], [ -3.109405183440492, 53.315340007715399 ], [ -3.10887516529333, 53.315074227367035 ], [ -3.107982521901766, 53.314723482294546 ], [ -3.107593777147969, 53.31463554144176 ], [ -3.107293029446216, 53.314424670226252 ], [ -3.10592741153137, 53.313073063150661 ], [ -3.105201088340733, 53.3122986906248 ], [ -3.104672949629062, 53.311647634547889 ], [ -3.104027712392232, 53.311017624788839 ], [ -3.103833465335519, 53.310647891318723 ], [ -3.103858934734268, 53.310292529768894 ], [ -3.103633625758138, 53.310367246909543 ], [ -3.103606128981474, 53.310687155928733 ], [ -3.103760482766902, 53.31120880717873 ], [ -3.104448185818037, 53.311998252478183 ], [ -3.106044841392754, 53.313574180712216 ], [ -3.106816017681277, 53.314239327005858 ], [ -3.107616547435737, 53.314858117763535 ], [ -3.108368576534719, 53.315485730624687 ], [ -3.108908593648361, 53.315841806205235 ], [ -3.111705936656121, 53.31799743686306 ], [ -3.111875735257352, 53.318048309828029 ], [ -3.113809692794693, 53.319501402429175 ], [ -3.11425138940329, 53.319901069189832 ], [ -3.114823441376331, 53.320315265917927 ], [ -3.115860224265684, 53.321003390548618 ], [ -3.117141610851777, 53.321747006785387 ], [ -3.117685281820552, 53.322030888065747 ], [ -3.118834231385, 53.322445322182723 ], [ -3.12238207450665, 53.323724931736443 ], [ -3.123580490842508, 53.325090108464771 ], [ -3.130868716635537, 53.329992442483416 ], [ -3.13124800995373, 53.330196227033838 ], [ -3.131770509990707, 53.330368150795394 ], [ -3.133502783753955, 53.331089818884735 ], [ -3.133757481399183, 53.331253895563243 ], [ -3.134652414004765, 53.331568729225062 ], [ -3.137797538178566, 53.333661593183159 ], [ -3.140061369002856, 53.335453875426019 ], [ -3.14187538267907, 53.336950265053993 ], [ -3.142167630282731, 53.337121234107748 ], [ -3.148134426953692, 53.341843753120891 ], [ -3.154469830401374, 53.345370370577463 ], [ -3.155253734443768, 53.345662507188003 ], [ -3.156149708447237, 53.346037875698649 ], [ -3.15639790703359, 53.34608932293321 ], [ -3.157308641703046, 53.345953846454073 ], [ -3.157546378924581, 53.346002706039691 ], [ -3.157948825154691, 53.346324944315597 ], [ -3.158220352025284, 53.34632797923021 ], [ -3.158739260788853, 53.346612680662112 ], [ -3.15917716569548, 53.346912457854913 ], [ -3.160395230035434, 53.347369227291487 ], [ -3.162467680108629, 53.348363233681923 ], [ -3.163184361957543, 53.349002152909222 ], [ -3.163656334585043, 53.349365786017856 ], [ -3.165135311613511, 53.350613123368163 ], [ -3.165503732757628, 53.35095319598345 ], [ -3.166415225772305, 53.351692501034833 ], [ -3.168551579749265, 53.353493978178555 ], [ -3.168875799228658, 53.353675093274035 ], [ -3.169380233850688, 53.353770845316824 ], [ -3.170138497588383, 53.354549551500106 ], [ -3.17046270331062, 53.354921685978965 ], [ -3.170870710187868, 53.355270588338627 ], [ -3.176532619331626, 53.360966556419818 ], [ -3.176935510375358, 53.36137884486925 ], [ -3.17880377317868, 53.361812220449465 ], [ -3.1790447276055, 53.361971204674958 ], [ -3.179241174850049, 53.362090893990406 ], [ -3.181386675575449, 53.363843159831838 ], [ -3.186187254007517, 53.364387392661762 ], [ -3.186492154135881, 53.364805641522359 ], [ -3.18856432814878, 53.366800728139218 ], [ -3.188836416772454, 53.367039630496855 ], [ -3.190561368550942, 53.368243784885571 ], [ -3.193040202993698, 53.370198195239283 ], [ -3.19343850267061, 53.371166400843293 ], [ -3.193779697125834, 53.371865498764166 ], [ -3.194014587012895, 53.372232051857331 ], [ -3.194442781066465, 53.372514602179642 ], [ -3.197055045436248, 53.374471040786332 ], [ -3.197925970205108, 53.374983824007671 ], [ -3.198910564098644, 53.375327729977904 ], [ -3.200124168927337, 53.375888014412425 ], [ -3.200367508400016, 53.376266817323867 ], [ -3.200993219068176, 53.376691997722496 ], [ -3.20116765026981, 53.376742559881151 ], [ -3.201957928254973, 53.376734553639373 ], [ -3.202343774788047, 53.376912668454359 ], [ -3.202308858878504, 53.377681321535633 ], [ -3.20215604246365, 53.378297607592827 ], [ -3.202036731988207, 53.378510487846313 ], [ -3.201928139998283, 53.379103801322856 ], [ -3.201998976398265, 53.379783312261011 ], [ -3.20209992133405, 53.380331708494914 ], [ -3.202289017516719, 53.380831645558295 ], [ -3.202579212397624, 53.381001746486461 ], [ -3.203583658851866, 53.381072821228365 ], [ -3.203916991639641, 53.381187451158802 ], [ -3.204145223694942, 53.382933283952518 ], [ -3.202659541369851, 53.384873727751064 ], [ -3.200587753159122, 53.385574110200523 ], [ -3.200037804251643, 53.385764659647059 ], [ -3.199869299628648, 53.386092093764681 ], [ -3.200045152660207, 53.386470539848418 ], [ -3.200347738090845, 53.386696558804239 ], [ -3.200174753353302, 53.387478826099148 ], [ -3.199760517403805, 53.387449731292335 ], [ -3.199293821966672, 53.387312582405372 ], [ -3.198479789046747, 53.387345929700658 ], [ -3.198205687301854, 53.387196315822784 ], [ -3.197311054132423, 53.387277657426331 ], [ -3.1969135145574, 53.387417830944152 ], [ -3.195731903576325, 53.38793666488106 ], [ -3.19465529477607, 53.388458285472211 ], [ -3.193046353953149, 53.389173485985189 ], [ -3.192023458947589, 53.389823004306749 ], [ -3.191530220576627, 53.390047999716941 ], [ -3.191433793122791, 53.39019741765506 ], [ -3.189179573243052, 53.39162866672573 ], [ -3.188499596583112, 53.391997863150209 ], [ -3.188087667131073, 53.392082866852355 ], [ -3.18773885943023, 53.392355561184694 ], [ -3.187614606421256, 53.392618828437747 ], [ -3.186389112452046, 53.393400194620561 ], [ -3.186038295845548, 53.393473184932063 ], [ -3.185768505099206, 53.39361384816538 ], [ -3.185557200394905, 53.393856854181976 ], [ -3.185164626212706, 53.394098064905698 ], [ -3.183819532394177, 53.394996386866275 ], [ -3.183567008376367, 53.395190807511241 ], [ -3.179926809948716, 53.397501984263521 ], [ -3.176827170169026, 53.399853909694045 ], [ -3.176631327073347, 53.398933666076495 ], [ -3.171730377870301, 53.401128041694683 ], [ -3.169595643590666, 53.400679475498158 ], [ -3.171221176976141, 53.398754328896942 ], [ -3.1688316012526, 53.398008525676147 ], [ -3.165664235952308, 53.397713826445923 ], [ -3.166359663443293, 53.395589434286187 ], [ -3.16169345816135, 53.391571836760633 ], [ -3.15886369785798, 53.391473476134912 ], [ -3.159050811353478, 53.389503004637469 ], [ -3.162897556346659, 53.387803358212075 ], [ -3.154095625667613, 53.381469556902694 ], [ -3.149585704043897, 53.381812471564103 ], [ -3.146000292958696, 53.38154293469708 ], [ -3.141378961795795, 53.382535897850573 ], [ -3.134869375397757, 53.38509352132332 ], [ -3.127674470828792, 53.387485153730424 ], [ -3.125430300920286, 53.386393195791811 ], [ -3.121683740576411, 53.390146296164723 ], [ -3.119172797968286, 53.388259086216323 ], [ -3.110610798125411, 53.388111238854393 ], [ -3.11198260203986, 53.389600984921636 ], [ -3.10733601227281, 53.389122470943171 ], [ -3.104386858704222, 53.390281332085401 ], [ -3.101595409748501, 53.388356582993374 ], [ -3.101229225553821, 53.389991173909586 ], [ -3.098465242378783, 53.391321000019069 ], [ -3.097742268417488, 53.392886752165197 ], [ -3.100376168792953, 53.394754637473362 ], [ -3.08832549909728, 53.397190718289529 ], [ -3.087680120692221, 53.393913905040165 ], [ -3.086711457774768, 53.389208444183858 ], [ -3.085676807089934, 53.38643891020125 ], [ -3.08756474997986, 53.385330033503713 ], [ -3.093763080721968, 53.384201469042374 ], [ -3.095541040749445, 53.381846044622371 ], [ -3.094955281569317, 53.378070230548033 ], [ -3.094309676906256, 53.377553410529522 ], [ -3.096574929979363, 53.376147041333148 ], [ -3.096071644141938, 53.37468823700646 ], [ -3.093912511548309, 53.375535268567241 ], [ -3.091259153793441, 53.374513172080754 ], [ -3.088802448193562, 53.371917325715565 ], [ -3.088574115643303, 53.369636859992433 ], [ -3.085346297313012, 53.370986377933122 ], [ -3.079172407712125, 53.370632868442414 ], [ -3.077606927040974, 53.369814947716591 ], [ -3.072177990224549, 53.369525256868862 ], [ -3.068887934944026, 53.363756401340453 ], [ -3.063545724526509, 53.359617062610901 ], [ -3.067243270949936, 53.349054803324201 ], [ -3.068279822200414, 53.346072022252386 ], [ -3.064759959336, 53.343636051435467 ], [ -3.064789547485665, 53.340667420271743 ], [ -3.055055688974088, 53.344090877341827 ], [ -3.049178965975975, 53.344555400127199 ], [ -3.046832787251868, 53.345603320623553 ], [ -3.043728503887858, 53.345007479585647 ], [ -3.040195781135739, 53.338107956973921 ], [ -3.037791354139995, 53.338241278875437 ], [ -3.035857315905228, 53.336889780930385 ], [ -3.033447966506024, 53.337302847433172 ], [ -3.028200578269955, 53.337112527327328 ], [ -3.024745740759053, 53.338025196065118 ], [ -3.021907910460898, 53.337561318469177 ], [ -3.020024265873153, 53.338673296820701 ], [ -3.013848061665941, 53.340495596713218 ], [ -3.013243142072991, 53.338350779152577 ], [ -3.010659386958484, 53.336661145859921 ], [ -3.008843559826789, 53.335844156224091 ], [ -3.008230125111777, 53.334095646118143 ], [ -3.004389745254488, 53.331236732011526 ], [ -3.000109493745898, 53.331513929928768 ], [ -2.992958375416372, 53.329857845893727 ], [ -2.993667519438868, 53.327746533915011 ], [ -2.996332670138028, 53.326780419902839 ], [ -2.994787180077097, 53.322307721080563 ], [ -2.999241520344181, 53.321921416855893 ], [ -3.001394785408162, 53.323349940619117 ], [ -3.006340289206002, 53.323289434481389 ], [ -3.004012876634893, 53.321431012029294 ], [ -3.005043683393255, 53.320451830851816 ], [ -3.007844049175328, 53.32051049655302 ], [ -3.010856497009581, 53.322313056653613 ], [ -3.009688355899262, 53.31788902066647 ], [ -3.015171930202555, 53.319123777868256 ], [ -3.016882048160086, 53.317707554557543 ], [ -3.015474648747227, 53.315966650454449 ], [ -3.011949213508962, 53.315421328376722 ], [ -3.007184243198526, 53.317052782475862 ], [ -3.003419257110282, 53.317812668107997 ], [ -2.995011839987319, 53.317914404399922 ], [ -2.994130524307594, 53.316685081727634 ], [ -2.989542424218806, 53.312678946688557 ], [ -2.991997113535596, 53.311880432540008 ], [ -2.990121435698416, 53.306612580270794 ], [ -2.992737806339291, 53.307108887220174 ], [ -2.995333748285019, 53.305621158107705 ], [ -3.005374069206216, 53.301413375421696 ], [ -3.010987296426635, 53.30013715681136 ], [ -3.012782479601029, 53.298949727307352 ], [ -3.018507753026318, 53.299993970718077 ], [ -3.021944179657379, 53.298412221031562 ], [ -3.023983679184024, 53.299385234871281 ], [ -3.026139451059692, 53.297748697645773 ], [ -3.029698076092455, 53.298971130571459 ], [ -3.031301206007194, 53.298499702925 ], [ -3.036177891035317, 53.300731663637286 ], [ -3.038490788207887, 53.305143179226647 ], [ -3.041656368248636, 53.305182986553618 ], [ -3.042360497769562, 53.306481101240948 ], [ -3.045919495372459, 53.307376941317735 ], [ -3.048164004019331, 53.309611536711586 ], [ -3.048390761012674, 53.310960664238969 ], [ -3.05965914199467, 53.309003741930773 ], [ -3.063863113673797, 53.311943543767079 ], [ -3.068271384475505, 53.314194536678563 ], [ -3.072598004938473, 53.31583668781586 ], [ -3.074165374845859, 53.316380949968348 ], [ -3.076391380302203, 53.314448154626568 ], [ -3.078151693757475, 53.315061780921802 ], [ -3.080975907489248, 53.31192013079373 ], [ -3.089132704963373, 53.308350835933197 ], [ -3.109153937741181, 53.297207000534051 ], [ -3.109367525475582, 53.297086087502556 ], [ -3.112669028685874, 53.295216952740532 ], [ -3.115047975502972, 53.296783570783639 ], [ -3.11459557243704, 53.296907237653919 ], [ -3.113948474983405, 53.296907196278781 ], [ -3.113735812012907, 53.29699637683855 ], [ -3.113559430312447, 53.297277649450209 ], [ -3.114129600574251, 53.29791100599693 ], [ -3.114043945033679, 53.298083049548573 ], [ -3.113767229724574, 53.298177188056947 ], [ -3.113250528435294, 53.298239164206592 ], [ -3.112819873956882, 53.298191305870532 ], [ -3.112447404948791, 53.298069389988783 ], [ -3.112418504626979, 53.298235608486834 ], [ -3.113209206460427, 53.298306716866051 ], [ -3.113815879011966, 53.298278221512739 ], [ -3.114148844678368, 53.298166657915864 ], [ -3.114280705822687, 53.297985625020402 ], [ -3.114121852676159, 53.297617977614046 ], [ -3.113802716249421, 53.297314624912261 ], [ -3.113737234603809, 53.297117357746359 ], [ -3.113994584369299, 53.296998886689778 ], [ -3.114805739974669, 53.297048390327532 ], [ -3.115447499394584, 53.296791437611809 ], [ -3.118543524248097, 53.29685235443165 ], [ -3.123828183350446, 53.2960006561296 ], [ -3.124000787350083, 53.296233778486922 ], [ -3.123913774017051, 53.296548544684114 ], [ -3.123602851743177, 53.296772668695105 ], [ -3.123128942344124, 53.296958359897246 ], [ -3.122316875692323, 53.297147229521897 ], [ -3.122014162367362, 53.297169249582403 ], [ -3.121647582730966, 53.297421803006614 ], [ -3.121523522931023, 53.297700689143959 ], [ -3.121204101028983, 53.297951117047184 ], [ -3.120641452703417, 53.298114808346419 ], [ -3.119283540322863, 53.29820032677133 ], [ -3.118951737685215, 53.298264797966574 ], [ -3.118569585844816, 53.298499563394671 ], [ -3.118336597044572, 53.298881332110021 ], [ -3.118168747684201, 53.299363222642647 ], [ -3.117812146095301, 53.299694785081151 ], [ -3.118014394531494, 53.299738644691075 ], [ -3.118362756825596, 53.29936563880684 ], [ -3.118638407333542, 53.298670944006432 ], [ -3.119031709959692, 53.298377095916067 ], [ -3.119375521364149, 53.29831679071814 ], [ -3.120440005873592, 53.298335343090997 ], [ -3.121060176651849, 53.298215357148209 ], [ -3.121464758348713, 53.298049823219678 ], [ -3.122152511968139, 53.297479684234588 ], [ -3.122619896228359, 53.297287397362723 ], [ -3.123400417961892, 53.297257220746317 ], [ -3.123915176616406, 53.297085409627805 ], [ -3.124109557439003, 53.296868099631212 ], [ -3.124481621217737, 53.296198461285407 ], [ -3.124910118287394, 53.295826253860696 ], [ -3.127436109120282, 53.294353292042643 ], [ -3.131966513723759, 53.295288521495699 ], [ -3.131629661981738, 53.296587343817201 ], [ -3.132063928345115, 53.296825816357725 ], [ -3.132447335444857, 53.29682217903904 ], [ -3.132491635044097, 53.296965891132267 ], [ -3.132119441357794, 53.297303352081471 ], [ -3.132953714063017, 53.297295075974397 ], [ -3.133268329216816, 53.297182088490217 ], [ -3.133619407942842, 53.296946860609715 ], [ -3.134088122595505, 53.296844299844437 ], [ -3.134461715623715, 53.296897237289407 ], [ -3.135218331300782, 53.296797877192859 ], [ -3.135551996495821, 53.296842273865806 ], [ -3.136021193448248, 53.296757535603369 ], [ -3.136383516179573, 53.29676003729017 ], [ -3.137102432545872, 53.299717560028327 ], [ -3.137190561621842, 53.299986431590291 ], [ -3.137776565789883, 53.300613019573184 ], [ -3.137919227772059, 53.300961284439431 ], [ -3.138243014750333, 53.301402001553129 ], [ -3.138150974067547, 53.301524179121955 ], [ -3.137685742079706, 53.301408743833022 ], [ -3.136588271875016, 53.300898330913398 ], [ -3.136540035018172, 53.300965867430669 ], [ -3.13743454717866, 53.301458232124048 ], [ -3.138009749106494, 53.301678224737664 ], [ -3.138349506814879, 53.301733486429555 ], [ -3.138585654972187, 53.301923889934642 ], [ -3.138535115993345, 53.302084199479289 ], [ -3.138746318448153, 53.302232016200932 ], [ -3.139183375059133, 53.302388640686388 ], [ -3.139737752280579, 53.30310017150898 ], [ -3.137789473791455, 53.303813707179252 ], [ -3.138042249069156, 53.303899056236624 ], [ -3.138292946541312, 53.304169785104925 ], [ -3.138821360098334, 53.304532203926279 ], [ -3.139045546586668, 53.304541481021381 ], [ -3.139380213613551, 53.304404626966466 ], [ -3.139918874475739, 53.304532667436902 ], [ -3.140301292499939, 53.306516348725758 ] ] ] ] } },
{ "type": "Feature", "properties": { "Neighbourhood_Boundary": "Widnes" }, "geometry": { "type": "Polygon", "coordinates": [ [ [ -2.713822833218884, 53.357515481094644 ], [ -2.728483327062113, 53.354495216663892 ], [ -2.733072282012702, 53.347965453245898 ], [ -2.758727824966965, 53.349685512042761 ], [ -2.759850552565765, 53.350888827882116 ], [ -2.762050496698313, 53.353246454069172 ], [ -2.759730684422459, 53.350340626402634 ], [ -2.759132520247199, 53.349591287210622 ], [ -2.759531020219952, 53.349427457451334 ], [ -2.76038583939058, 53.349076019302366 ], [ -2.768978892822377, 53.345542531015511 ], [ -2.77724833595423, 53.335538489716285 ], [ -2.778278459978395, 53.33259755715202 ], [ -2.784287467222339, 53.336415370602509 ], [ -2.777707873692179, 53.329218793025191 ], [ -2.789806222373595, 53.322340983773302 ], [ -2.819055117208594, 53.332962743651969 ], [ -2.825653692400943, 53.331816119624015 ], [ -2.832339308829041, 53.337270460286192 ], [ -2.818731556492854, 53.339787593575821 ], [ -2.818806816143491, 53.347984932283687 ], [ -2.809064006965299, 53.355065490308576 ], [ -2.787300974204846, 53.356274432500307 ], [ -2.784822207424695, 53.360706984857963 ], [ -2.784758374771676, 53.36077594115639 ], [ -2.781283386923808, 53.371674544580358 ], [ -2.781281380592097, 53.371676854364793 ], [ -2.772077927561598, 53.382948545637568 ], [ -2.757653757319793, 53.380721820154278 ], [ -2.760270510356681, 53.384319623781586 ], [ -2.748141569643606, 53.388485273799141 ], [ -2.750647874060128, 53.39377203654243 ], [ -2.743395592248041, 53.395269058849792 ], [ -2.745174871984418, 53.402079571903833 ], [ -2.73444812821998, 53.400530785088328 ], [ -2.730944566729776, 53.399976931416461 ], [ -2.715226809058371, 53.399018757650737 ], [ -2.712803208604056, 53.390609868085342 ], [ -2.705041699269098, 53.386729629684297 ], [ -2.690632396080278, 53.385372137576731 ], [ -2.690588664776893, 53.385244391490005 ], [ -2.697724292606019, 53.37929674188927 ], [ -2.692302918666408, 53.361512692254202 ], [ -2.693180973015792, 53.361747480281622 ], [ -2.693378056647711, 53.361800178963612 ], [ -2.705650648010612, 53.361456775016542 ], [ -2.712413330713819, 53.357805740240345 ], [ -2.713146958127491, 53.357654667090713 ], [ -2.713822833218884, 53.357515481094644 ] ] ] } },
{ "type": "Feature", "properties": { "Neighbourhood_Boundary": "Winsford" }, "geometry": { "type": "Polygon", "coordinates": [ [ [ -2.520566464944895, 53.160393789584965 ], [ -2.526865916751659, 53.152822483408727 ], [ -2.542251550346877, 53.149744723238342 ], [ -2.559680740869672, 53.161867598437688 ], [ -2.56676035148548, 53.162591845574653 ], [ -2.565005836138047, 53.174883685025797 ], [ -2.583117322891062, 53.198892336691777 ], [ -2.602172691298688, 53.199684750600305 ], [ -2.625339355908466, 53.206742210265546 ], [ -2.614401640515332, 53.221143689841007 ], [ -2.609878055664865, 53.218479280164487 ], [ -2.607551827657383, 53.220565856449703 ], [ -2.583183940353016, 53.224953742552451 ], [ -2.573895236971381, 53.229398038944524 ], [ -2.566431541502216, 53.227537094196506 ], [ -2.574548970671604, 53.233694326153433 ], [ -2.575240455813957, 53.235746386251442 ], [ -2.555056232566809, 53.238429528259076 ], [ -2.53802774646276, 53.231257992263806 ], [ -2.540166728451211, 53.227788476892492 ], [ -2.517354842483135, 53.208695658700137 ], [ -2.510928726238849, 53.211480326547452 ], [ -2.504405708097455, 53.21055530286182 ], [ -2.498023791410044, 53.207306625636932 ], [ -2.490544761469874, 53.20792824735188 ], [ -2.480088765351826, 53.201852033345254 ], [ -2.468483706705878, 53.204050213554595 ], [ -2.460257535993477, 53.199065558658248 ], [ -2.457334341800543, 53.176600787473738 ], [ -2.441985683831434, 53.168790708059461 ], [ -2.443255074840549, 53.160178168897744 ], [ -2.454660834208024, 53.160921644745997 ], [ -2.456466243071681, 53.15685170109343 ], [ -2.46907470013755, 53.152746026527097 ], [ -2.486181241878818, 53.160140899617865 ], [ -2.485025812637059, 53.162721934665981 ], [ -2.496195458514488, 53.164266054996318 ], [ -2.506280122323457, 53.158970390154963 ], [ -2.520566464944895, 53.160393789584965 ] ] ] } }
]
}
